state,year,re_share_pct,gas_share_pct,coal_share_pct
AK,1990,2.6972915110725837,61.90297858418225,9.1181793536787
AK,1991,2.6045543568366187,61.58628809676301,9.657339714736722
AK,1992,2.7976054766473957,60.66577533243848,9.35740514537908
AK,1993,1.8514398096788531,55.788489178202695,9.3182518518156
AK,1994,2.5881770869297926,57.004372400912025,8.428134609879534
AK,1995,2.073209344128125,56.08210993615125,8.7772953590671
AK,1996,1.874710796013374,57.90146081869284,6.995326398311473
AK,1997,0.7728705522655559,60.24088007386699,7.19273769112376
AK,1998,0.026386016440649907,57.522459423779495,9.000290795174687
AK,1999,0.0,61.83875450941246,9.020014104732116
AK,2000,0.0,64.57915788533305,8.749627427810331
AK,2001,0.014087084279021543,57.76548296604597,8.372072815100642
AK,2002,0.17961306720158998,55.82947471859265,8.50096603901837
AK,2003,0.09113810143732216,52.92039480451295,8.671513482507226
AK,2004,0.1412195442210839,55.516931406708764,9.943437106281765
AK,2005,0.08887491353892607,56.61880903358377,9.4929355467571
AK,2006,0.11166886443417838,60.79727643640126,9.250835718514152
AK,2007,0.16462915487044286,56.69721077457504,9.402904861647007
AK,2008,0.07011241899063504,59.07852502363895,9.120474390959247
AK,2009,0.2019946109902794,53.376874526551816,9.408789018583414
AK,2010,0.2797660681675892,55.47720744614751,9.17872659468582
AK,2011,0.22896907176599285,56.853645578367264,9.552934617853861
AK,2012,0.5752172450294173,51.91217230057674,9.860605874767993
AK,2013,3.0371923524131104,52.65660055891576,9.61425054605624
AK,2014,3.549148329507863,54.41195598750917,9.238916203169707
AK,2015,3.414290389863892,49.16060415561842,10.621411161321108
AK,2016,3.3514895105535345,47.994801606431786,9.37862369799436
AK,2017,2.851096104235097,49.78660911807773,8.552672688091018
AK,2018,3.209180071130857,47.18637107296059,10.061275492572141
AK,2019,2.9672650075121365,44.260574684603114,11.251402811767658
AK,2020,2.670271257230013,42.07416273012046,11.499972675597524
AK,2021,2.58168130169753,46.77806452512789,11.414717628655005
AK,2022,2.6905968932772124,48.24192187541081,10.85927846016688
AK,2023,2.2378225095175894,47.37257966678203,10.876749543192924
AK,2024,2.602792673678194,46.84527597763159,11.244844560336691
AL,1990,2.6959102275390414,1.28146474118904,67.3655719929057
AL,1991,2.5317781018606724,1.3768967780863177,65.57615015200714
AL,1992,2.6215762615748326,1.4659226891721986,64.22118149674915
AL,1993,3.3734793027161802,1.2693941338834125,67.78574318877128
AL,1994,3.701612169878849,1.2385681561667248,62.82393865118263
AL,1995,3.618171821664939,1.4577367069595228,65.64126833885472
AL,1996,3.363134188823383,1.551159830194569,60.99424504612391
AL,1997,2.7976767259316975,1.764745563103119,60.316138052250814
AL,1998,3.520810264293245,3.1300112525120007,60.01898931793509
AL,1999,3.5612777615131916,2.775247935669283,61.127341532696
AL,2000,3.27651931982984,4.041796758885109,62.31060017198619
AL,2001,3.3422635312475246,7.66897230369085,57.599464607766556
AL,2002,2.818142580834117,11.965080374632478,54.19899252689593
AL,2003,2.6714177118219755,8.90526248322917,55.78437754746401
AL,2004,2.751439190998324,11.631935959472424,54.480542215748734
AL,2005,2.643595152312585,10.054072973755344,56.63592654135384
AL,2006,2.7569820374812553,13.774201537152646,55.43732816734645
AL,2007,2.6425075012895247,16.152665183122213,54.22775648546155
AL,2008,2.3015811453076043,15.330729483283717,51.14465051201963
AL,2009,2.12896245364473,22.07040612093258,38.81784801421594
AL,2010,1.5622596130337043,25.78697664849133,41.43949972379981
AL,2011,1.8016349788787973,30.49846164109911,36.335960173888004
AL,2012,1.8161812063693272,36.4373875317402,29.83209798346778
AL,2013,1.9097579739327244,30.93941729743867,31.247639166352837
AL,2014,1.8608629181349645,32.32217056374554,31.673687169290446
AL,2015,2.1572268529950995,36.62473724717299,27.15839964954288
AL,2016,2.3643675126732715,40.596676767395984,24.060387274516607
AL,2017,2.5766208156725736,37.855140151860205,22.463165415454302
AL,2018,2.6221450435885663,40.5358004606075,21.90676923327645
AL,2019,2.62294005611867,40.08802726318656,18.681787164096733
AL,2020,2.6719389930641864,40.15320044961672,15.79784687569869
AL,2021,2.6659785769728765,38.14657375400686,18.846970781106275
AL,2022,2.8211542442002093,42.97114489299949,17.91849461823014
AL,2023,3.135114322184118,44.35641131767114,13.756916474873014
AL,2024,3.164208314600402,45.19885347183164,14.648746061606417
AR,1990,3.2057439567537243,9.152454713217256,49.12565852978847
AR,1991,3.4206259468959916,8.179051051918607,48.32499590910428
AR,1992,3.69242004391827,8.621303508487538,50.55489593809466
AR,1993,3.9501806652635914,6.674940357277059,44.671924158269555
AR,1994,3.7278870449352244,7.435563369257265,47.23079581847685
AR,1995,3.7185045452110934,9.314166119159951,51.356596793564336
AR,1996,3.4405722624598924,8.2412347703783,52.9796422666653
AR,1997,3.509826612617716,6.635859944770941,50.47256691212915
AR,1998,3.500445557120055,9.869811216179217,50.761088818838616
AR,1999,3.3633222744051796,9.757704928040567,52.9897309011811
AR,2000,3.6330670557409754,8.803285622409419,55.08211298236936
AR,2001,3.203924136774352,5.735925564557663,52.47595489365949
AR,2002,3.329576199268057,9.667714694587847,48.514118762332195
AR,2003,3.6584280172768446,14.485518877851497,46.634231264114646
AR,2004,3.4863500034047386,9.761207674557546,48.82480102308536
AR,2005,3.6312183895434513,12.56558572450237,48.200398920302746
AR,2006,3.3023726888513982,17.793016629146408,46.35547485242253
AR,2007,2.974095137254517,15.320197165240476,47.153763493878955
AR,2008,2.7480808176808043,15.369649133973793,47.43760859114739
AR,2009,2.7595081665152192,19.529854803371222,43.64120558241945
AR,2010,2.662193565478531,20.441047842723755,46.15140921293927
AR,2011,2.7201316376377362,21.11760267649537,47.98463194277306
AR,2012,2.554192266097125,26.332181321145516,43.736071793605475
AR,2013,2.653758396262439,20.12413056779255,52.86458403606665
AR,2014,2.484435635022698,15.608661215960083,53.93668188522181
AR,2015,2.5952103034610077,26.7574496987262,39.12933192904722
AR,2016,2.3094857099899597,30.062319899464406,39.37471547508954
AR,2017,2.4145977531367393,28.489195332518438,43.25025352439718
AR,2018,2.30752640113394,30.329266961249868,44.11233359988489
AR,2019,2.397390632556593,33.78556935785228,36.17652483598736
AR,2020,2.2054341756656815,33.504584877885044,28.22225966645461
AR,2021,2.161838837888036,33.76286586129495,35.05540615764945
AR,2022,2.394040333491996,39.50750496585769,30.894256477843953
AR,2023,2.3909843030802422,41.913435904849585,26.654424473255254
AR,2024,5.07185410325654,40.1759977709057,25.446413570176986
AZ,1990,0.17186652046457804,3.7179229581814353,50.84184375652984
AZ,1991,0.15890468205589398,3.312951616970612,48.4471906431052
AZ,1992,0.19620928330665377,4.217221823332215,49.34903224931334
AZ,1993,0.1502125356435102,2.828359397640269,54.436610175591035
AZ,1994,0.15973560167850484,3.4524951700502635,53.30284096242226
AZ,1995,0.13015158767066748,3.1426160659718265,45.788519698767594
AZ,1996,0.10710375400018461,3.00940266152096,43.30838018456763
AZ,1997,0.10297468322313169,3.151035455666462,43.74089504371698
AZ,1998,0.0,4.784944947730845,44.53790722054547
AZ,1999,0.005702490237197251,6.001018700294003,45.65945431578801
AZ,2000,0.005152531052431618,9.820275602061674,46.0873598317336
AZ,2001,0.043862131101871184,14.316558662411094,44.55669807451951
AZ,2002,0.057159298551031704,18.37109204037672,40.60974656498696
AZ,2003,0.047956370455434986,20.056567308660608,40.352685528142665
AZ,2004,0.04615635782526329,27.031200360911484,38.07285639016809
AZ,2005,0.07291681263332483,28.472010478183915,39.55859919072242
AZ,2006,0.05131305949406647,31.48601497609101,38.74113959573812
AZ,2007,0.03673781863698537,33.941143260023274,36.41698319680871
AZ,2008,0.09514296650239631,32.498491618542275,36.69894849095388
AZ,2009,0.18069013251169386,31.025080098686047,35.46161804927604
AZ,2010,0.2853729476339071,26.555425382173684,39.05452639658379
AZ,2011,0.48960472846213604,21.505315911840963,40.41817566850669
AZ,2012,1.5307263800942994,27.31618199267023,36.17119802558215
AZ,2013,2.4113125890706346,26.19401984163383,38.37811370460634
AZ,2014,3.421042431786572,24.267380760218053,38.006485054716364
AZ,2015,3.6549373757137578,29.747651377143182,31.96616080345302
AZ,2016,4.157449070965008,31.42858038641272,27.953685065651054
AZ,2017,5.369004475267842,27.954847044827265,29.66047661085292
AZ,2018,5.262501158810213,33.207976037984814,27.46891529574445
AZ,2019,5.339457424025526,40.5843774446677,20.446999311425525
AZ,2020,6.133692423764072,46.454913792323445,12.57695972840488
AZ,2021,7.846178182843419,44.24593815622208,13.167554013816355
AZ,2022,8.441066448792098,43.031301809047946,12.845869740994958
AZ,2023,8.373219632954363,47.22648421205333,10.791031293486721
AZ,2024,11.674524109408065,47.480467632091425,8.458984860796168
CA,1990,14.40824990892265,44.73767150905152,1.5910235834553554
CA,1991,15.575384251375054,46.56008674856592,1.6561547984461449
CA,1992,14.15167962732664,50.071720905873974,1.8624941159730224
CA,1993,13.449770924900081,42.5925961578334,1.6738543525616645
CA,1994,13.107018657961502,50.717433920130325,1.7571598984620127
CA,1995,11.24743096182716,39.99644920017206,1.5357614296322253
CA,1996,12.095767118350752,36.75282519655409,1.4428504913102012
CA,1997,12.607145371438763,41.08972928703088,1.3495384585647734
CA,1998,11.417987019520908,39.626430504958144,1.1387457597336161
CA,1999,12.013119340450974,45.18862208771964,1.2192499328653241
CA,2000,10.814779156590514,49.60483530946716,1.1358990751758762
CA,2001,10.89126056494319,56.36177401794069,1.1243177892614444
CA,2002,12.706680452162782,48.65318327860224,1.2636711406883157
CA,2003,12.212923940261968,47.42614890463771,1.2066614415290302
CA,2004,12.30663071745608,51.45397388766439,1.148887935849588
CA,2005,11.809832342565572,46.608685190100026,1.0661265947139453
CA,2006,11.031153011405678,48.75080978349832,1.0310680477918759
CA,2007,11.783515315738908,54.873985013847516,1.0900319506155491
CA,2008,11.916255894802964,57.69270004817624,1.0964295890021256
CA,2009,12.471991608865823,55.40853511189478,1.001067350954749
CA,2010,12.467677497926326,52.674586189573205,1.028886646826986
CA,2011,13.556657859339888,44.30860811479769,0.987118819207472
CA,2012,15.019577601517156,59.97854274885605,0.6892005193682049
CA,2013,17.781959864610926,59.73839612641651,0.41142684487599795
CA,2014,21.08407996550555,60.574355142178604,0.4047933333260231
CA,2015,23.07782494027138,59.042872966934894,0.15143271872176498
CA,2016,25.239364619429065,49.28517439157358,0.1618962200632235
CA,2017,26.458815312526255,42.85794298152596,0.1412063613783051
CA,2018,29.99626410039395,45.94398479388996,0.14392708758354755
CA,2019,29.2001320380856,42.54087946348863,0.11916492730025587
CA,2020,31.5257126245828,47.67194885185887,0.15034477020171844
CA,2021,33.770952350970255,49.41396273233054,0.14919171346678353
CA,2022,34.37622682118768,47.384073850069626,0.1236897577372623
CA,2023,32.93571798707554,43.57230210323609,0.09641469870152765
CA,2024,37.04646372258589,40.45712473876692,0.11464233367408623
CO,1990,0.08906810520924906,3.9636443596278212,91.60276104366928
CO,1991,0.1820207314658037,4.067500633400092,90.1379149226958
CO,1992,0.08461506348157062,4.0461576027263755,90.84638189736808
CO,1993,0.10060693892903551,4.41254358950126,89.66458794919409
CO,1994,0.07983302774429119,6.509446295880184,88.73741157942418
CO,1995,0.09239908972156569,8.020802513749382,85.61215618259408
CO,1996,0.08908549234517478,8.615755131759501,86.66792954588048
CO,1997,0.08649252105880893,8.692745427177497,85.68232113643914
CO,1998,0.07900659754856049,10.123857417974683,85.79348777722747
CO,1999,0.08039211677514153,12.568879334094577,83.18824022132073
CO,2000,0.04056102917871773,16.205931202571342,80.11045306674121
CO,2001,0.2407265875617976,20.03538399029849,76.69388699147167
CO,2002,0.37026000743677884,19.7991517089723,77.60515327194146
CO,2003,0.38307873942492005,19.791224564661654,77.47342818800446
CO,2004,0.532951133051506,22.451660861577558,74.88775941052393
CO,2005,1.6336457241588889,24.03080301964496,71.68985301600304
CO,2006,1.7677655130138055,23.508927400462102,71.53965139656509
CO,2007,2.457597174062559,27.851232626440865,66.66186399471154
CO,2008,6.145870199904591,25.237785759159802,65.16936040493104
CO,2009,6.419285846729435,27.370245100893186,62.563882906822364
CO,2010,7.00803922777862,21.81013853253711,68.13633746097655
CO,2011,10.434343994934418,19.805166981528888,66.01788895909802
CO,2012,11.781715522821724,20.02493459397309,65.68338450314832
CO,2013,14.236396456399508,20.229171126093554,63.666545688574516
CO,2014,14.387673340354906,22.19942115667416,60.43905083897666
CO,2015,14.901216815343753,22.223833122074506,60.20050129905522
CO,2016,18.59959704864965,23.29987717407763,55.034016018087975
CO,2017,19.38007319738232,23.27509385353637,54.309142919948634
CO,2018,19.80988287730974,29.60740330651207,47.632844228441485
CO,2019,21.713047599678042,30.347539359676766,44.944127500761745
CO,2020,27.822969489925818,33.57910802235631,35.9944581735371
CO,2021,29.952823151192383,25.61605280310843,41.5247651273947
CO,2022,33.550709772648545,26.610027918643592,37.42505794181101
CO,2023,34.47971201555519,29.925694433981022,32.6504270753538
CO,2024,38.48497565282182,30.48859071748472,28.024094875378825
CT,1990,3.053752687941676,3.5606743253603903,10.227387083830491
CT,1991,4.300195731934945,5.813836548984008,13.438985944428316
CT,1992,4.577589281985309,5.038532927920557,12.727902618773916
CT,1993,4.2440085351881285,4.208405212280251,10.668580715253972
CT,1994,4.71504189834432,6.089323115360293,11.619313140350577
CT,1995,6.087349107797965,9.593283246804795,12.256919285770662
CT,1996,10.255940732056239,9.644275967451634,19.50549882793857
CT,1997,11.861851599424204,14.68439651747413,23.5321595233938
CT,1998,10.466850353441984,11.464179555312517,15.317513777015982
CT,1999,7.3643546932957555,12.594348519898906,5.19660209299624
CT,2000,6.531069775540023,12.321287252897317,9.664333768002919
CT,2001,2.9809929248465252,13.408138351676774,12.252223190023589
CT,2002,2.6231683921344615,28.32361780612885,10.306855188231413
CT,2003,2.659873650577677,17.13184780530072,14.216584504003208
CT,2004,2.3222183843011432,24.845109649595898,13.039005916881253
CT,2005,2.245426768792027,26.420145582617955,11.912137519248654
CT,2006,2.2009278889614983,30.2305542029384,12.345160576736989
CT,2007,2.2002212822571527,29.934269203151445,11.270988042672789
CT,2008,2.412123353798338,26.53729645364127,14.425136535578897
CT,2009,2.4313420573627913,31.4339589072974,7.86220453087849
CT,2010,2.2178961363371332,35.12984839438815,7.809380633778079
CT,2011,1.9549691128838051,45.00828557481462,1.5581659580088312
CT,2012,1.8454327902251604,45.78708064978061,1.8076699788889299
CT,2013,1.8311577542982695,44.313247028021785,1.9113660297827961
CT,2014,2.2830016230671517,43.60220245402052,2.4495901948452623
CT,2015,2.1481015180372505,46.335790742945235,1.602506091305343
CT,2016,2.447710140352954,49.18683569081579,0.48599100846764737
CT,2017,2.4447196676505225,46.180646312635595,0.5714520649947773
CT,2018,2.2137930698863313,50.70888674358142,0.8356687377602909
CT,2019,2.2472837603799527,53.29107303219038,0.1324642937916813
CT,2020,2.446258818644228,57.14126281130546,-0.046326135019440856
CT,2021,2.3475529448847063,55.55565713866735,0.5550075234897649
CT,2022,2.1824588641374194,56.97642633283302,0.0
CT,2023,2.5120653606619596,61.35780387640731,0.0
CT,2024,2.31844562901635,58.166938522850884,0.0
DC,1990,0.0,0.0,0.0
DC,1991,0.0,0.0,0.0
DC,1992,0.0,0.0,0.0
DC,1993,0.0,0.0,0.0
DC,1994,0.0,0.0,0.0
DC,1995,0.0,0.0,0.0
DC,1996,0.0,0.0,0.0
DC,1997,0.0,0.0,0.0
DC,1998,0.0,0.0,0.0
DC,1999,0.0,0.0,0.0
DC,2000,0.0,0.0,0.0
DC,2001,0.0,0.0,0.0
DC,2002,0.0,0.0,0.0
DC,2003,0.0,0.0,0.0
DC,2004,0.0,0.0,0.0
DC,2005,0.0,0.0,0.0
DC,2006,0.0,0.0,0.0
DC,2007,0.0,0.0,0.0
DC,2008,0.0,0.0,0.0
DC,2009,0.0,0.0,0.0
DC,2010,0.0,0.0,0.0
DC,2011,0.0,35.444594212211484,0.0
DC,2012,0.0,86.90710017134022,0.0
DC,2013,0.0,100.0,0.0
DC,2014,0.0,100.0,0.0
DC,2015,57.672558139534885,42.14511627906977,0.0
DC,2016,69.00515207783037,29.685906321102596,0.0
DC,2017,70.53431233270027,29.465687667299726,0.0
DC,2018,71.29747513582332,28.702524864176677,0.0
DC,2019,36.74000459558823,63.25999540441177,0.0
DC,2020,33.58809372265097,66.4014639191662,0.0
DC,2021,35.04957342693782,64.93195200401703,0.0
DC,2022,49.89297103665196,50.09579560276341,0.0
DC,2023,48.063070925699655,51.905509978472104,0.0
DC,2024,46.777958813002485,53.20387830871551,0.0
DE,1990,0.0,9.730523496779952,65.21046993559905
DE,1991,0.0,14.164548389845947,61.50392721122839
DE,1992,0.0,8.991256800087625,57.3269991130087
DE,1993,0.0,11.413024192475227,59.6008618624746
DE,1994,0.0,23.08075078145009,53.621397670015504
DE,1995,0.0,35.26642847645762,49.14263370411754
DE,1996,0.0,30.683027255563843,49.81409910430339
DE,1997,0.0,25.319817490431124,55.38953581345312
DE,1998,0.0,18.510636601563945,56.622872661567555
DE,1999,0.0,32.73316930682405,41.372145286349244
DE,2000,0.31462470423557537,14.037826781379923,68.68191489166257
DE,2001,0.0,23.142760445402576,49.48095416884802
DE,2002,0.0,24.038078203891754,57.70214655953555
DE,2003,0.0,19.801449808428703,54.46888087543138
DE,2004,0.0,21.875213622771053,60.38830111642045
DE,2005,0.0,19.551449702134857,59.39659079847916
DE,2006,0.005806037415664522,16.30101394019837,69.18251410887977
DE,2007,0.5638045582208824,22.28670813997811,65.87432182863158
DE,2008,2.1714313663543305,18.434857524197422,70.00302638054855
DE,2009,2.594430765436699,28.428856549011137,58.82751086787469
DE,2010,2.455680839853971,50.90909252449293,45.6384508973114
DE,2011,2.3950197951659944,71.79406881872445,22.078192286516327
DE,2012,1.5179018390042547,78.93176431779955,16.47849692147996
DE,2013,1.372682747442584,76.42564220645106,19.903983720362987
DE,2014,1.7015456701711826,81.74711926293008,11.233524551689188
DE,2015,1.663711910080479,85.64995980796942,7.66437311315766
DE,2016,1.4246968450490713,89.19065642408353,5.490043190783095
DE,2017,1.575045064178434,89.69062867864038,4.786528131893698
DE,2018,1.8282888753147912,86.53201496512219,4.380765831218701
DE,2019,2.2908648753703025,91.39876901146287,2.265268407302562
DE,2020,2.5241999995389377,92.56003221287547,1.9647779255738111
DE,2021,3.1502678434963345,86.73852983629283,6.427895490166838
DE,2022,2.773506745008355,89.4746409914908,1.9732987715626453
DE,2023,4.72990799149801,91.83960215076972,-0.13616763749148952
DE,2024,4.377781185744659,87.63242799026173,2.9978879866111354
FL,1990,2.9027641767532835,14.176670014915985,45.70273019718484
FL,1991,3.117252339854377,14.172485476254568,44.480674763406554
FL,1992,3.6247013198753018,13.854508153636075,43.61587084812222
FL,1993,3.597993462378532,13.660391808146155,41.556602980043536
FL,1994,3.5344511391646725,16.536484704854626,40.13049239059753
FL,1995,3.333022089644729,25.53851828205048,39.280881452638965
FL,1996,3.5005256248833825,23.481880496994656,42.40764649184173
FL,1997,3.5382653168725575,23.700681533131473,42.160934787107905
FL,1998,2.8831729932272596,20.525970089510995,37.06154938456775
FL,1999,2.9929805940856813,23.0514612073796,36.11486153201106
FL,2000,2.9665673074757537,22.52309663268685,37.922743502309295
FL,2001,1.9847339142241667,22.81794574682062,35.73155363243631
FL,2002,1.8390602242826537,31.061309588718423,32.41971642629416
FL,2003,2.10436422017776,32.12145029238534,31.83038262483322
FL,2004,2.0638243913631897,35.108058609469275,29.737020975185498
FL,2005,1.9646174931788138,37.95358066579238,28.382965305000972
FL,2006,1.9354894416608495,42.98790756023171,29.23926794702417
FL,2007,1.908833381259525,44.49868523121201,30.125677380750954
FL,2008,1.9590831988833493,47.06092718935675,29.5139091843882
FL,2009,1.9914136444932715,54.28816473005645,24.777471959599527
FL,2010,1.9584476695319801,56.14863965176859,26.14513129619694
FL,2011,2.1046677186059837,61.45435248039752,23.4304787197075
FL,2012,2.046077367901174,67.70794085700349,20.03037764531534
FL,2013,2.094769851682805,62.485180253163925,20.83758045257787
FL,2014,2.205546305254492,60.880159795188455,22.63047060082624
FL,2015,2.1664508476261246,65.63431357083681,18.07149369342953
FL,2016,2.0427587848090853,66.52145336554715,16.548775372000968
FL,2017,2.468661613229459,67.57361918321743,15.734332121557394
FL,2018,3.069178522913842,70.36674801911067,12.393837783173433
FL,2019,3.4000242301122072,74.10596881391972,8.651422026849497
FL,2020,4.200086689753236,75.5181294717656,6.617180418666433
FL,2021,5.355473207285465,73.66466427315065,7.416008960973919
FL,2022,5.927932037110435,74.66291508763398,5.998822210113441
FL,2023,6.614046313430527,75.90142880517031,4.5002028727420775
FL,2024,8.122122746512018,76.84798215789256,2.9484212107087218
GA,1990,3.002131541674912,0.8084627502185298,66.75255808373157
GA,1991,3.231045893681053,0.8420501563997121,63.46270664724433
GA,1992,3.279522473647297,0.749078950480909,60.83507743346482
GA,1993,3.2789656442341037,0.6862796153098628,63.335736249416954
GA,1994,3.0553427724788804,0.6074864074711501,62.95612567504119
GA,1995,2.995647996753684,1.3532656654152229,62.053421607377985
GA,1996,2.99561040241539,0.9767806743864297,61.575863452737714
GA,1997,3.1732261096342578,1.1299393033045058,62.41577055230486
GA,1998,2.7161960958833564,2.8555620645767315,61.46008870023653
GA,1999,2.737860371695641,2.7516648486397224,64.04078976641517
GA,2000,2.5063479490001943,3.4316804791524023,64.66106133488597
GA,2001,2.5378934176450647,3.267391747759483,63.0182593951227
GA,2002,5.044125581075313,5.44544256062547,62.30870592219099
GA,2003,2.5575072297541053,3.4470503978204343,63.37886490559551
GA,2004,2.516891937847084,4.833625713320624,63.0401793700261
GA,2005,2.3940429256053792,7.149472972042329,63.791324885584686
GA,2006,2.4772935636761013,9.391043016180369,62.67941136644037
GA,2007,2.3529449776769216,11.077073816419256,62.207592375050154
GA,2008,2.0429614756979513,9.861259609485392,62.78117542710894
GA,2009,2.195186208099471,15.933183958747078,53.98529348963968
GA,2010,2.311843087134784,17.360799583412746,53.277854171797586
GA,2011,2.5567426331408134,21.277550657326454,48.22417474160551
GA,2012,2.680593955029192,34.78036596689278,33.28939530898
GA,2013,3.1740882348268267,33.34320150047653,33.26302118147997
GA,2014,3.4032926536904533,32.55062111033219,35.99500335449231
GA,2015,3.7751120577980553,39.17876846585402,28.824123492528965
GA,2016,4.089310232770604,39.63285284700267,28.407824129143517
GA,2017,5.495736333127703,41.36547810003434,25.488978827512835
GA,2018,5.411968462768207,40.21383700482417,24.89996256636068
GA,2019,5.856220464605572,45.55076719905404,19.616909014451444
GA,2020,8.020845068987457,49.26203876038594,11.582500629448669
GA,2021,8.626332087734763,45.63033339117528,15.35918108174226
GA,2022,10.020571431788081,47.316997788972515,13.26515530151398
GA,2023,9.674234351365318,46.46591779187727,12.976985496215324
GA,2024,10.407898468720399,40.72554750878485,12.758360140351632
HI,1990,8.954469824643565,0.0,0.024539429638106798
HI,1991,9.86648068218312,0.0,0.0874617311838644
HI,1992,8.432213810385353,0.0,5.654225254181006
HI,1993,9.567085126472707,0.0,14.874502787547517
HI,1994,9.260174843914799,0.0,13.12449166091431
HI,1995,8.681574882256696,0.0,15.151461332962215
HI,1996,8.066292343525443,0.0,15.460287804902833
HI,1997,8.41390823939729,0.0,15.270493423984123
HI,1998,7.4347272538487665,0.0,14.028710368180466
HI,1999,7.727332931818238,0.0,13.843283775759266
HI,2000,7.716170148534895,0.0,14.901585448981786
HI,2001,4.6686509748386475,0.0,15.092165562738895
HI,2002,3.1802775770015956,0.0,13.25377452077369
HI,2003,4.801504978284718,0.0,14.978875987336798
HI,2004,4.816788679593525,0.0,14.055165273303668
HI,2005,4.668733003812874,0.0,14.153827995874268
HI,2006,5.343305672187303,0.0,13.397107786421417
HI,2007,6.531900965461032,0.0,13.69013339576099
HI,2008,6.828153231452698,0.0,14.482561903451755
HI,2009,6.401461218998208,0.0,13.624826336745006
HI,2010,6.893369494158196,0.0,14.262715627744315
HI,2011,8.214982481598625,0.0,13.279786256304897
HI,2012,8.833615794951873,0.0,14.684310814823842
HI,2013,10.976677437330316,0.0,13.672413786201558
HI,2014,11.816261567098431,0.0,14.809492365759136
HI,2015,12.040614654874252,0.0,13.216186570482732
HI,2016,13.541330677078596,0.0,15.050792328154674
HI,2017,13.476330504695419,0.0,14.019448550122654
HI,2018,12.270489476483736,0.0,13.384029618732617
HI,2019,11.169130496231897,0.0,13.353295046829754
HI,2020,14.782753511144762,0.0,12.833401934724446
HI,2021,17.768232004757905,0.0,11.811505554611095
HI,2022,17.840790092867056,0.0,6.937216370150515
HI,2023,19.222759132858627,0.0,0.0
HI,2024,20.149538602806533,0.0,0.0
IA,1990,0.05997103097651198,1.1096537916116844,85.7126457662509
IA,1991,0.07830393193771536,1.2024474139217678,82.92082064578446
IA,1992,0.06560988915374982,0.88209215308808,84.47740652689367
IA,1993,0.09131014424687588,1.4009448590507296,85.90481085954191
IA,1994,0.17919314152142646,1.135119039686609,82.76566175433501
IA,1995,0.18568219633177382,1.3808591897638092,84.62511129997449
IA,1996,0.20130235813681233,1.0074400491342765,84.5895692289819
IA,1997,0.2929986047013265,1.2357540908903542,84.22958168708607
IA,1998,0.23656141679780865,1.4588027726959099,85.82837550488262
IA,1999,1.0760852143762245,1.3076176138740683,85.44580038066073
IA,2000,1.4019109811971062,1.0441574685481034,84.41356833720853
IA,2001,1.4550753849526024,1.458125176838739,85.2591334380363
IA,2002,2.3917391265090155,1.304350054777534,83.17282406027937
IA,2003,2.602656954360926,0.7429351637488973,85.05029372076184
IA,2004,2.672662200953663,1.9069145299933832,81.55762545340338
IA,2005,3.9948582485433515,5.618400694263269,77.57090743397977
IA,2006,5.396944058479981,5.276673969980561,75.64330525235744
IA,2007,5.840172180253407,6.207928515927454,76.29275632111266
IA,2008,8.007830799928254,4.074820050322881,76.12083918585691
IA,2009,14.632841845949937,2.2834854635637445,72.02350679751392
IA,2010,16.276632199836264,2.2817321915401316,71.78552449462404
IA,2011,19.28224200496415,1.7582916090749319,67.81632586667253
IA,2012,25.025715739910183,3.42456479270744,62.33982867277563
IA,2013,27.751591340488485,2.523367937397932,58.76460264508498
IA,2014,29.15047367010404,2.414135036214796,59.33301264824078
IA,2015,31.99986099275669,4.232581709378919,52.61497404521562
IA,2016,37.36519259904678,5.44366708451221,46.326871824459204
IA,2017,37.27767360577353,7.8872064073144665,43.78936288350011
IA,2018,34.01149017769153,11.580946835614556,45.05008309407888
IA,2019,42.35628267670438,12.420974109587963,35.370083906251665
IA,2020,57.702556871425635,11.799491624876245,23.721704720909052
IA,2021,55.83444958597175,9.617514887733137,32.893286961978724
IA,2022,63.53235209495883,10.055931721870037,24.899395329255498
IA,2023,60.383764055753105,14.664838065074784,23.50289294468705
IA,2024,64.08641455510113,13.85745982481758,20.527345338795552
ID,1990,4.23261681013468,0.5748763733074687,0.4578353656177207
ID,1991,5.275735502728448,1.1374200187747538,0.17350367004966474
ID,1992,7.406695748789629,1.8430782028255646,0.5945461103866486
ID,1993,5.189542668567788,1.4879859206395485,0.3730882419815078
ID,1994,6.054248769623036,1.822673313015073,0.43587584310715605
ID,1995,4.640154737114492,1.4123898601937337,0.4012544107633813
ID,1996,3.632128982878972,1.191286637830693,0.2133598981618486
ID,1997,3.0228795799091794,2.0077477658940497,0.17616256580757855
ID,1998,3.6215676362511364,2.424041459598626,0.3459711792778506
ID,1999,3.2742018784415885,2.29700135377686,0.35941168614764313
ID,2000,4.057431285925409,2.510847204495014,0.5933868785054325
ID,2001,5.705984449885797,15.034715635842785,0.7733439207543944
ID,2002,5.1936904033163405,3.36150252586791,0.926470018748468
ID,2003,5.190025650164757,13.190334584260576,0.8662627177469686
ID,2004,5.157672728598323,15.684588815339795,0.9132159057884263
ID,2005,5.169809026969462,14.755495250616537,0.879271507468279
ID,2006,5.154285214833164,9.6995872953145,0.6148324920990715
ID,2007,5.684812145776275,14.430876592670678,0.7276501030860867
ID,2008,6.252108820703605,14.197781840153917,0.7555958358816005
ID,2009,6.620656004602084,12.546381141226453,0.630259862633655
ID,2010,8.432821348033908,14.048176715596508,0.7341472006802077
ID,2011,11.420113890179485,6.703832717157628,0.5034284980410062
ID,2012,16.223547074282884,12.246958514787547,0.49510651884120416
ID,2013,20.75613636611066,22.3355802946958,0.6033013071736736
ID,2014,22.89925256926229,16.810246978859972,0.5115178277835758
ID,2015,18.81052613774283,24.277557517842332,0.5041968533413501
ID,2016,20.50824797339725,21.20857639561564,0.18637453261100964
ID,2017,20.429139440138734,17.70178633922326,0.137025564002441
ID,2018,20.82678300605543,18.04270497883571,0.11191869743321088
ID,2019,20.21423295718144,23.178659147540184,0.11412545934302241
ID,2020,22.322774308801783,23.504841504376166,0.11333171436269145
ID,2021,22.734114205510856,29.31406120509919,0.09571482103169708
ID,2022,21.665733938388332,26.630414149784897,0.03849884601751645
ID,2023,20.770364108149746,31.869083420513086,0.0
ID,2024,22.613461208085393,31.37164258650098,0.0
IL,1990,0.11993588096791195,1.097352101730865,42.48007443957076
IL,1991,0.1399093582086327,1.33247263688027,42.264783599564446
IL,1992,0.15809915150331488,1.330454654236281,40.15470959441304
IL,1993,0.17516666824558003,1.4824434839121035,42.86440575895294
IL,1994,0.20528481759233122,2.6419480719985193,44.585086571026416
IL,1995,0.23108689707244748,2.673505525917753,43.33157979980227
IL,1996,0.3127161225402073,1.9046302773633648,49.64907001263746
IL,1997,0.5045590646298601,3.168994842703611,57.807327557829716
IL,1998,0.4529122765722539,3.98971543346954,54.421983438621645
IL,1999,0.42582937744766985,3.057653815678452,45.95146444671983
IL,2000,0.5089136943012211,2.6138181711675785,46.12024619184776
IL,2001,0.37856162159865797,2.5697692462204245,44.379890831921585
IL,2002,0.38473325350574394,4.827716147252651,46.0958767319565
IL,2003,0.43318075360611497,2.064191707757827,46.53737166582935
IL,2004,0.4282186471235357,1.7677387367965887,49.17832920529013
IL,2005,0.40329714155479773,3.6648700027250136,47.52994055547434
IL,2006,0.44111906607181306,2.743377567710653,47.62781938277068
IL,2007,0.6415398137989953,3.76585506567812,47.57045343314297
IL,2008,1.5214815349105741,2.1355388889538927,48.44915491189585
IL,2009,1.8207328333180917,2.3184870440108805,46.40711752908762
IL,2010,2.551830757252657,2.8426519918324873,46.491430186454885
IL,2011,3.441254661070765,2.9853674130351964,45.11952285065381
IL,2012,4.237918486946107,5.663429503396451,40.91141138394492
IL,2013,5.0665449272589225,3.3633105480838665,43.31281217481164
IL,2014,5.292954259045135,2.7037301619394083,43.17834943287276
IL,2015,5.838292291228285,5.601324430513853,38.037086900452294
IL,2016,5.96898279163888,9.335667748920251,31.68245892496559
IL,2017,6.96871372161198,8.179139117448916,31.58112634702603
IL,2018,6.591055179934899,9.170537843108834,31.723861186159564
IL,2019,8.09546418949348,11.57130264158,26.447827965050934
IL,2020,9.628855296158543,14.138934236020807,18.01548048869778
IL,2021,11.01680316430564,11.376829994437164,23.837622935879995
IL,2022,13.672619477152018,10.684016346494422,21.89746764179081
IL,2023,13.481278284772554,16.00378166378387,15.275086834307652
IL,2024,15.237915662491382,16.289311339231496,14.574903100694014
IN,1990,0.03659835880168393,1.4502847823043992,95.5711992441197
IN,1991,0.03247065915487113,1.4264850656589498,95.56382195131678
IN,1992,0.03313351395492021,1.1723162091276609,95.64269791045535
IN,1993,0.03131563350646573,0.9404127005649378,96.18065351541289
IN,1994,0.03451417246078791,1.408044445349654,96.02486543060094
IN,1995,0.07726496604711353,1.331627885254215,95.90609277955869
IN,1996,0.09476251873690278,1.133895510024003,95.94814210195906
IN,1997,0.1081296799942494,1.0747953870073912,95.92322098910957
IN,1998,0.10565198672614491,1.7682191492789423,95.18740392618551
IN,1999,0.10346036732002868,1.732131271987063,94.61641451641148
IN,2000,0.101613590838507,1.6074352839827684,95.03860427698693
IN,2001,0.09348152540147513,1.9023139598324619,94.6943148000403
IN,2002,0.0923077119046584,3.0113104134811643,93.67203431242594
IN,2003,0.09539570894826692,2.4417315526251766,94.28934676839849
IN,2004,0.10751316760417648,1.9082871121413758,94.443576742143
IN,2005,0.05192236194005268,2.7730776861916056,94.21799183170091
IN,2006,0.16875803338725634,2.055243587337271,94.7548991343292
IN,2007,0.17701358086478344,3.0709472211067776,94.00243263064677
IN,2008,0.39486745354774655,2.8077327969002988,94.2288695599749
IN,2009,1.462099859535779,3.282462337452177,92.83572303074956
IN,2010,2.5927838626995166,5.1725098060013845,89.73238127312861
IN,2011,2.9648379827862597,8.240278208271715,85.27912260486205
IN,2012,3.0919782549182804,12.61677756108948,80.61432871663425
IN,2013,3.521570028203254,8.18111581848167,83.93933271473573
IN,2014,3.4565574334198716,8.295258444981927,84.53434518425138
IN,2015,4.919908353523902,15.634589839238929,75.20787661709812
IN,2016,5.462024761844545,19.65000383897025,71.27923618082986
IN,2017,5.903647775840445,18.170373061840667,73.16798763341504
IN,2018,5.453705941486137,23.63569831409142,68.26672509328003
IN,2019,6.830246306776812,31.258744358015704,59.27669884959503
IN,2020,7.875619390805316,35.62064489950976,53.03797601720267
IN,2021,9.407695207028326,29.30983995335157,57.821973086417565
IN,2022,11.680598742102703,32.75807365271528,52.403411129713504
IN,2023,12.163123253132147,38.70126538531929,45.45591140970126
IN,2024,14.004921820690202,41.08703710270224,41.77389641457918
KS,1990,0.0001316372334101032,7.321390871987559,69.3882030865304
KS,1991,0.00012871297475512586,10.00752266045551,71.8187998354803
KS,1992,0.000352260936946134,4.278230900684767,69.05790742725975
KS,1993,0.00015785505677923917,5.28665838725966,72.9390110386136
KS,1994,0.00014619933950328216,6.6550072250384495,70.4116088229866
KS,1995,6.767184516785936e-05,6.180170301403892,67.4036538371693
KS,1996,0.0,4.5668616386156025,74.46448809623597
KS,1997,0.0,5.6082596195396395,71.82932887030877
KS,1998,0.0,7.254491907559098,67.38856163058671
KS,1999,0.0,6.9902137449688295,70.47525055128057
KS,2000,0.0,6.273031862237302,72.53463028360133
KS,2001,0.08901299379199622,4.360590851233235,70.99228951087392
KS,2002,0.988968782739741,3.7912924701949287,74.95307007990897
KS,2003,0.7858238653689392,2.6322401259589294,75.39500888601421
KS,2004,0.766591740755907,1.7776544082284849,73.94480506120868
KS,2005,0.9284735463436341,2.4801900001692005,75.18252088800013
KS,2006,2.178841385074371,4.0405427181987,73.10775196482116
KS,2007,2.2994563127281973,4.254819561377558,72.32377248594615
KS,2008,3.7731072020713734,4.781702017449119,72.92092627884762
KS,2009,6.134173376065304,5.717748332873009,69.07648358812808
KS,2010,7.218446248022015,4.772836907085884,67.82658882247182
KS,2011,8.330567281549758,5.5888366521870365,69.78827254737688
KS,2012,11.823724333839486,6.437438135472906,62.988690230844824
KS,2013,19.58055078861666,4.085151763931334,61.41051547423987
KS,2014,21.92728121776299,2.9209145694178593,57.8186778438695
KS,2015,24.298139280662667,2.578467289082438,54.01908102079982
KS,2016,29.772726217532266,4.2588390405367935,48.52115203131026
KS,2017,36.637165597922426,4.214443534147093,38.06895002436127
KS,2018,36.7021887919897,5.812613844773758,39.593693029266774
KS,2019,41.65537716638534,5.943372652628934,34.02492477989699
KS,2020,44.15898138806524,5.13764196878539,31.095103866241676
KS,2021,45.582107642209564,4.7009993854393795,34.25027056436153
KS,2022,47.94838752081353,5.406235194344418,32.52438570054791
KS,2023,46.9057521958428,7.473753433273691,27.867998750115426
KS,2024,51.94858825514456,9.21708907638646,22.669072141809103
KY,1990,0.0,0.03766023858403356,95.51964964542931
KY,1991,0.0,0.028966262548609147,94.978841225268
KY,1992,0.0,0.030810099677886303,94.99044999383915
KY,1993,0.0,0.027803099372620804,96.1464000715878
KY,1994,0.0,0.03707978571515376,95.00625432283378
KY,1995,0.004941633711996945,0.07895820798396246,95.79140739724268
KY,1996,0.01048305539367672,0.16504706928051416,95.71759725114208
KY,1997,0.015342010030457423,0.19313416385199006,95.9630016109165
KY,1998,0.01721266776687564,0.5472247113557024,95.49753693454484
KY,1999,0.013388805072938291,0.49902943301512526,96.59159476949914
KY,2000,0.013217415037250843,0.49605895132687183,96.8356596632502
KY,2001,0.010011777069364522,0.6607028768458356,95.15912500275368
KY,2002,0.39678451944434684,1.4914338232276516,90.4106595192435
KY,2003,0.3262580133499319,0.4845297835275247,91.65026327203076
KY,2004,0.43480189404951214,0.6133929176962302,91.10394508102284
KY,2005,0.43079286354593216,1.690872109797244,91.06615222835575
KY,2006,0.4644079834226277,1.1910254203340769,92.31362364978206
KY,2007,0.4789112597306058,1.847602063409018,93.06532488723437
KY,2008,0.4696549290061018,1.000059879419607,93.62094937695771
KY,2009,0.401116944974782,0.9692440266225382,92.72558762191422
KY,2010,0.44785633149591086,1.874111068704163,92.706199530842
KY,2011,0.4435446401558244,1.5714184197687489,93.19279545399247
KY,2012,0.3700724301559286,3.278123618637525,92.00884285436496
KY,2013,0.364026100392977,1.5804880875190024,92.82628984774105
KY,2014,0.49285651301946,2.7499417331383786,91.9749613942505
KY,2015,0.5280184539652322,7.1216968667800105,86.9251112989756
KY,2016,0.593753846614962,10.250373906078918,83.24298450618218
KY,2017,0.7031711580979928,14.183850831047666,78.21418125446472
KY,2018,0.5963999744836896,18.545894658778167,75.08219105820827
KY,2019,0.583606091082013,21.365679810558298,72.02140140610611
KY,2020,0.6140132986508352,22.638548492159146,68.67867554380733
KY,2021,0.6590408699176412,20.84438737993916,71.3257936874005
KY,2022,0.715021110938356,24.466059997776632,68.04793139587503
KY,2023,0.9066916725669708,23.869372011488036,68.72738981300623
KY,2024,1.0017557955352558,25.791065409656948,66.95855741812262
LA,1990,3.027744621995529,51.62432585725116,23.352566375245978
LA,1991,3.2461579044519584,48.50216731577189,25.300517082933116
LA,1992,3.56260607622382,50.39623777995632,27.039506461433188
LA,1993,3.385940975265315,46.03352797799977,24.579419436664786
LA,1994,3.309486925528306,48.51183321947819,25.399216367740387
LA,1995,3.1284586501252063,51.10913914525076,22.456877933991365
LA,1996,3.735227533620575,47.03476191941394,24.055903033366548
LA,1997,3.7897944140035955,48.99270351350069,25.364289138770165
LA,1998,3.2034863317625746,50.168313260313646,23.181095354617373
LA,1999,3.180187070625586,53.36644817229657,23.550913000328112
LA,2000,3.0069810000222366,49.6731035113258,25.293386514828654
LA,2001,3.0767485842695033,45.93326146449619,24.99380136683829
LA,2002,2.9593044880538435,50.437361044371414,23.218576574625484
LA,2003,3.244244825106255,47.88341555212497,24.122801655561297
LA,2004,3.021616818648933,47.029084341899306,24.09825259381441
LA,2005,3.116891934102983,47.6888283796394,24.927816072573727
LA,2006,3.2581416724469983,46.12020618282987,26.830965971878985
LA,2007,3.2187694811385072,47.435523490600055,24.899113268721884
LA,2008,2.930863106100419,49.04580364662786,26.067304733324313
LA,2009,2.597937685251885,48.35859582153819,25.350262802878742
LA,2010,2.398578450840327,49.90436792790082,23.25291631603226
LA,2011,2.3153984040571824,51.49500873294497,23.345670122048983
LA,2012,2.349963164253929,56.63384119554881,20.715930977136267
LA,2013,2.7316909569455694,51.475427638114525,20.4329735865896
LA,2014,2.6668137268982894,53.843313808900106,18.441071934769422
LA,2015,2.508750527792019,61.41302878889,14.066067048308769
LA,2016,2.6813695060867837,61.97434810590412,11.19957392272221
LA,2017,2.8050225905933157,60.37818990621629,12.603381281836562
LA,2018,2.554303042877802,60.49416477684947,11.541073971674015
LA,2019,2.245588564512886,69.40166626001069,7.405871351109374
LA,2020,2.138520725412561,70.23806452337618,3.888337135976214
LA,2021,2.31621612748166,64.79356855202394,7.975410056188547
LA,2022,2.154264966532486,68.50396705463272,7.74643353122092
LA,2023,2.331343373759004,76.10040627474892,4.943138981667107
LA,2024,3.1883061749848816,75.548288703087,3.7138152111411005
MA,1990,3.9198075125497316,15.40453720203187,28.549621610965872
MA,1991,3.985030055370102,15.43123903288537,29.219049409588653
MA,1992,4.273400377248308,21.15214022870632,27.601257793702324
MA,1993,5.298400656238396,24.407500829036046,26.78156987603403
MA,1994,5.403955142383059,29.836466181664367,27.20190197628492
MA,1995,5.368343810129796,37.80429213723594,28.41165969064877
MA,1996,5.4588367714408115,31.431474189031885,30.512633444362415
MA,1997,4.773333355869216,30.303726462308916,27.85803319393111
MA,1998,4.498536192931838,25.439816322770948,24.515918354624116
MA,1999,5.016757447469638,27.367324017473447,27.52862375303731
MA,2000,5.67684313257359,27.66836768142421,28.823986512336425
MA,2001,3.411747473922665,30.39885666864717,28.720849190484206
MA,2002,3.0269047039272894,37.75826525183867,27.369636463163516
MA,2003,2.589898477677721,46.34477601995196,22.52037737957927
MA,2004,2.589238934686201,44.15054263764013,22.160536767594554
MA,2005,2.648223231339756,42.869150983186664,25.325547317321654
MA,2006,2.8045864079990745,51.11362561002154,24.427378309577605
MA,2007,2.634515801319038,52.94641905982829,25.542427958210105
MA,2008,2.9534499059156563,50.61567358447304,25.005454591052946
MA,2009,3.154641131463928,53.861020799554986,23.168811710300687
MA,2010,2.9756786291189985,59.763712613326014,19.404098005402382
MA,2011,3.170618975020361,68.16395850082542,10.665685202570938
MA,2012,3.589071589208526,69.34647549423286,6.006230574425998
MA,2013,4.404516220605278,64.6400296562015,12.039613137320977
MA,2014,5.5592202101952495,59.442649572405124,8.981412429630891
MA,2015,5.712478248670003,65.47226608615124,7.020713633426499
MA,2016,6.351289634536943,66.1678029825797,5.867409510780496
MA,2017,6.7739728292486845,68.78797321398213,3.5284869650974726
MA,2018,8.71652112573116,67.66238855341145,0.0
MA,2019,11.056131457141216,71.60640289694435,0.0
MA,2020,14.541158191353713,77.83721195168049,0.0
MA,2021,14.216217434540752,77.0635343714932,0.0
MA,2022,14.680582917632943,75.03018263771499,0.0
MA,2023,15.79312205534923,75.01072305259312,0.0
MA,2024,15.400382215732428,77.4709883723988,0.0
MD,1990,1.56862499130036,4.5908859375582365,70.8933568282916
MD,1991,1.2475331789377622,3.8078527944323644,57.3027965954281
MD,1992,1.225564271861146,2.616831254282238,57.92132030614202
MD,1993,1.0648343470462642,1.717074843532004,55.865182020107305
MD,1994,1.1488539669654914,2.5850283961369063,56.51736633511116
MD,1995,1.458700788426465,3.340585614223014,59.5166037058949
MD,1996,1.5848688709838485,2.1342737423412927,60.491057116690996
MD,1997,1.5918207043698176,3.024328309803441,59.136084143933004
MD,1998,1.5017723426030083,3.929866605971368,57.834120719798385
MD,1999,1.5198849985762966,4.11176833881903,57.43890549365751
MD,2000,1.6001640812914089,5.5779740027349485,57.5830407360352
MD,2001,0.7602878297284639,3.58892788236354,57.843570037629675
MD,2002,1.0804491584430924,4.586729144510766,59.470992906908265
MD,2003,1.1408933008247397,2.2885624686221373,57.30600678501631
MD,2004,1.1319436026171135,2.273271912330506,56.088192808951376
MD,2005,1.183718307077643,3.583229525878439,55.64356571011895
MD,2006,1.2790051163391132,3.6158472517039484,60.0692323530421
MD,2007,1.2021632607754855,4.464182622372989,59.16417180917681
MD,2008,1.2932277777434082,3.90225889246781,57.46978740060404
MD,2009,1.258209283361727,4.038496367044881,55.19688802003855
MD,2010,1.315526238931202,6.643340430621834,54.275831200966884
MD,2011,1.9650385002636346,5.525507442145669,50.35846250553451
MD,2012,2.375451153543912,13.078361493270094,42.8058253978128
MD,2013,2.62522383408432,8.05445966864093,43.34202778160592
MD,2014,2.613744504495627,6.6234420087175305,46.52813056482097
MD,2015,2.9362877123466102,12.526541607627264,38.293402128124356
MD,2016,3.4478537191114182,14.591147174349976,37.2005527422985
MD,2017,4.001623852629949,19.73089143586339,24.96478133994525
MD,2018,3.3967243927638955,31.613294404921948,22.978783121014803
MD,2019,3.57294784732437,37.139326181841625,14.54923441082074
MD,2020,3.9142865057084615,39.11200115595302,9.324561842237394
MD,2021,3.9866889976097117,36.5558282163341,13.532000683036653
MD,2022,4.102412628756577,37.560259848276885,12.4916352231655
MD,2023,4.850151316712338,42.59980305911143,4.747053178206505
MD,2024,5.440251263408115,39.26652434835512,6.960436999870374
ME,1990,21.382440777990034,0.31848711533803997,2.8422024463292206
ME,1991,24.2373513695732,0.28308800404133044,4.9465017809677985
ME,1992,25.767938675085173,0.15740702484081404,3.5696268649483818
ME,1993,26.909349343984786,0.06326263561951527,3.51710281465572
ME,1994,22.79358173084227,0.05631329320649119,4.113477332182801
ME,1995,37.142385100723125,0.07394204946793784,5.537111298506994
ME,1996,23.675677579500658,0.021627958535654628,3.4117401513943704
ME,1997,34.64033059380421,0.03334815258395925,5.92469704567884
ME,1998,32.22222898785884,0.030618039996484697,5.347133050879112
ME,1999,28.616958482251242,0.6370163506517986,3.9009765637790776
ME,2000,27.205882824016918,21.671778801557267,4.625216766549589
ME,2001,19.554101721656437,51.38278034846319,2.7008271632027707
ME,2002,17.943315192837748,59.92430985124362,2.6799960754439542
ME,2003,18.901955471945353,49.75166347022805,1.9847103320298962
ME,2004,18.83898981537404,51.480424118999615,1.8818376046559786
ME,2005,21.58880147281004,44.56836555423701,1.6995933661140976
ME,2006,23.59425655290297,43.3978408761613,1.910434675000073
ME,2007,26.0840284198838,41.38367655353386,2.3286445720813265
ME,2008,23.73795979963403,43.168470116763935,2.0579155712875856
ME,2009,24.087341724073415,44.987534747262806,0.44126401412025273
ME,2010,24.3984132710801,49.202498904144036,0.5123376341028024
ME,2011,28.138110392021762,43.05099257084152,0.3453575016163174
ME,2012,31.00204169295979,40.16198910494584,0.30075165985570723
ME,2013,34.87776708818103,34.73538913770596,0.44726729709743096
ME,2014,33.90303659752534,32.790973611770504,0.5970694505351842
ME,2015,37.88906050583136,25.141294400560756,0.7827180461389808
ME,2016,38.69297186911689,30.382232654738267,0.6063957850442753
ME,2017,44.75931883795502,19.859840131814906,0.6031011302986077
ME,2018,44.83898162348081,20.66110259115126,0.6278688379267244
ME,2019,45.27256976318333,17.132266126447753,0.677313570045151
ME,2020,45.15916523610085,19.0384598080159,0.554696271797174
ME,2021,42.81710464194203,30.689640314810486,0.4583361981637583
ME,2022,38.8833916226363,32.438036277256515,0.3325154027916189
ME,2023,34.52261440271684,31.769337416074784,0.3453035086369035
ME,2024,34.35778808009019,43.66226053344422,0.20047521770121113
MI,1990,1.4079639245903675,7.8332766355362295,67.0268301824539
MI,1991,1.6221357154803004,8.019653188048506,63.10568679249314
MI,1992,1.7653721878234139,9.996270638179109,66.45553234077624
MI,1993,1.9494211583162613,9.420277980853156,60.12969115523048
MI,1994,2.299190348753948,10.616240657149383,70.97291130374747
MI,1995,2.311311804076318,10.772856623094325,62.54445313646812
MI,1996,2.446478288257958,11.566665119362929,60.32098473858152
MI,1997,2.4950519421854342,12.51586146079416,63.04980036647211
MI,1998,2.748928778945043,13.023008936716652,70.13782324012105
MI,1999,2.634521027106671,13.0896864641674,68.19564931964409
MI,2000,2.7728675346340954,12.097987830180012,65.50932249097909
MI,2001,2.111538396545023,11.778299568485522,61.03338700553379
MI,2002,1.8831302001685704,13.447740077925957,56.578186919031786
MI,2003,2.2431620556483485,10.215396796287212,60.87047381403694
MI,2004,2.1592606712878157,12.277861683182183,57.90159531822782
MI,2005,2.050919007239374,11.317150070937068,57.8219934323014
MI,2006,2.170069107724142,10.137069715008977,60.218661454101486
MI,2007,2.0256041374458538,11.014157278568987,59.350127385870024
MI,2008,2.253366702784071,8.350337594273357,60.749242415453764
MI,2009,2.592013318234249,8.319500273733073,66.0533224416506
MI,2010,2.5391458433980163,10.980826044710826,58.810907846215535
MI,2011,2.7135092251791164,11.891648384433157,53.997009668822734
MI,2012,3.4999142458651944,20.107942034827737,49.12850407343697
MI,2013,5.230980347442756,11.70712333632471,53.39843226757604
MI,2014,6.248400125781488,11.72363767483396,49.52381030841807
MI,2015,6.444637351055965,17.737495691678603,46.79669545665109
MI,2016,6.421680388798645,26.127975659325454,36.14540224518356
MI,2017,6.899165221463447,23.26582090963401,37.41362135973306
MI,2018,6.998138204346371,26.750404954475076,36.54344404959396
MI,2019,7.097655001622601,29.502215944324547,31.997440341120587
MI,2020,8.433131562426317,34.17016115803013,26.223776941934506
MI,2021,9.08060235230402,26.414934821695162,32.07765472202164
MI,2022,10.441524949919595,35.05090834108757,29.34727843214313
MI,2023,9.600818852673859,44.811531898890756,19.521940879748627
MI,2024,10.97843729420808,44.874589865434075,20.723084822241272
MN,1990,2.1130416878645315,1.2533881756685847,65.4191642069714
MN,1991,2.0519100515022863,1.9081408455451199,63.57102219660966
MN,1992,2.56890131380691,1.604336573264177,63.839986225152195
MN,1993,2.4995438871396836,1.1641362573450633,65.05892115315775
MN,1994,2.608435461985384,1.4963373328256373,64.07108306810466
MN,1995,2.745392363806739,2.2811309161007345,62.128381193513945
MN,1996,2.6736447904244947,1.7746395265576576,64.11821539666668
MN,1997,2.716378322580824,1.7871385937584376,66.14595251951911
MN,1998,2.809318732252063,3.323826810020137,66.23961832570579
MN,1999,3.5230046946808615,2.9416534782936936,62.218696162619885
MN,2000,3.9750316485672004,2.460013341412933,65.6279593201834
MN,2001,4.074570392331293,2.472170749735395,65.57511860402687
MN,2002,3.385289675340836,3.0163212999970725,64.26964169611314
MN,2003,3.8521211106175284,3.3504135574661276,64.76818266409173
MN,2004,3.4318341638732943,2.7835544742300393,64.93034439397796
MN,2005,5.0021845944080985,5.106220893096898,62.147245529644614
MN,2006,5.745698793013362,4.81011147927274,62.11837798147477
MN,2007,7.218810445664264,7.05330953543771,59.089140892761776
MN,2008,10.6839353903778,5.233144934861557,57.9863123811249
MN,2009,12.833720145769679,5.422714296080521,55.870057082576764
MN,2010,12.371166233375536,8.087998211745965,52.32426164323844
MN,2011,15.824739776670766,6.3079244187825205,53.19765250143727
MN,2012,18.98358001497239,13.436226297797571,43.072729072834505
MN,2013,19.24340478830702,12.28347599649624,45.84635339369395
MN,2014,20.100308202012233,6.7890287311926505,49.04824229060746
MN,2015,20.336439418286155,12.968529461194015,43.34362681153774
MN,2016,19.898890617293205,15.010529894599506,39.01609874033506
MN,2017,23.262370956794015,11.417405054408658,38.778470332456486
MN,2018,21.782772140993316,13.907103190459434,38.12797739749935
MN,2019,22.5695885390537,21.231331275043413,29.984373365910294
MN,2020,25.872521681638638,20.907740403346704,24.841264337271276
MN,2021,26.050221596073868,21.60732974006977,26.630746194039645
MN,2022,30.82943952395252,14.815235892290811,27.4029963696068
MN,2023,30.77661272714277,24.134712547625252,22.336742190939162
MN,2024,31.114583028629877,27.115958362611888,19.507539368994966
MO,1990,0.0,0.5258536113610758,82.21477055095772
MO,1991,0.0,1.8073682549632386,79.72205115902469
MO,1992,0.00014924934689802702,0.4175101230125408,82.70035368407878
MO,1993,0.004197713109052833,0.8215678947697559,76.52976252353068
MO,1994,0.011175273900872622,0.6291477194732485,79.00364166864827
MO,1995,0.03876693337306495,1.5876822732863998,81.95318759656547
MO,1996,0.052572916847712994,0.6285218892640039,84.28673110898058
MO,1997,0.07431818661046707,0.8384123755668804,84.27455949234306
MO,1998,0.11821670098582812,1.682211259325472,83.42650636983515
MO,1999,0.0832708917925466,2.2038777382213084,83.32548450729526
MO,2000,0.10817174450317799,3.8581917036542537,82.12602435814145
MO,2001,0.0110604237183206,4.869656401362285,82.65609148687685
MO,2002,0.01072297228815809,4.366488448230542,83.08666923978575
MO,2003,0.009717387842788854,3.0087100973599488,85.0807795697584
MO,2004,0.010993586770084435,3.269149683606307,85.6111648009863
MO,2005,0.009466219918631025,4.25632647470946,85.2560475966558
MO,2006,0.02614456986249304,4.067592705709726,84.47234502525637
MO,2007,0.0321536032336636,5.46265572745698,82.37149329050106
MO,2008,0.2702727197476359,5.708234410880645,80.77846136489009
MO,2009,0.6505684297868473,3.866514796251165,81.05011606003612
MO,2010,1.0698353619554015,5.080397732544442,81.29649988908928
MO,2011,1.3073903764728452,4.793847519717199,82.54513553843682
MO,2012,1.414507493606973,6.717727371459999,79.27187653836032
MO,2013,1.3542760898552597,4.80169300124603,83.0597485253455
MO,2014,1.4293329584463357,4.604449815760255,82.438265579294
MO,2015,1.4094632420607698,5.495467859919337,78.10314283942408
MO,2016,1.6450592930325614,7.672626781779407,76.73416742405149
MO,2017,2.6389212461122034,6.152329653299097,79.80327593557539
MO,2018,3.5946168360906627,8.284885347012477,74.45190564038116
MO,2019,3.9318754587691367,9.804453829366798,71.13844343275227
MO,2020,4.921140109386413,10.41884798644866,71.32038405035925
MO,2021,8.80424858343511,7.87478290299073,75.19782650200978
MO,2022,9.816065771625372,10.271512223675622,66.5721908275108
MO,2023,10.567089761771102,13.882146883770417,60.48786502793678
MO,2024,10.621726483352475,13.606683203811967,58.065361848120936
MS,1990,6.325533203152823,23.489409345514183,37.80155298410403
MS,1991,7.104074195791289,22.100787830989955,33.96991708653094
MS,1992,8.541293106887615,20.46764457760317,33.8712017823413
MS,1993,7.526843255096096,13.895277401953917,34.231656225620654
MS,1994,6.1431998844247495,25.19448389072279,31.206203673197447
MS,1995,6.499592955502599,33.543413358215965,32.17624210681663
MS,1996,5.19117997529325,22.940628280935666,38.55480473015526
MS,1997,4.814606464001612,17.975995808895718,37.25333852431038
MS,1998,4.175618767338459,19.114072760380292,34.233845299330504
MS,1999,4.123886223814443,25.23303218610708,37.429483369939284
MS,2000,4.467163422847688,22.281553556796606,36.89279867481114
MS,2001,2.679536145823113,33.21184351021093,35.916443995197284
MS,2002,2.1837746403421012,39.57068570703241,34.631742655870255
MS,2003,2.5459996067577295,23.60557780336183,42.54878378594469
MS,2004,3.4685189363266007,26.60987559310754,40.02895566511331
MS,2005,3.376487683916817,34.08239200915126,36.913299715428785
MS,2006,3.3335938488796835,33.97413091440502,39.164578342176696
MS,2007,2.984122712303806,42.633096610829185,34.78425829784001
MS,2008,2.886226488807519,42.74893279760981,34.608766583693786
MS,2009,2.924508419497032,47.77533883772412,26.60629807502375
MS,2010,2.760773802903651,54.35935299370899,25.013181062875983
MS,2011,2.9203974814139637,58.10560580437744,18.853855082451908
MS,2012,2.764879531740769,70.62451388261037,13.212542179027869
MS,2013,2.742624261482364,60.17180405723589,16.476522628487853
MS,2014,2.73540276711857,59.14686920180734,19.486908542173783
MS,2015,2.326407801220868,69.67021487923073,9.882359615814382
MS,2016,2.4239322679343673,79.66556509372143,8.495413461189054
MS,2017,2.6168304632577377,77.28159913642658,7.748891857215112
MS,2018,2.7808935442011156,77.95631206471094,8.318464330723316
MS,2019,2.60419995767052,73.95606739726459,6.692575785233076
MS,2020,2.7745313934749043,80.59500854933766,6.899073539142834
MS,2021,2.6452857270498007,71.79343529764861,8.166571788222926
MS,2022,2.6574049102672066,76.30307589533624,8.337656555117611
MS,2023,2.7041258440572666,75.64098443731709,5.535148211849051
MS,2024,4.2910888169127235,77.61583787011789,4.311180180507286
MT,1990,0.41913160053803006,0.21227615823911175,58.08586798224741
MT,1991,0.34540149478439297,0.11327647655522957,57.55064205179758
MT,1992,0.4766435987829177,0.13347287192546461,67.39024029093835
MT,1993,0.4981348271136748,0.146274927999811,58.9910950739279
MT,1994,0.39997457146902127,0.2911240790257994,66.82896637275563
MT,1995,0.21510467459389768,0.18773317868271228,57.524619131373704
MT,1996,0.19646072601972805,0.2058655031173818,46.437040811478745
MT,1997,0.1690596819961111,0.1700426481373701,51.12830170805933
MT,1998,0.1551236699205545,0.19597675629094313,58.97568694990021
MT,1999,0.15896581385206957,0.11650788014793693,54.08502611799474
MT,2000,0.1773903867815865,0.10058662108342759,61.246576229060615
MT,2001,0.2699888187282485,0.08290111393858286,70.30184069029652
MT,2002,0.24915888756661037,0.06547143417104029,60.210436605118886
MT,2003,0.2709229218044301,0.0969517897442,64.90088251710418
MT,2004,0.23310515810208218,0.1043459706694985,64.8787880054805
MT,2005,0.2563175812485428,0.09641796072827523,63.79426831051809
MT,2006,1.8778987163646932,0.2392759886722399,60.49200071832365
MT,2007,2.097095369395558,0.3662928836752393,63.44911062833847
MT,2008,2.3757220543941204,0.221542991821376,61.85324851047522
MT,2009,3.4274513635537507,0.2911045986118606,58.44133519087431
MT,2010,3.447855927564604,0.1917077406229716,62.43671239485269
MT,2011,4.199232694580354,1.3880282427481523,49.971624996528995
MT,2012,4.53789207913948,1.668770501419504,50.30570640690512
MT,2013,6.355837722634909,2.218456282570536,53.74406803818249
MT,2014,6.566290615889897,1.7035512645807918,51.48923497475809
MT,2015,6.777625492190896,2.0449041018857126,54.6481020446072
MT,2016,7.7756177050078845,1.7134648373862083,51.35856571711967
MT,2017,7.758910704127353,1.4759285532100872,49.126981781546235
MT,2018,7.828831498689373,1.6884870575377564,47.35443245663649
MT,2019,8.716343900738636,1.8246989189043927,50.72713575408409
MT,2020,13.379630878561436,1.2452035666066752,36.355836800724866
MT,2021,14.183000324315575,2.1176311951900764,43.5966312706673
MT,2022,15.066861729264632,2.690261710216127,43.010760190396454
MT,2023,17.938170770275374,3.7243791381525666,42.95487414781171
MT,2024,23.13263150812661,3.703469404455041,36.41397910302367
NC,1990,1.7244283469350357,0.23957982033886135,58.66487493719074
NC,1991,1.4998564927637041,0.4317826839017373,56.80226761573144
NC,1992,1.907161597964958,0.4035371318258936,65.08499808259886
NC,1993,1.7966888628128597,0.4141554872837531,66.69781759415184
NC,1994,1.7474366564538961,0.30769227107268365,57.64669375459926
NC,1995,1.6001745186512482,0.7259894608436382,57.843922087672965
NC,1996,1.4155801942572088,0.4190262618567338,61.7938894152958
NC,1997,1.4350348179213679,0.60603306183196,64.13458630985187
NC,1998,1.3365131960744652,1.0581392681807495,60.10065067033439
NC,1999,1.3953120979835862,0.994109329846214,61.56865577065451
NC,2000,1.450481571131726,0.9243581704081926,62.110703735785776
NC,2001,1.490512218091107,1.3058801651292364,62.0939096997894
NC,2002,1.4351114900750015,2.860871984556998,60.407271650398904
NC,2003,1.5485813516213012,1.2387029898711905,58.61018328096074
NC,2004,1.3716477398943467,2.0253739182385697,59.800633827493506
NC,2005,1.3928075573976617,2.4349993261583185,60.452069077782106
NC,2006,1.4601350907573343,2.5520652577254777,60.28601622632676
NC,2007,1.2851824398423364,3.4251490529926225,61.4708934193681
NC,2008,1.5348350218813118,3.3354944535156736,60.536054154285715
NC,2009,1.5990588020919605,4.097619639542302,54.96512916510803
NC,2010,1.618873607641147,6.564607231187206,55.915497542817626
NC,2011,1.9811532428897078,9.422438288768873,50.475910423558446
NC,2012,2.3173458563528904,16.542437741534638,43.650506034949096
NC,2013,2.346305549547421,22.219574940171956,37.3777950216781
NC,2014,2.556375274898655,22.42609907254977,38.42423781672166
NC,2015,3.086688214036707,28.464084910445017,31.094829445126468
NC,2016,4.575095250078726,30.01327038680942,28.625188339453818
NC,2017,6.536340841673581,30.038421128255504,26.823906043551645
NC,2018,6.899663840081278,32.361945460399006,23.605651945198723
NC,2019,8.022663143230952,31.36818927667304,23.382784318592254
NC,2020,9.071081282302549,33.29058765283621,16.71977592321885
NC,2021,9.744487527278004,36.51739959565702,15.705133681729485
NC,2022,10.156314428628155,43.29856759592462,10.929585334071897
NC,2023,10.809827356568213,40.921886551573046,11.22423351139074
NC,2024,10.245634369864701,41.124019670938466,12.654096906439634
ND,1990,0.0,0.19102175168831953,93.31589465978193
ND,1991,0.0,0.003396058289077395,93.31481951684351
ND,1992,0.0,0.046619557194507284,93.72170728042028
ND,1993,0.0,0.024686525434342948,94.68766277285222
ND,1994,0.04658760299185497,0.00018864154933019388,93.22695207561439
ND,1995,0.07570960211447654,-0.001199824287801714,91.10345460787174
ND,1996,0.025491377935318096,0.0011356103128946124,89.30684093593702
ND,1997,0.013864787603278682,0.0013097685317424413,88.40084062351279
ND,1998,0.004968709033214092,0.0023767643603760324,92.12606006054196
ND,1999,0.01770992974817174,0.005105450631931608,91.32847167539596
ND,2000,0.025470122572130428,0.006665347436744352,92.83964432403029
ND,2001,0.02527028156863138,0.00836078722218515,95.20343681104278
ND,2002,0.0013096400495848889,0.025688110436004087,94.58643356010762
ND,2003,0.18989769182037403,0.030157592416530817,93.95054531574146
ND,2004,0.7353194166268653,0.030211010075926376,93.74707585549035
ND,2005,0.7213126767100032,0.02509033475648643,94.75816183547761
ND,2006,1.2079509896283935,0.022878043641981188,93.51660529856785
ND,2007,2.0313760794744957,0.05308078486156769,93.40076521008369
ND,2008,5.212790425684106,-0.00015579855173943126,90.64491099763342
ND,2009,8.79945287915269,0.04856057206143547,86.57901999057388
ND,2010,11.825222105691548,0.04707315945616094,81.92980782533057
ND,2011,14.952870404553973,0.05673428357340163,77.27766074795635
ND,2012,14.615996569039323,0.06006063530405499,78.1017019191528
ND,2013,15.774343625990479,0.15474606372406702,78.45947996784905
ND,2014,17.017655505210996,0.6426189882495192,75.12941238161676
ND,2015,17.518545555229846,1.9136405655068875,74.64193183167507
ND,2016,21.601411563872915,2.829390878997324,70.2135266136404
ND,2017,27.37310864690905,1.6287912171894936,64.46552775691956
ND,2018,25.18800926080083,2.39179941880527,64.62620567846949
ND,2019,27.251371194880132,3.573950519844255,61.125328587589316
ND,2020,32.327000980452965,3.5290592678032637,58.08175439435074
ND,2021,34.710995985394995,3.6663741892209627,56.707976956328096
ND,2022,36.598058834589054,3.2732606027672015,55.9248881938488
ND,2023,34.41197892775995,6.735199312878066,53.54341519596693
ND,2024,34.68873676802795,5.7385131832905625,54.47506785155232
NE,1990,0.0,1.4240125782192292,58.52543084972455
NE,1991,0.0,1.3187931469033924,59.091404142728805
NE,1992,0.028695014933447633,0.6487793492924884,55.4733500232637
NE,1993,0.02526266915169319,0.6724922528180727,64.91939648845384
NE,1994,0.042450731881641425,1.1778031073007753,63.8647288232054
NE,1995,0.0642894685883427,0.96990630051019,63.643013242808536
NE,1996,0.042170136501594874,0.708808553247329,58.74351200896461
NE,1997,0.059734403701859874,0.7427291536193182,60.6294601544567
NE,1998,0.06109361282651251,1.4393374595106796,63.82819182873536
NE,1999,0.05390648864505166,1.2065178474495613,59.34696491197309
NE,2000,0.05672991315692554,1.5505191487847263,63.40783190906807
NE,2001,0.063286422282384,1.1439349675508244,66.38860179158341
NE,2002,0.06664137766966384,1.3066340224806405,63.07671390041537
NE,2003,0.31081904955032813,1.2512417920891998,68.80149726897676
NE,2004,0.24352434832657574,0.929090892106895,63.91099684776415
NE,2005,0.4425716740526076,2.552009497362984,66.1635054661514
NE,2006,0.9891421112537243,2.3959638230147937,65.3064990369899
NE,2007,0.8569693908635654,3.4214785890656016,60.50640546275142
NE,2008,0.8498086800688538,2.342923948775175,66.34981822490614
NE,2009,1.3200118393411755,0.9163637129369154,68.67200213446945
NE,2010,1.3463088157834318,1.0238464061403647,63.78043181319708
NE,2011,3.0926802125864845,1.179925718902572,71.93574235426347
NE,2012,3.93590761068994,2.250616442703882,73.11863253234651
NE,2013,5.0372119391295005,1.1767946917743732,72.13952223404827
NE,2014,7.103810017277903,1.028908741537273,63.20405537825277
NE,2015,8.1523058056924,1.079975872663385,60.64033271393598
NE,2016,10.678162870344586,1.4727225989503208,59.95289127525687
NE,2017,14.676848199035998,1.7774855817985278,59.80053030218729
NE,2018,15.337060736754879,2.6099236124141028,63.044613492492715
NE,2019,19.645534975895913,3.4234253316197294,54.656103346018234
NE,2020,25.12613952179184,3.2801961079692377,50.988655469106206
NE,2021,25.7051019999579,3.0950598954422026,49.94241233747615
NE,2022,31.397231809386632,3.0968243507351856,49.014344532110144
NE,2023,30.458352447037978,3.5766557052554564,45.42032763562195
NE,2024,32.68719101666848,3.710741237665849,43.92337952050756
NH,1990,9.171334334419223,0.0,23.854544498934157
NH,1991,7.650305270086696,-7.031685689837548e-06,22.2767599764326
NH,1992,7.922120506946599,0.37705924482444,21.08244798178611
NH,1993,7.425025057317845,0.07081924500515922,20.090434138040578
NH,1994,8.026786111553285,0.8511569805873338,23.63345765151032
NH,1995,6.813134496697276,1.3042572039989428,21.818098415232644
NH,1996,6.4005184354178875,0.012301003144169221,19.39617370235405
NH,1997,6.8339279618428534,0.29529812018382867,25.674859855557443
NH,1998,6.929356617280299,0.14487670438657124,21.83539746431893
NH,1999,6.961392336530538,0.45990403383183914,20.558479341256575
NH,2000,7.362259745352077,0.9243456025244056,26.381108098400567
NH,2001,6.803625748808063,0.7862617336259929,24.587007941292597
NH,2002,5.421862790365596,1.3813572528135323,23.333340437500524
NH,2003,3.6851972812840166,19.287143412309806,18.165872864360953
NH,2004,3.69936287335785,22.616071252436623,17.072002694612745
NH,2005,3.849188801003089,27.726732307007765,16.644809301899432
NH,2006,3.382842266447211,27.223935066179983,17.61007392460782
NH,2007,4.825637960901692,24.71956321496285,16.872389690310733
NH,2008,5.136094815262426,30.919060512850642,15.08401978721678
NH,2009,5.940928149512287,26.494369554002898,14.310903296458928
NH,2010,5.551553817657954,24.17037876163863,13.88833673516096
NH,2011,5.43818443401184,33.17845617108114,11.004733642942536
NH,2012,7.185844746411711,36.67457604881076,6.595026333711349
NH,2013,8.57194017260275,20.730428347080938,7.399599245554286
NH,2014,9.992576155820373,22.459833573842683,6.709860252083142
NH,2015,10.23100493193084,30.234449194947235,4.679591362723611
NH,2016,11.003203786979205,24.604889004756803,2.188601857653987
NH,2017,11.588178054697696,20.52006434861188,1.6466075434515623
NH,2018,10.492495064714104,17.50753021743349,3.864346998412141
NH,2019,9.138547795631954,19.873503565149157,1.9028274613147962
NH,2020,8.521729323574982,22.250051343750663,0.7857948507997699
NH,2021,8.355625991449902,25.975746068777905,1.6527586924499573
NH,2022,7.135775721602079,23.99183922442895,1.6278490862987147
NH,2023,7.095257479658692,25.114699858228818,0.9517979763327178
NH,2024,6.566683659457391,26.094073954584804,1.3248946626995968
NJ,1990,0.6243089303030456,17.299291242771805,17.658308471045213
NJ,1991,1.8489095806675415,24.3367035587038,12.032063434692814
NJ,1992,2.0707876284576128,33.242548429010675,12.387965522363565
NJ,1993,1.9525893144180184,32.154466733417614,11.305790341984908
NJ,1994,2.3441188874025087,35.494387548662296,11.710892843494323
NJ,1995,2.7092956956723633,40.361557986936106,15.889563720499178
NJ,1996,2.6864443154884947,43.838761851782806,20.7645904720478
NJ,1997,2.8095810589937638,40.683551623551736,21.309872548214987
NJ,1998,2.43385556881046,30.600724692078465,14.195250652771911
NJ,1999,2.4034661574344263,30.102475694201587,14.19701816902894
NJ,2000,2.3488145821617428,28.422463444441068,17.37122777285063
NJ,2001,1.4197477468502013,28.11822065031943,15.683006385256725
NJ,2002,1.3760068782234263,30.97214204845015,15.600372958074116
NJ,2003,1.5797582798453593,25.74171439673595,17.055180641328157
NJ,2004,1.442015440226181,28.563933487254346,18.471817090271557
NJ,2005,1.4449397611871249,25.37782134684561,19.199833300255758
NJ,2006,1.5103474474745437,25.81274813884693,17.894398890915227
NJ,2007,1.3460367669415216,29.92174800420831,16.29243203960604
NJ,2008,1.4217400861744511,32.59022185373869,14.179067008765431
NJ,2009,1.5528421942812052,33.36770194818454,8.250713110604368
NJ,2010,1.2941865453525563,37.913039660156635,9.771082992067871
NJ,2011,1.4769690737205614,38.954211465736016,6.422683473197933
NJ,2012,1.9623783667564525,43.33960616950926,2.907410229021445
NJ,2013,2.2348987084716176,41.81642699695031,3.122145140458684
NJ,2014,2.2564415797861037,46.157001814783676,3.7017866254184395
NJ,2015,2.13797932309916,49.55772813041239,2.3577575103010555
NJ,2016,2.3688503608161806,56.44460904797714,1.693747244847513
NJ,2017,2.4816353831242193,49.84875505775283,1.6076394067075295
NJ,2018,2.596099614039577,51.79478526953258,1.590338195155237
NJ,2019,2.7930980616477554,56.95554952835429,1.4665544634718701
NJ,2020,3.3732817568971187,50.127241870245534,1.5001982278206993
NJ,2021,3.4270113099969475,48.08886776840993,1.6705691877200093
NJ,2022,3.3869788792104645,51.32799962176822,0.7651062617955349
NJ,2023,3.4772018720416167,51.46555179183008,0.0
NJ,2024,3.7762687962466956,49.27084218768033,0.0
NM,1990,0.04902116584601553,9.500581605876212,89.61396664645399
NM,1991,0.05589221790274264,11.329021836339452,87.54645585658108
NM,1992,0.05033232229302204,8.6025662501686,90.30609376646586
NM,1993,0.04110695433927459,10.049098736288173,88.736990219495
NM,1994,0.035543798732466415,11.15124001527574,88.02815297877237
NM,1995,0.030347463201144818,11.42762505472885,87.56430482637299
NM,1996,0.03273732655334039,11.787761730350393,87.38743933034695
NM,1997,0.01974422958839352,13.017705571136963,86.0668512533883
NM,1998,0.02848032529567982,13.963430779707839,85.19170652679897
NM,1999,0.033863380982930374,12.78078348295989,86.3041272921201
NM,2000,0.024878005479980318,13.633343934310778,85.43276971796502
NM,2001,0.05549267555888297,14.540413867896907,84.50103733399763
NM,2002,0.06329719346675643,11.224877336411831,87.7409728036342
NM,2003,0.5582140059952371,10.748846219747014,88.01670765510619
NM,2004,1.5587716236625335,9.08512811987701,88.83903549205183
NM,2005,2.2748324906088238,11.917286156319557,85.23324548901084
NM,2006,3.4276119077568135,15.804374675052411,80.12480134171908
NM,2007,3.916131608397232,18.507551396009035,76.70804935999898
NM,2008,4.489811722218609,21.524026166340587,72.99203452314583
NM,2009,3.9833858353632556,21.83041537251572,73.39078289369861
NM,2010,5.116449943012079,23.48060945931624,70.66675674099601
NM,2011,5.871290016743949,22.43511822079128,71.0844776441755
NM,2012,7.025486934144312,24.017531542618475,68.22281658140378
NM,2013,7.248339644481236,25.0209133067994,67.31146148100385
NM,2014,8.706434459504845,27.783067094530743,63.008415409916545
NM,2015,8.360945302705407,28.636769596211145,62.50354189750542
NM,2016,13.33641832344359,30.25504188512139,55.801060067826235
NM,2017,17.316104070274697,27.1796373131467,54.809228912952314
NM,2018,22.875967881428238,35.58881732398571,41.01628950174639
NM,2019,23.70657331118472,33.55609502449359,41.76793081126077
NM,2020,26.561628408188103,35.2214301008018,37.52887698124264
NM,2021,35.25526630563192,28.68005602919838,35.62226920526654
NM,2022,40.30299956203419,26.84869117481762,32.50748195677687
NM,2023,44.758935358621784,36.23911621239442,18.77256690016594
NM,2024,49.05505901737282,29.34155411197549,21.24032434049535
NV,1990,3.796339127565966,11.057113510087062,75.0761233344397
NV,1991,4.511211407789387,9.494455614369121,74.16985585086819
NV,1992,5.045378864919534,14.52913910470151,70.42783474046927
NV,1993,6.552736239830431,17.160739517102712,66.4945372554853
NV,1994,6.097343363028718,22.961451524441888,62.50462777401837
NV,1995,6.483460144414992,26.889311522945633,58.303403013704646
NV,1996,6.077631756303496,27.690160375862654,57.297240919691355
NV,1997,5.904221745264658,27.959261783335766,56.417859120178285
NV,1998,5.020964593421469,28.388858909396895,56.0580455955408
NV,1999,4.634173749614791,30.61214757659726,55.37618713872281
NV,2000,3.8630246120076657,35.69739141266084,53.35089854378966
NV,2001,3.54195951194425,33.988028562786965,52.35856595203809
NV,2002,3.512995990674044,38.05255612253881,51.14855011548373
NV,2003,3.2104672261584373,39.92415639420142,51.471657322657634
NV,2004,3.4446306205877835,43.487811155710496,48.469626349657204
NV,2005,3.13998803195484,46.83876053147192,45.71635345043158
NV,2006,4.217545738041236,66.4912754925279,22.766842408332298
NV,2007,3.968988301588969,68.1464643607772,21.70483103995698
NV,2008,4.385392249079467,68.31555646065739,22.263772552239566
NV,2009,4.796195785862896,68.63156005841432,19.99710755562114
NV,2010,6.506091347218628,67.39892121628459,19.90910096577023
NV,2011,7.631982011191234,68.39132227716827,16.93173286967533
NV,2012,8.44002161528204,72.91520835016074,11.598105072025874
NV,2013,10.125600592063737,67.95828966654035,14.4182073209743
NV,2014,11.297531478488779,63.780590272861765,18.188239803200712
NV,2015,13.069778038570346,74.26863631073944,6.805397852996037
NV,2016,17.28350249032316,72.6911010265789,5.446077180225051
NV,2017,20.566805930710096,69.69895836512764,4.8835832629125075
NV,2018,21.559634312011372,67.3270679661105,6.268998213204607
NV,2019,22.821242397152545,64.61565729063622,6.857559076713113
NV,2020,24.03178300815503,66.29929514706896,4.831696526471595
NV,2021,26.087035138465275,62.57975890742918,6.59202591983673
NV,2022,31.2528611702552,58.3314155167476,6.4220332543526295
NV,2023,33.658207906556186,58.34149326297378,4.884777730014971
NV,2024,36.7067063397556,54.90958429115067,5.102855848720624
NY,1990,1.4606582380176534,16.78984728970908,19.145823274522844
NY,1991,1.4719871135098839,17.142601380697705,19.806725233611505
NY,1992,1.7692465558498935,21.317924875642447,21.659337875724926
NY,1993,1.8378514343517243,21.79604112285946,19.724490935838393
NY,1994,1.989656840221595,25.573306715665115,18.480310319549446
NY,1995,1.9005176853419863,36.77033173331522,16.706667306982727
NY,1996,2.0317279204590504,27.59062660193599,16.703317868106645
NY,1997,1.918383430406211,32.86258213778766,17.083371771663142
NY,1998,1.8403349619773817,29.31840862770107,17.440434581447462
NY,1999,1.9399714245607487,31.4457996167455,15.973341311774842
NY,2000,2.0874140415555362,28.772432752754174,18.112506185314466
NY,2001,1.2514870020898998,26.889020311002724,16.281828720331205
NY,2002,1.294968221890117,27.545473911025418,16.647919609654696
NY,2003,1.2608676181559009,20.456022724706806,17.132010245960654
NY,2004,1.3856259590399562,19.783340523815085,16.564156215099338
NY,2005,1.353723153104079,21.698727649370706,14.022739415143512
NY,2006,1.825208670508237,29.616384955693242,14.738534656823733
NY,2007,1.9023224413858346,31.281904120784965,14.67352252766026
NY,2008,2.365028031935098,31.254136019914185,13.650112847512972
NY,2009,3.3548550869673464,31.377712671859033,9.582290873000524
NY,2010,3.515252524622695,35.71477385925844,9.917203540780838
NY,2011,3.5610824591390804,36.954194528238354,6.856369218669622
NY,2012,3.824476804752664,43.79688080815128,3.3520644194234404
NY,2013,4.325777033815534,39.93215726665075,3.450789105972595
NY,2014,4.7029117407846455,39.670867634171294,3.349973772464987
NY,2015,4.559441570078747,41.07571255844008,1.7174462720853316
NY,2016,4.705651570660884,42.264268776030136,1.3173696052921073
NY,2017,5.1589463670900395,36.92373635959981,0.6016744210402146
NY,2018,4.8577691386784,38.341558941133194,0.5209654316051824
NY,2019,5.262563004789341,36.17852894238836,0.3206234458167683
NY,2020,5.657244586932836,40.922106235874296,0.11101885122376047
NY,2021,5.78542513716672,45.15644135865854,0.0
NY,2022,6.576555546860893,48.17816562006402,0.0
NY,2023,6.98420980176167,47.104100010070944,0.0
NY,2024,8.333619280902953,48.324046632135875,0.0
OH,1990,0.4862927310808776,0.1887669989044505,90.50802705320943
OH,1991,0.5203873688223887,0.27199009833866367,87.66444784065044
OH,1992,0.4948455971728032,0.24715366060202296,88.07818103227645
OH,1993,0.2921768057881549,0.274666842633909,91.53977439891358
OH,1994,0.3867949580312804,0.28201337228085965,90.4419346130544
OH,1995,0.37335613007306195,0.5201670037918129,86.56957805013957
OH,1996,0.40770033130104544,0.284046603114347,89.06357263301963
OH,1997,0.40964700483536143,0.32835929001894865,87.83301088440876
OH,1998,0.40593400609545527,0.45800847568958286,87.3483379825925
OH,1999,0.44852038704217795,0.6228084842938472,86.64355200329577
OH,2000,0.43431489596021156,0.5535706762391698,86.93029692417055
OH,2001,0.30293513704630504,0.6497991411004641,87.3131296581942
OH,2002,0.10288446533715331,1.2012428192645825,90.40192127700733
OH,2003,0.3005473446851422,1.2231361818803361,91.90593117773571
OH,2004,0.28836454905849945,0.9376699680385515,86.39050872351346
OH,2005,0.2838574579173956,1.7172194815647452,87.16320740931103
OH,2006,0.29505435021246146,1.5305923105985608,85.82426729788818
OH,2007,0.2804559772581766,2.5618787907322296,85.8046542906346
OH,2008,0.40634042974833867,1.619421515430342,85.19157312931938
OH,2009,0.4654338693319083,3.417185914712096,83.5563296335207
OH,2010,0.4875328047845011,4.963747595489215,82.05388130643881
OH,2011,0.690110224781705,9.09946078664145,77.6902549066684
OH,2012,1.3400232798410916,17.469079579967065,65.96643707683916
OH,2013,1.463576584688456,15.802410720849808,68.88184701329438
OH,2014,1.5061370986662908,17.59267814101059,66.82330060877725
OH,2015,1.6719603542737254,23.740474981925068,58.262870763623326
OH,2016,1.6957725512487831,24.945672168440325,57.3671038634298
OH,2017,2.0036203795999388,24.88076607885899,56.569112873073585
OH,2018,2.013526345814052,35.929462566065965,45.90292862859497
OH,2019,2.3609848588964404,43.50012134500267,38.47345263484431
OH,2020,2.5514618782250253,44.008358145871625,36.73026257236295
OH,2021,3.09830507403374,44.76530210320082,36.25482479776277
OH,2022,3.3908625549965925,50.706675691302976,31.65640725800065
OH,2023,3.3969654174432815,59.07726359674899,23.596699902653786
OH,2024,4.984464580219456,59.64177134847511,21.07226488294588
OK,1990,0.5750807082654096,38.736411681005755,54.49409633325645
OK,1991,0.5461055440161989,37.509576801554296,57.85162898143362
OK,1992,0.4985657049666875,32.83465364306619,59.99995440587982
OK,1993,0.4938781320193599,31.532487041445872,59.61694873480505
OK,1994,0.5421447413851862,33.37852954123605,60.930074353402034
OK,1995,0.5465547575218636,31.73788239689294,62.24928996355561
OK,1996,0.4717353762669813,28.2966123956164,66.83661519602265
OK,1997,0.43723346807600194,25.882140876385446,68.16140412591356
OK,1998,0.391381758420614,32.54786481831171,60.86518006297897
OK,1999,0.2954997524029689,32.53839275889911,61.44133860492921
OK,2000,0.26665787566199983,31.495338557179117,64.16547828250857
OK,2001,0.41755347790792485,32.47780385144105,62.653597456626265
OK,2002,0.40390535734341404,35.565770541238926,60.76833445529735
OK,2003,0.5304464410953456,35.99509761812488,60.49518055166839
OK,2004,1.3545611066505339,38.34307213818114,55.658868597104934
OK,2005,1.6572759256753606,41.67195092769809,52.92188601163538
OK,2006,2.846034716762246,46.705014580496346,49.60997313880587
OK,2007,2.92368093835827,45.51541185728826,47.29245399163502
OK,2008,3.341727357084684,44.24819886064661,47.576885287026506
OK,2009,3.902221286640811,46.13396980814783,45.3717261379793
OK,2010,5.757664769989254,46.97762997089593,43.56376149152701
OK,2011,7.934019036320294,44.013653339814226,46.21488801814572
OK,2012,10.938506061395142,50.09757295146226,37.616227812186075
OK,2013,15.618066206809578,40.796112918385646,40.71935648406551
OK,2014,17.497114695377288,37.9748879004561,42.62809087651911
OK,2015,18.87240890581588,45.033241744111386,32.66150566418368
OK,2016,25.98300067534162,46.4421622898082,24.357055870581767
OK,2017,32.455761808896895,41.299180674829294,23.5554921906404
OK,2018,31.806197610816124,48.829975227973506,17.098540122123755
OK,2019,34.00820987896558,52.50566381169578,9.059386473552422
OK,2020,35.7849474345163,53.77234877058964,7.122072378869766
OK,2021,40.784331431034765,41.92608702123741,13.92615275125056
OK,2022,44.83487678998511,42.56271542378216,10.579593846615703
OK,2023,41.861821331626665,50.666658508525764,5.8257272957397905
OK,2024,41.04394060347843,50.752468304033165,6.5222321304185344
OR,1990,1.7740407632490247,1.6265468143999007,2.6152184310420528
OR,1991,1.7764421368969796,2.5780521901948172,5.931511400521982
OR,1992,1.9213550930026029,3.608212316178858,8.742586616427097
OR,1993,1.7529498323593518,4.242626120015267,8.399968646790466
OR,1994,1.4148088234972769,7.377273924390567,9.972396004538094
OR,1995,1.3036292741193287,5.199262671108867,3.4297404916272645
OR,1996,1.061437306610823,7.470289114038653,3.4211199947682664
OR,1997,1.1040058990109562,6.863715148959452,2.8994166202054177
OR,1998,1.1495902791566608,14.17454523187823,6.597697010922161
OR,1999,1.0522451954495704,12.103148751185325,6.548376859576937
OR,2000,1.3580929513868272,17.57100095143896,7.3426565662563075
OR,2001,1.8634683291756846,24.37846913735459,9.866514859548895
OR,2002,2.226762316072642,16.58810758165359,8.024914304053627
OR,2003,2.210909461332044,20.919958586075165,8.791479352701261
OR,2004,2.170251584633609,26.323173588636703,6.920149008360594
OR,2005,3.2448289967666093,26.743021181367187,7.027847519847085
OR,2006,3.4288810822581146,21.06954549429849,4.444314045776869
OR,2007,4.045717589923808,26.975786285122457,7.9008683608497465
OR,2008,5.829681641054552,29.611077188395235,6.88764745410973
OR,2009,7.5363600083935935,28.45864772265919,5.639184562674446
OR,2010,8.628947859106207,28.391126460557015,7.485324931255554
OR,2011,9.196419643046218,14.235205923036297,5.584231568139253
OR,2012,11.828201362387668,19.07790443658113,4.323349700563227
OR,2013,14.416629974742756,23.980160036244023,6.275921897220743
OR,2014,14.826257133099025,21.122717305600624,5.310375812790262
OR,2015,13.739082528442388,28.05955462859492,4.108348633627363
OR,2016,13.928274549407313,25.433946518206362,3.1541018742593407
OR,2017,12.079785314055625,24.02404531816605,2.755544171200614
OR,2018,14.400493436957799,27.954736876255193,2.3027749511959716
OR,2019,13.480092590912022,33.621714333772076,4.126609273373617
OR,2020,17.30115947587844,29.893875314181823,2.5621227275874987
OR,2021,19.707314078397395,34.902848349786,0.0
OR,2022,17.81119474703648,31.075506914685008,0.0
OR,2023,19.377856748026225,37.90583812592872,0.0
OR,2024,19.758736797676146,38.548311988220334,0.0
PA,1990,0.477397900783228,1.6136138100710333,60.74202473041862
PA,1991,0.7164601708115147,1.2206853042574135,61.372547127632735
PA,1992,1.047183325808951,1.5093360077939577,60.82567636040661
PA,1993,1.1427844932093927,2.135412375012783,59.670742456223
PA,1994,1.1617970946024874,2.2163150749309124,55.339150834185865
PA,1995,1.3288382738906601,2.6563214751283155,57.338309676333324
PA,1996,1.2641376148800552,1.6120601009347748,57.95496213130937
PA,1997,1.3133660697576186,1.3723044110952822,59.70360419659764
PA,1998,1.3940163391557987,2.034617979234832,60.8746435079824
PA,1999,1.4178084193464238,1.9544806508490846,57.17138318025044
PA,2000,1.3538055168186027,1.3382413766055865,57.619973684103535
PA,2001,0.9646092601127669,1.5445872698036562,56.92460502583443
PA,2002,1.0094288119806143,3.2867278817401937,55.74825546456917
PA,2003,1.016536443194804,2.6743634718440066,56.22008616031965
PA,2004,1.060127593083304,4.571748593362254,54.58706850841188
PA,2005,1.068043461190821,4.955612017682975,55.4507910397546
PA,2006,1.1301713695748161,6.188761614758121,56.010698610373
PA,2007,1.1261951854748458,8.491194194269372,54.26776719223999
PA,2008,1.2609693438423968,8.423894346290666,52.88190818185263
PA,2009,1.5271010865685184,13.310008307025202,48.053023655850645
PA,2010,1.8477185600043553,14.675634202339628,48.038382692010934
PA,2011,1.803222416675854,18.38515539869584,44.257178094551286
PA,2012,1.9958480387462674,23.75000746912599,39.006497255624915
PA,2013,2.5371918882493563,22.01978237620568,38.998594741962535
PA,2014,2.7508840513635033,23.987684696458846,35.73440648833389
PA,2015,2.7129594054386668,27.71193969056423,30.1275501920068
PA,2016,2.7634092229447744,31.64439106772439,25.423916557962958
PA,2017,2.85514258834913,33.94494534032834,22.301597648450972
PA,2018,2.7366438172836163,35.466984527255114,20.468516429330563
PA,2019,2.3239635396758374,42.81325019679113,16.563189229390883
PA,2020,2.5196277836990406,52.47464124294501,10.192898572545323
PA,2021,2.2560069816682065,52.48585975749848,12.139864051029507
PA,2022,2.2580521123510535,54.40229635294291,10.00153388893549
PA,2023,2.1831460833796728,59.02557371044492,5.44021679844813
PA,2024,2.4185708898875493,59.59144251606742,5.400266671472215
RI,1990,3.1387607512218736,79.19536970476359,0.0
RI,1991,2.4661470856536236,93.95888809253067,0.0
RI,1992,1.3339867362004345,96.39098011474952,0.0
RI,1993,1.6032851934796848,96.6419279719872,0.0
RI,1994,1.599076257363319,96.36078784344548,0.0
RI,1995,1.7764085617148742,96.30206944278268,0.0
RI,1996,1.220732649433241,96.86308457628954,0.0
RI,1997,1.3566285879349944,97.39091228765143,0.0
RI,1998,1.4483658958857444,97.41824593123914,0.0
RI,1999,1.7907186914731512,96.98471713679461,0.0
RI,2000,1.929802086394727,96.99020940141956,0.0
RI,2001,1.3811982363915662,97.64376773219342,0.0
RI,2002,1.385223965939067,89.42365233928011,0.0
RI,2003,1.8104496503826177,97.04423209150448,0.0
RI,2004,2.0554235112624557,96.8515939118358,0.0
RI,2005,0.0,98.94431032095913,0.0
RI,2006,2.4953060001927034,96.85813270551174,0.0
RI,2007,2.195183326042392,97.26132947055282,0.0
RI,2008,2.1443251129714294,97.43182389804294,0.0
RI,2009,1.8786969794294375,97.83721181619848,0.0
RI,2010,1.8100282488613426,97.99142467894234,0.0
RI,2011,1.4940716338885787,98.2645770453481,0.0
RI,2012,1.2263155437044682,98.50722755323241,0.0
RI,2013,0.8440949490430208,98.27565819100612,0.0
RI,2014,3.6043152320023024,94.9250272376415,0.0
RI,2015,3.396099650397268,94.91173031807521,0.0
RI,2016,3.7467678413254766,95.82045991666267,0.0
RI,2017,4.805933493115705,94.39589879947854,0.0
RI,2018,4.758098766402034,94.28892749201607,0.0
RI,2019,6.1474190175939025,93.66013312780031,0.0
RI,2020,6.908883027878772,93.00079595815149,0.0
RI,2021,7.1272009568094905,92.69024365389669,0.0
RI,2022,10.095348101715043,89.05703506370587,0.0
RI,2023,8.046784740284984,91.59069401621366,0.0
RI,2024,9.9735328541079,89.9170166963843,0.0
SC,1990,1.8480834386654383,1.103559379239494,32.80665038805589
SC,1991,1.9911981998006734,1.4985257621269004,33.00267759741281
SC,1992,2.3303237679007975,0.36561566538528134,31.923557380467756
SC,1993,2.037850159837242,0.2657069887003919,34.84492036343921
SC,1994,2.2023309815604954,0.4726905104566237,36.054335468754196
SC,1995,2.0356986005624167,0.8526151237180655,32.549749827124344
SC,1996,1.9684924511497939,0.2492441399709874,39.18228178169379
SC,1997,1.947540295969996,0.3596659466939067,39.06363060213571
SC,1998,1.8386994073038592,1.005730185743367,37.78911010601323
SC,1999,1.5922111772491434,1.159824130964741,39.68031809203295
SC,2000,1.52093217680755,0.9993996544477849,42.003165847922745
SC,2001,1.0028759075066656,1.3191199671212057,41.16130659941213
SC,2002,1.2887033152009468,4.6584051874342824,38.26261761975524
SC,2003,1.3820113080487186,1.7732052162699803,39.917835554593374
SC,2004,1.8002657526941845,3.877742243411265,39.740910982281804
SC,2005,1.7691517598969864,5.28137413315451,38.71842043282295
SC,2006,1.9245321580536554,6.112831007529284,39.76407570461607
SC,2007,1.9303603981433963,5.768311840193794,40.21451509196009
SC,2008,1.7982391313831165,5.673500877740652,41.13736946971769
SC,2009,1.7457802901451085,9.76793560832254,34.43430177207829
SC,2010,1.7983750906465772,10.491510610631368,36.16897246864384
SC,2011,2.0677042619369708,12.562901892737186,33.18218619682491
SC,2012,2.2153458646490654,14.81244171272546,29.34829708502287
SC,2013,2.337009236672854,12.424238691254892,25.624330655619733
SC,2014,2.513930206698922,11.740243117262093,29.75994628980604
SC,2015,2.375993389895661,17.14381705928569,23.44416676741887
SC,2016,2.455334578794471,16.875522061155284,21.655666907980432
SC,2017,2.6635173931797143,18.43163507407247,19.50103232198807
SC,2018,2.8197310078466176,21.792376336207102,19.622265339968703
SC,2019,3.023357769463516,23.899951596036196,14.845535455563851
SC,2020,3.8533201618203052,24.589694320534534,12.64512850999287
SC,2021,4.354410811107148,23.622516337740574,15.436866473644528
SC,2022,4.47127678216102,24.45954518603027,14.429676835262292
SC,2023,4.465657658081429,23.490975072557553,15.022223299253202
SC,2024,4.729963997959664,22.69856055529491,16.76039834477075
SD,1990,0.0,0.19304631851429013,38.467901771038164
SD,1991,0.0,0.13747846003433006,41.491337000845625
SD,1992,0.0,0.010277897046209234,42.04476360356518
SD,1993,0.0,0.20030402371910172,50.26308573990236
SD,1994,0.0,0.10557784379434532,35.455385008121375
SD,1995,0.0,0.7165284068747416,30.882420864856904
SD,1996,0.0,0.49400602447340497,20.165366053020215
SD,1997,0.0,0.9368809239824151,26.620087021961762
SD,1998,0.0,2.3184754301633075,34.042429356837225
SD,1999,0.0,1.7164396756776317,34.80525341083243
SD,2000,0.0,2.671238505993965,37.851381260649184
SD,2001,0.011769088590159123,4.118545935185156,48.80158654340517
SD,2002,0.07825735389910175,1.1108322526488748,42.36649564786548
SD,2003,0.5570230104167545,2.215856141056268,43.19327045607809
SD,2004,2.0995140750982597,1.494697754285031,48.20103661493534
SD,2005,2.4246220039384925,4.155123421792736,45.95082267137511
SD,2006,2.0886136380939346,3.7269762121116736,46.49183994432046
SD,2007,2.444641621873984,5.720459439706483,43.27040766026166
SD,2008,2.0726782208748338,3.2271577732245684,51.68221823628145
SD,2009,5.206544085540578,0.980097555905053,39.25261796728397
SD,2010,13.649748110279814,1.3404067570208513,32.819656353722664
SD,2011,22.237898678173067,1.0777103423480456,21.54837680549581
SD,2012,20.515780984480884,1.8660646014427984,25.439335882825286
SD,2013,26.587488147186143,4.967916001431018,28.186916828079926
SD,2014,21.248221957865404,4.227438418806684,24.45800182624481
SD,2015,25.926548782714644,8.02190753421067,15.520335080342816
SD,2016,32.23328436963519,7.970724868676168,18.072255701575052
SD,2017,27.070538297481857,5.983584618441641,18.859866461455347
SD,2018,22.484027926834255,9.255567120753026,18.542038471208418
SD,2019,19.24054538584967,8.062683265126669,18.040495505267344
SD,2020,39.28765898146536,7.793185315503672,11.651061789742354
SD,2021,53.98452374609097,7.573161446540143,9.458211037506388
SD,2022,57.685310021607265,7.956990160365693,10.47348386874037
SD,2023,54.133806312147435,12.134439249747565,8.962651061088113
SD,2024,59.563633450642044,10.831356122467264,7.48696554818864
TN,1990,0.5404776516874286,0.2942026963990956,68.02366773316118
TN,1991,0.6052001812349581,0.2588958332890378,63.30877615926102
TN,1992,0.6290866587216934,0.3543635889190467,66.27513347205138
TN,1993,0.6601167862698221,0.396197027188452,82.68997001645778
TN,1994,0.6739864553701101,0.3884319487147992,68.56268268584101
TN,1995,0.7380576661827685,0.554170503530031,69.37411026032815
TN,1996,0.6270181852034025,0.2713803448908304,62.06918606347592
TN,1997,0.6148754840631485,0.36832145260534593,62.509194298642925
TN,1998,0.6625961566138305,0.8778026649904029,58.15393053836919
TN,1999,0.7806771651010328,0.7428257418867699,60.94937258825499
TN,2000,0.8343706330218735,0.6769413454606132,64.92114908542472
TN,2001,0.8543006849079882,0.47338770095513316,62.07524983689797
TN,2002,0.8325798724855215,0.48855704681996104,62.11948128988391
TN,2003,0.8998263761761035,0.6798686006867943,59.553493165189124
TN,2004,0.8503846454856051,0.2996950382737592,59.49065471304738
TN,2005,0.7888255387191337,0.5469321514893891,60.80436553105726
TN,2006,0.8631567330559065,0.7073434193115954,64.42033445630315
TN,2007,1.020389249217216,0.7589234868030017,63.33211124837298
TN,2008,1.0647195416818658,0.5153462736944796,62.93408848774463
TN,2009,1.1923044312479378,0.5134683567493458,52.226373259498374
TN,2010,1.1992294953315856,2.7958985350392918,53.0308745288704
TN,2011,1.2573712053734054,4.018746728927357,50.27778350356346
TN,2012,1.0761864531776075,10.389496901508132,45.57046561418709
TN,2013,1.3938063631909758,6.298300393514045,40.78489684512871
TN,2014,1.4350933075155277,7.7975862367443245,45.121352130430566
TN,2015,1.4967977774963905,12.396164491176956,40.66539788878324
TN,2016,1.323068597146181,14.265723087941584,39.283319052924625
TN,2017,1.3705196435574112,12.990324825391403,35.0621235256506
TN,2018,1.4604269660405638,16.42905601878057,25.708704969928423
TN,2019,1.5582959435633772,20.594860193621034,22.704754517737285
TN,2020,1.37036822352255,19.447556109580205,17.68149123929558
TN,2021,1.3489648995830348,17.690993872551207,23.096939837580152
TN,2022,1.4426884396819444,21.170744878216215,20.356669792786143
TN,2023,1.8379314453083924,19.320917053809836,20.301664183009688
TN,2024,2.085957017001352,21.64120372394438,22.890387652798598
TX,1990,0.5103671909505068,48.385602218869195,42.94699273921136
TX,1991,0.5228204361541002,47.652536817928855,42.20500691114773
TX,1992,0.5659664160655884,46.38062427784645,41.818248904165785
TX,1993,0.5400443590276665,49.14903585875764,43.72737291759551
TX,1994,0.5139613407305104,47.0215482201216,40.740234039818354
TX,1995,0.4446611549489223,46.272649878880635,39.26407945269571
TX,1996,0.4399451874799059,45.00182282093008,41.29793240581814
TX,1997,0.45846938823144695,45.04786772554468,41.17843237818704
TX,1998,0.40220740188558507,48.44755278228454,38.113802345312436
TX,1999,0.42375519503358433,47.93516993245066,39.24417374948385
TX,2000,0.46873402722514323,49.9634969458615,37.24018723713979
TX,2001,0.5853628719450166,51.02554618591687,36.26064745149687
TX,2002,1.0308503046436848,50.9385039243283,36.783387262865
TX,2003,1.0458175881659817,48.7635821743892,38.76308863494968
TX,2004,1.0880595553053907,48.361537990814696,38.14629416085916
TX,2005,1.3451052992274999,49.83131944544899,37.40098847521434
TX,2006,1.951720961972818,49.39557925888185,36.54458266686076
TX,2007,2.5370671900508808,49.207169400821364,36.32100793352681
TX,2008,4.3576152314736,47.74034372346827,36.347895837300484
TX,2009,5.313741485307814,47.603665411941265,35.02463152171584
TX,2010,6.729453820049124,45.39336574868574,36.476715826208896
TX,2011,7.390318914129039,46.04150944939033,36.25830133132034
TX,2012,7.914310590913233,49.766183399361736,32.12754859089606
TX,2013,8.712802386763977,47.025321347026875,34.474176517083606
TX,2014,9.619026560146283,46.779542149322474,33.858245186430096
TX,2015,10.376081893079732,52.849601718295126,27.02249163108138
TX,2016,13.202203951347471,49.76928949282764,26.70004959898576
TX,2017,15.642219399086382,45.166638944369375,29.73719825333957
TX,2018,16.8630468358886,50.21721299519951,23.404645529977145
TX,2019,18.51128231553794,52.90345106900237,19.001767196146567
TX,2020,21.615671970469865,52.08484302701923,16.646840470267747
TX,2021,24.00707709173148,48.38094925842594,18.432955855345924
TX,2022,26.391137404725733,48.73630998271506,16.237234604849526
TX,2023,27.276950659173846,51.55517656402002,13.085237310377359
TX,2024,29.25898102711209,51.75500049877963,11.570155868351325
UT,1990,0.46624232089761497,0.4498528246576639,96.80436146697691
UT,1991,0.6105080111372532,1.8028771215645916,94.6951059247347
UT,1992,0.560725157481214,1.899787463656243,94.93293029824258
UT,1993,0.4349860717429292,1.7796029855098796,94.32643369263502
UT,1994,0.5534702354194698,2.2935557215174525,94.12967086755587
UT,1995,0.4259467410206506,2.4116884891903005,93.30539511405175
UT,1996,0.5824010971641329,0.9829915220873261,94.38265413901813
UT,1997,0.48547179880095226,0.9436621325082942,93.75375732321524
UT,1998,0.4457117333320709,1.471040586258644,93.5318067759144
UT,1999,0.4450201317789594,1.6584563530178964,93.88101192704735
UT,2000,0.43965329469956,2.4317140608363927,94.2155051504444
UT,2001,0.44134295575776594,4.033265697451452,93.93524526723147
UT,2002,0.6116722619368229,3.7701619506532493,94.20815169841414
UT,2003,0.5353192403909712,3.6374898727545104,94.62172321837669
UT,2004,0.5199861812959847,2.3810597394633626,95.828211139141
UT,2005,0.4945613837929706,3.0852795972323532,94.24939482062828
UT,2006,0.49796279136406946,8.212014136330849,89.31793764360816
UT,2007,0.42967585595483615,16.36278743271679,81.92348351399497
UT,2008,0.6480678759116038,15.81473299323127,81.62596975793453
UT,2009,1.1173704232139001,14.799278854490002,81.58870555060744
UT,2010,1.848470822809011,15.279277044584468,80.6101418589704
UT,2011,2.3532699330487157,12.871062401114928,81.14786347852385
UT,2012,2.790967917360322,16.69824762661872,78.16448109064697
UT,2013,2.191466238670587,15.538400166017201,80.63870394318151
UT,2014,2.8692739530856177,19.131005323661604,76.22941493074516
UT,2015,2.7948715014760737,19.589600449306207,75.46401211753667
UT,2016,6.41193060415911,22.791567655972916,68.02195409819834
UT,2017,9.697332472715349,15.692482248150293,70.53794094688007
UT,2018,8.9991615074418,22.15625411424141,65.80874913245378
UT,2019,8.656479646603055,23.952102911281642,64.52694405529172
UT,2020,10.321490297395263,25.507782190398338,61.492789892089505
UT,2021,11.288436954262059,25.105542274761724,61.96444339090832
UT,2022,12.983403791033286,28.200565870503926,56.8481022579496
UT,2023,15.412573484424696,35.329744665675165,46.57264445769556
UT,2024,18.730277242729574,33.131670586242244,45.44494426551947
VA,1990,3.415808073204141,2.1588903285181784,45.46779879286494
VA,1991,3.4609781773475,3.162645082339569,45.35319185075492
VA,1992,3.6181256953347503,4.3932326234321994,46.53760160578208
VA,1993,2.8193240393961743,7.1486203191162625,48.02141647335367
VA,1994,3.3053127561083895,7.544271033612122,42.85433700671425
VA,1995,3.3329136771987553,8.622520777939293,45.23629357479578
VA,1996,3.4681674197284953,5.878973815237693,48.55637242455643
VA,1997,3.597296920423682,2.7439828287197723,49.85735164043716
VA,1998,3.599145694192998,5.868113462765272,48.304758988501284
VA,1999,3.648691701278408,6.278255734140039,47.9643692405699
VA,2000,2.777714081615124,6.02845573166357,51.51138816134916
VA,2001,2.3575708709630625,5.66235092892156,50.96827261410368
VA,2002,2.761487931089352,5.848795312769167,50.77268244761985
VA,2003,3.0027571584006356,6.1334505032703746,49.254570012622594
VA,2004,3.0828336715672133,8.15944960230692,45.19136618942145
VA,2005,3.16417488076372,10.5072840805672,44.8739657812794
VA,2006,3.3645361677876786,9.874771753377882,46.92535686930656
VA,2007,3.274061256392841,13.91496867165497,45.202293037741576
VA,2008,3.7128708614102286,12.816828947739738,43.72179179020556
VA,2009,3.449554412394178,17.41013742374547,36.52758752859826
VA,2010,3.042012894253765,23.297177815515667,34.891678170582935
VA,2011,3.2932537702787394,27.49683057293775,29.819794910886248
VA,2012,3.3339970385600015,35.39442997934597,20.046576698207154
VA,2013,3.7790264204032833,29.456669439429444,27.518135892661938
VA,2014,4.993430038472369,27.070598326068335,26.988949257039106
VA,2015,4.909465515115507,39.430859211848535,20.413577793912477
VA,2016,4.443476322090259,44.19523289080956,17.826626443754297
VA,2017,4.558980288130961,49.2239420201139,11.863260585666112
VA,2018,5.168463439214356,52.5188594291429,9.701980190980922
VA,2019,4.849341622385319,59.88491674365829,3.5300984670296462
VA,2020,4.649387666420318,60.76588203728185,3.651213867691218
VA,2021,7.393725308008237,57.35164383064275,3.4751135831888558
VA,2022,9.300588724573517,54.541177890599656,3.7395764792923796
VA,2023,9.696481011328173,55.573312717912835,1.5539613375646546
VA,2024,10.161959827793199,59.39522942933554,1.9202878247189605
VT,1990,2.2266188081271734,1.264129255236335,0.0
VT,1991,2.3453480289941417,1.7695112365754544,0.0
VT,1992,3.0438948186726384,1.2960607719446373,0.0
VT,1993,5.701063684316497,0.44270112721035626,0.0
VT,1994,4.462732084393354,0.1033642334116072,0.0
VT,1995,5.984792430788622,0.12776978261113917,0.0
VT,1996,5.908111576583623,0.0018130437846335754,0.0
VT,1997,5.89611406525227,0.001637168873793292,0.0
VT,1998,7.10491100716354,0.016719578302718176,0.0
VT,1999,7.109921763351628,0.32069258798795774,0.0
VT,2000,5.707935917641941,1.44042199493766,0.0
VT,2001,6.97989312876258,0.20070743898402624,0.0
VT,2002,6.70744603835277,0.06002356956044419,0.0
VT,2003,6.720944823474335,0.03365980077512101,0.0
VT,2004,7.386654562691177,0.05893558746112472,0.0
VT,2005,7.3814078091504705,0.03918306801673327,0.0
VT,2006,6.350764446221132,0.026466811888299045,0.0
VT,2007,7.959860443280442,0.03243708082070451,0.0
VT,2008,6.236430048549782,0.038928385845844175,0.0
VT,2009,5.891575079905547,0.06084576018613777,0.0
VT,2010,7.28609861948432,0.05714510142764566,0.0
VT,2011,6.3855023300229,0.04836576403293565,0.0
VT,2012,7.035436416121151,0.0384011218753904,0.0
VT,2013,10.814061621720544,0.04399665355102681,0.0
VT,2014,11.200524391038249,0.03505705980919289,0.0
VT,2015,42.27952213040357,0.07532616532302211,0.0
VT,2016,43.30812936536963,0.10281460877864093,0.0
VT,2017,39.791014052567775,0.08438452069405451,0.0
VT,2018,41.58464189745814,0.08247223962384949,0.0
VT,2019,41.52628310444852,0.08083682490769928,0.0
VT,2020,47.556143158503936,0.09372071227741331,0.0
VT,2021,47.81560779673417,0.09745206037093461,0.0
VT,2022,47.32568346697475,0.06864090549214247,0.0
VT,2023,37.67314638865672,0.05096365251336687,0.0
VT,2024,42.933014474802015,0.047279837761096045,0.0
WA,1990,1.1063515622911237,0.2822118876180688,7.240293922106568
WA,1991,0.743128048624834,0.44757605193213584,7.723083110987573
WA,1992,1.4727974395816288,1.4728575674025066,11.167757556855856
WA,1993,1.4013286274104793,3.634202850827749,10.040344436532953
WA,1994,1.40367249736856,5.441668093897312,11.098005524003462
WA,1995,1.2065607890190282,4.784461347257263,5.776012165297133
WA,1996,1.0858707939208077,3.9670833516913953,6.798629696951575
WA,1997,1.0155211044984322,2.4250830700352695,5.724014084549137
WA,1998,1.3036329778817835,4.254514954349177,9.115447339931785
WA,1999,1.1411753908206328,3.16630490081063,7.424137938279501
WA,2000,1.3780561671770288,7.114235000121955,8.725828017215575
WA,2001,1.4706207994736196,11.287652304216941,10.936187309636473
WA,2002,1.677774723561653,4.592330847741151,8.427773030378967
WA,2003,2.126291593227457,7.075904755028416,11.079304895401496
WA,2004,2.2624409763918094,8.289331659127429,10.188739491856765
WA,2005,2.0729116660136704,8.413155973298904,10.292080142518303
WA,2006,2.313106304525039,6.927163999977635,5.889683161271961
WA,2007,3.4868178648520733,6.81127135203399,7.997755533106359
WA,2008,4.455929822568756,8.850934856068681,7.905590956964652
WA,2009,4.8288164809745195,11.45891237642054,7.157809399936344
WA,2010,6.39488690783443,10.011560630627612,8.240753947834893
WA,2011,6.95311590488541,4.207355469596977,4.536237264128047
WA,2012,7.030698630372301,4.654059987414953,3.220731600923976
WA,2013,7.726670353438865,10.006147541143523,5.903698707687814
WA,2014,7.829300616877921,9.506060560971138,5.77639128002102
WA,2015,8.29681389423478,11.937259076883278,4.622593564213013
WA,2016,8.809218247944354,9.626193376535726,4.033538317415803
WA,2017,7.612850319187618,9.359912432939042,4.735920617349298
WA,2018,8.312127346424719,9.023101358038216,4.6103261423159605
WA,2019,7.761552661262429,14.77375536624684,6.7347914791691075
WA,2020,9.214725076292819,12.069501106442653,4.452688875946105
WA,2021,9.799565648456564,14.971113968154816,2.8269706734600386
WA,2022,8.1043718211851,12.453731880487272,3.055923147128515
WA,2023,8.916764815047465,18.84978337102817,4.042912335256771
WA,2024,10.166229204088362,17.67371635875728,2.7799390945369864
WI,1990,1.7436674275040744,0.7268417580098263,69.43632961533913
WI,1991,1.6529516527804502,0.7731264730891753,69.87295169046527
WI,1992,1.8731116700186186,0.7763644832152298,69.19940586665264
WI,1993,1.969033661638974,0.8194424074961396,68.7737676038115
WI,1994,2.10248657560106,1.154826332954888,69.67102189109771
WI,1995,2.0163276498169216,1.8704477675823385,70.64395797046726
WI,1996,2.0664034595925957,1.5470360334903306,72.16361091972641
WI,1997,2.340327173092594,2.770361727099743,81.6440628398393
WI,1998,2.308466438446065,4.401041740943002,72.67645714470159
WI,1999,2.0120653540638154,3.773015440309098,70.26368162246565
WI,2000,1.9342128870167346,3.7513569794805774,70.92523513139545
WI,2001,1.875673324792761,3.801624517125285,70.20259930023487
WI,2002,1.7380934557865921,3.5534193082840098,68.12682583646153
WI,2003,2.0387135083124144,4.122238915013824,69.38711470803115
WI,2004,1.8424042260084894,3.9794270265797134,69.72987462820085
WI,2005,1.9112970836363947,10.330495285829617,67.496222866654
WI,2006,2.053254743040147,8.693211629367713,65.08207686382329
WI,2007,2.0973415156151627,10.236134267793206,63.14537337773737
WI,2008,2.762991958592022,8.26028002244187,65.6996729104355
WI,2009,3.903154919373319,9.146474277615427,62.17574958646783
WI,2010,3.846679451946337,8.546830042640593,62.45714953775198
WI,2011,4.368841190782977,9.864751391148765,63.10341511066674
WI,2012,5.055891099202336,18.104842629923343,51.385024327014605
WI,2013,4.839063058704417,12.283426550221215,61.61834547482242
WI,2014,5.342506998631421,13.188454768603501,61.32709261814286
WI,2015,4.7644805319479,20.190985609548424,56.02839732976626
WI,2016,4.5988731042165645,23.816478590825678,51.35382696813291
WI,2017,4.795258623172293,20.974112086575563,55.066334847412655
WI,2018,4.723453152558822,25.476903998515063,50.53684358945944
WI,2019,5.174483907817115,32.393019633719845,41.952503523774915
WI,2020,4.869173061786898,35.80583885265306,38.66828254436293
WI,2021,4.717013128285806,33.20343771158595,42.69304572994663
WI,2022,6.163692068208093,38.0089701218345,35.798820829146614
WI,2023,6.467911685781504,40.961989540790654,33.712434174296654
WI,2024,9.129448181105241,40.20685043267742,31.808043661268776
WV,1990,0.0,0.11323047061974607,97.61605623487105
WV,1991,0.0,0.08009399140482298,97.88089369193763
WV,1992,0.0,0.16079848095621824,97.59531124530025
WV,1993,0.0,0.21169735088943603,97.6180348986913
WV,1994,0.0,0.20943136337424076,97.78830144961395
WV,1995,0.0,0.2643168622707552,97.73619785494265
WV,1996,0.0,0.20757667530431873,97.67849595093726
WV,1997,0.0,0.236806139334584,98.16085583569435
WV,1998,0.0,0.1987380473887999,98.26676027647098
WV,1999,0.0,0.1736904541089992,98.56021478173436
WV,2000,0.015540809398778289,0.150238233544079,98.20937506218692
WV,2001,0.018973144392080695,0.33709193519168806,98.01761250832068
WV,2002,0.015412336566047624,0.25446975963962504,98.08948760349521
WV,2003,0.18368403077833567,0.29335069298936856,97.63220968795423
WV,2004,0.1819084086449358,0.28446935484765934,97.58777207180131
WV,2005,0.1651299098324792,0.3066361118568359,97.64031863487908
WV,2006,0.18552631068428513,0.38568874813458937,97.50310406123045
WV,2007,0.17841206554762282,0.4139051758629644,97.79966401410178
WV,2008,0.42966055027739014,0.197984930209297,97.79461292892624
WV,2009,1.0477178021679197,0.15460739357180786,96.18180557983572
WV,2010,1.1625006079111293,0.1727971525609809,96.73051314804239
WV,2011,1.4075240997028173,0.3183110105235825,96.15755613257696
WV,2012,1.7661120608695373,0.3308578317542961,95.7147117750498
WV,2013,1.832927485779792,0.3554290538761695,95.28267396969018
WV,2014,1.796207251365252,0.8059528857398306,95.62675734170189
WV,2015,1.9105150573545828,1.8032023644590076,94.13630233535751
WV,2016,1.8858283231700925,1.6124824091678902,94.16666596438527
WV,2017,2.293358732381387,2.0812278787541705,93.17302297201579
WV,2018,2.631984627286418,2.112134711246743,92.25239325031106
WV,2019,2.5515552531277788,3.5093180687642405,91.01454425821227
WV,2020,3.3607632889141916,4.900455128879058,88.62520186314056
WV,2021,2.482381122941692,3.988201724638364,90.6305545639933
WV,2022,3.5596650228640567,3.7244535285754825,89.50353796393422
WV,2023,4.013494117366254,7.0374532883873675,85.67665970812051
WV,2024,4.340920842921107,7.475575858381386,85.18237776841099
WY,1990,0.1261789722642659,0.6709249151312577,97.33208521883634
WY,1991,0.12835132066994706,0.8187689530674896,96.90307144405007
WY,1992,0.00869239820582497,0.8034511740317476,97.42639561138425
WY,1993,0.0,0.8965608549571349,96.89914149037091
WY,1994,0.0428814422303373,0.9321737205360133,96.67913925969283
WY,1995,0.0,0.8010859888855623,96.88153087246774
WY,1996,0.0,0.9113065115071867,95.80011533565927
WY,1997,0.0,0.9310941274867868,95.38809659469473
WY,1998,0.004509640442508413,0.8124277134407308,95.93529678153246
WY,1999,0.025554351228766654,0.870048881692315,96.11890368578773
WY,2000,0.5405316888189021,1.1850632650961834,95.77931115735868
WY,2001,0.8155068575702966,1.3217563023179477,95.56104528630341
WY,2002,1.0216783411797217,1.6286374522800524,95.75030869266627
WY,2003,0.8400333356239846,0.6422595094616812,97.0542055968512
WY,2004,1.3759160163975739,0.1939336010914576,96.73746447143212
WY,2005,1.5740759049026092,0.7131889536504757,95.12450669950717
WY,2006,1.6719269027983692,1.1041099444784261,94.47461992049844
WY,2007,1.6542260216543614,1.301732679374966,94.5069351046291
WY,2008,2.0699628528310092,1.0638155572178574,94.20963643188986
WY,2009,4.836504696191628,1.0602267099423732,91.14704375125953
WY,2010,6.747388477801422,0.9538447956819945,89.33331136014702
WY,2011,9.68097405237388,0.9633603514220945,85.9839704682645
WY,2012,8.810707443560725,1.034340428928371,87.54383214563443
WY,2013,8.447075196945336,0.9763885666632575,88.47935669550277
WY,2014,8.86538308183548,1.1210539046831827,87.34805850179681
WY,2015,7.671993183750717,1.475097709110178,88.00133209387418
WY,2016,9.407747623435297,1.6892411646533407,85.79032390466264
WY,2017,9.243655032366501,1.6665773106179846,85.72311414487139
WY,2018,8.800247292816797,1.9433539144662482,86.04955320221991
WY,2019,10.304634954549053,2.442135436211979,83.93706815240935
WY,2020,13.515509001704292,3.2698516095395895,79.40566217091438
WY,2021,19.849940902990525,3.453003473663497,73.71739425353601
WY,2022,21.50288951989031,3.584344973833751,72.31868339283601
WY,2023,20.402953399865034,4.9314682101700225,71.42887612311036
WY,2024,23.15200636711894,13.328841304718964,59.89223061645846
