year,state,residential_revenue_k,residential_sales_mwh,residential_customers,residential_price,commercial_revenue_k,commercial_sales_mwh,commercial_customers,commercial_price,industrial_revenue_k,industrial_sales_mwh,industrial_customers,industrial_price,residential_bill,residential_use_per_customer
1990,AK,167997.0,1661311.0,196084.0,10.11,177644.0,1972116.0,31721.0,9.01,36307.0,459282.0,338.0,7.91,71.39669733379573,8.472445482548295
1991,AK,171087.0,1602777.0,195566.0,10.67,185864.0,2005247.0,32138.0,9.27,38275.0,465878.0,361.0,8.22,72.90249838929057,8.195581031467638
1992,AK,177544.0,1640136.0,199206.0,10.82,192322.0,2034708.0,32972.0,9.45,39055.0,504277.0,324.0,7.74,74.27152461940571,8.233366464865517
1993,AK,181603.0,1629036.0,202132.0,11.15,196902.0,2062399.0,33376.0,9.55,41052.0,501059.0,348.0,8.19,74.86980455016194,8.059268200977579
1994,AK,191083.0,1688134.0,206290.0,11.32,208213.0,2154843.0,33959.0,9.66,42792.0,511428.0,350.0,8.37,77.19028228868744,8.183305055989141
1995,AK,192455.0,1712906.0,210609.0,11.24,209898.0,2200043.0,34577.0,9.54,45795.0,546437.0,411.0,8.38,76.1501961771181,8.133109221353314
1996,AK,200660.0,1766184.0,215712.0,11.36,215454.0,2249874.0,35666.0,9.58,49458.0,584198.0,528.0,8.47,77.51848143203283,8.187694704049845
1997,AK,197457.0,1725834.0,215076.0,11.44,207316.0,2180632.0,34594.0,9.51,56544.0,755723.0,414.0,7.48,76.50667670962822,8.024298387546727
1998,AK,203284.0,1767992.0,222927.0,11.5,218594.0,2306729.0,36517.0,9.48,58623.0,818182.0,418.0,7.17,75.99049614148727,7.930811431544855
1999,AK,208179.0,1865743.0,227247.0,11.16,219482.0,2385303.0,36536.0,9.2,61735.0,843733.0,473.0,7.32,76.34094179461115,8.210198594480895
2000,AK,212474.0,1854968.0,230534.0,11.45,218572.0,2236477.0,38074.0,9.77,78418.0,1036627.0,854.0,7.56,76.80501213125468,8.04639662696175
2001,AK,229169.0,1891468.0,234646.0,12.12,235455.0,2289011.0,38290.0,10.29,82179.0,1079423.0,908.0,7.61,81.38820464302255,8.060942867127503
2002,AK,232769.0,1932217.0,239822.0,12.05,226791.0,2238236.0,37681.0,10.13,83223.0,1087855.0,1842.0,7.65,80.88255734113912,8.056879685766944
2003,AK,238065.0,1987009.0,246921.0,11.98,259408.0,2473028.0,41843.0,10.49,86770.0,1103645.0,2078.0,7.86,80.34452314707943,8.04714463330377
2004,AK,256461.0,2061905.0,251198.0,12.44,285728.0,2600608.0,44047.0,10.99,93819.0,1125971.0,1113.0,8.33,85.0792999944267,8.20828589399597
2005,AK,274152.0,2061652.0,256717.0,13.3,311427.0,2694911.0,44834.0,11.56,107443.0,1156008.0,1123.0,9.29,88.99293774857138,8.030835511477619
2006,AK,314378.0,2120254.0,261502.0,14.83,336254.0,2819210.0,45690.0,11.93,143432.0,1242827.0,1383.0,11.54,100.18342753274034,8.10798387775237
2007,AK,320973.0,2114456.0,265449.0,15.18,344694.0,2828388.0,46047.0,12.19,174804.0,1383766.0,1349.0,12.63,100.76417692287407,7.965582842655275
2008,AK,352595.0,2129811.0,268824.0,16.56,389106.0,2851782.0,47069.0,13.64,190536.0,1344351.0,1350.0,14.17,109.30168685335634,7.922696634229086
2009,AK,362944.0,2117393.0,269745.0,17.14,410852.0,2841337.0,47350.0,14.46,172415.0,1311441.0,1367.0,13.15,112.12564953320111,7.849609816678715
2010,AK,340340.0,2093217.0,271956.0,16.26,394632.0,2829738.0,47844.0,13.95,187290.0,1324083.0,1350.0,14.14,104.28770340300146,7.696895821382871
2011,AK,376005.0,2134422.0,273855.0,17.62,430938.0,2854410.0,48503.0,15.1,209034.0,1330708.0,1250.0,15.71,114.41730112650856,7.793985868434025
2012,AK,386304.0,2160196.0,275405.0,17.88,429152.0,2875038.0,48790.0,14.93,232325.0,1381177.0,1263.0,16.82,116.88967157459014,7.8437065412755755
2013,AK,381181.0,2103966.0,277275.0,18.12,440007.0,2824199.0,49182.0,15.58,212159.0,1340047.0,1314.0,15.83,114.56165659844318,7.58801190154179
2014,AK,391068.0,2043614.0,281438.0,19.14,472078.0,2761518.0,51017.0,17.09,212988.0,1359680.0,1287.0,15.66,115.79459774444105,7.261329315870636
2015,AK,405270.0,2044184.0,282282.0,19.83,481839.0,2763491.0,50642.0,17.44,196314.0,1351529.0,1299.0,14.53,119.64099730057177,7.241637794829284
2016,AK,407365.0,2006392.0,283260.0,20.3,479547.0,2731499.0,52804.0,17.56,210807.0,1385311.0,1343.0,15.22,119.84425380686766,7.083216832591965
2017,AK,438240.0,2060349.0,285697.0,21.27,510932.0,2704890.0,53472.0,18.89,232117.0,1420560.0,1374.0,16.34,127.82773357788146,7.211657805297221
2018,AK,433247.0,1974906.0,287526.0,21.94,491609.0,2646058.0,53957.0,18.58,231156.0,1351503.0,1387.0,17.1,125.56748491150945,6.868617098975397
2019,AK,441887.0,1928208.0,289290.0,22.92,522388.0,2638846.0,55080.0,19.8,212081.0,1251751.0,1126.0,16.94,127.29066565268992,6.665311625012963
2020,AK,471526.0,2089046.0,315208.0,22.57,494103.0,2524116.0,61993.0,19.58,207206.0,1304415.0,1129.0,15.88,124.66001285923369,6.627515799091394
2021,AK,469886.0,2083911.0,292451.0,22.55,501658.0,2558649.0,56005.0,19.61,223588.0,1326779.0,1135.0,16.85,133.89308522339354,7.125675754228913
2022,AK,473751.0,2050472.0,294370.0,23.1,516678.0,2575918.0,56372.0,20.06,253566.0,1375690.0,1149.0,18.43,134.11437986207832,6.965628290926385
2023,AK,490072.0,2050667.0,296192.0,23.9,543148.0,2602872.0,56796.0,20.87,256386.0,1371059.0,1161.0,18.7,137.88128421204263,6.923438175237684
2024,AK,513968.0,2070594.0,298397.0,24.82,561566.0,2603674.0,57009.0,21.57,264999.0,1372235.0,1191.0,19.31,143.53584877417222,6.939057698301256
1990,AL,1366084.0,20718677.0,1639685.0,6.59,738047.0,10978790.0,229488.0,6.72,1199222.0,27617687.0,9341.0,4.34,69.42817268764021,12.635766625906806
1991,AL,1424738.0,21293428.0,1665985.0,6.69,772998.0,11349000.0,235139.0,6.81,1223476.0,27985476.0,9080.0,4.37,71.26604781355574,12.781284345297227
1992,AL,1413406.0,21136706.0,1693256.0,6.69,747868.0,10916983.0,240053.0,6.85,1263895.0,29476078.0,11764.0,4.29,69.56055867118341,12.482876777049661
1993,AL,1544205.0,22627783.0,1722749.0,6.82,780261.0,11254231.0,246901.0,6.93,1324477.0,30523625.0,12473.0,4.34,74.69674920722636,13.134695187749347
1994,AL,1549858.0,23158543.0,1751764.0,6.69,800360.0,11844229.0,255883.0,6.76,1314960.0,31918985.0,13013.0,4.12,73.72844363357926,13.220127254584522
1995,AL,1630854.0,24313900.0,1780969.0,6.71,826558.0,12284265.0,263949.0,6.73,1331891.0,32847459.0,13136.0,4.05,76.30930128486234,13.652062444657936
1996,AL,1700370.0,25634024.0,1806141.0,6.63,864635.0,13327556.0,270056.0,6.49,1305779.0,33522650.0,13363.0,3.9,78.45317724363713,14.192703670422187
1997,AL,1678848.0,24893128.0,1843764.0,6.74,1040399.0,16397194.0,285338.0,6.34,1209020.0,32617254.0,7335.0,3.71,75.87955942300641,13.501255041317652
1998,AL,1896784.0,27327100.0,1873465.0,6.94,1154986.0,17662317.0,295798.0,6.54,1305706.0,33539416.0,6442.0,3.89,84.37058249464673,14.586394728484386
1999,AL,1901352.0,27047743.0,1900692.0,7.03,1187496.0,18144535.0,304125.0,6.54,1319741.0,34532960.0,6378.0,3.82,83.36227016265654,14.230471323076017
2000,AL,2027802.0,28756115.0,1930037.0,7.05,1253946.0,19056898.0,313017.0,6.58,1357295.0,35034489.0,6252.0,3.87,87.554539109872,14.899255817375522
2001,AL,1950059.0,27802207.0,1946833.0,7.01,1233009.0,18868139.0,318692.0,6.53,1212229.0,31949084.0,6053.0,3.79,83.47142084948564,14.28073543031169
2002,AL,2138395.0,30021763.0,1970678.0,7.12,1304740.0,19665858.0,326065.0,6.63,1244386.0,32615340.0,6160.0,3.82,90.42552021859143,15.23423055415446
2003,AL,2175026.0,29416418.0,1988013.0,7.39,1399001.0,20410633.0,344491.0,6.85,1355118.0,34017169.0,6500.0,3.98,91.1725258671179,14.796894185299593
2004,AL,2295151.0,30109115.0,2012781.0,7.62,1506485.0,21166144.0,346024.0,7.12,1476774.0,35595260.0,8490.0,4.15,95.02404053562377,14.958962251730318
2005,AL,2504003.0,31315100.0,2037474.0,8.0,1619523.0,21607755.0,352197.0,7.5,1641194.0,36278765.0,8721.0,4.52,102.41451751858756,15.369570360161651
2006,AL,2824690.0,32277083.0,2065096.0,8.75,1808546.0,22119933.0,359846.0,8.18,1778046.0,36280679.0,8878.0,4.9,113.98541924120396,15.629822051856184
2007,AL,3056790.0,32783444.0,2093093.0,9.32,1990625.0,22872543.0,365740.0,8.7,1906453.0,36172477.0,9828.0,5.27,121.70147241426922,15.662679106948426
2008,AL,3347566.0,32184540.0,2110859.0,10.4,2223094.0,22533120.0,371024.0,9.87,2138423.0,34989619.0,9260.0,6.11,132.15654543166235,15.24712924927719
2009,AL,3356042.0,31489411.0,2128009.0,10.66,2203523.0,21918478.0,353885.0,10.05,1755003.0,29436713.0,9252.0,5.96,131.4233946692268,14.797592961307965
2010,AL,3790734.0,35529292.0,2138911.0,10.67,2339092.0,22983768.0,356296.0,10.18,1945053.0,32349585.0,6915.0,6.01,147.6894083017012,16.610925840299107
2011,AL,3661470.0,33002815.0,2142625.0,11.09,2331377.0,22257127.0,356074.0,10.47,2107205.0,33735427.0,6491.0,6.25,142.4059273087918,15.402982323085
2012,AL,3491380.0,30632261.0,2150977.0,11.4,2318146.0,21799181.0,357395.0,10.63,2100936.0,33751106.0,7168.0,6.22,135.26334002331654,14.241091838731888
2013,AL,3532584.0,31378659.0,2158898.0,11.26,2376592.0,22603229.0,358712.0,10.51,2014487.0,33870219.0,7029.0,5.95,136.35753055494052,14.534572267888525
2014,AL,3781917.0,32929598.0,2169790.0,11.48,2473586.0,22929309.0,360901.0,10.79,2130887.0,34634820.0,7236.0,6.15,145.24896418547416,15.17639863765618
2015,AL,3731831.0,31908530.0,2182616.0,11.7,2538645.0,23437831.0,362871.0,10.83,2021316.0,33499182.0,7254.0,6.03,142.4831104814895,14.61939709046392
2016,AL,3843395.0,32055546.0,2200574.0,11.99,2626821.0,23634474.0,367009.0,11.11,1966223.0,32535121.0,7266.0,6.04,145.54516988143396,14.56690209009104
2017,AL,3786699.0,30181045.0,2213592.0,12.55,2637503.0,22743813.0,369984.0,11.6,2052257.0,33316872.0,8047.0,6.16,142.55483847068476,13.634420886956585
2018,AL,4027603.0,33080380.0,2229472.0,12.18,2639244.0,23483072.0,371097.0,11.24,2027558.0,33717004.0,7342.0,6.01,150.54397782673806,14.83776427782004
2019,AL,4061182.0,32415646.0,2249425.0,12.53,2657626.0,23076470.0,369798.0,11.52,1939949.0,32602996.0,7245.0,5.95,150.45259714519636,14.41063649599342
2020,AL,3939867.0,31331041.0,2280741.0,12.58,2460395.0,21307775.0,371888.0,11.55,1806524.0,30756789.0,7240.0,5.87,143.95420172654414,13.73722005260571
2021,AL,4092368.0,31585153.0,2308226.0,12.96,2586968.0,21844283.0,376180.0,11.84,2034105.0,32155730.0,7233.0,6.33,147.7457868799098,13.683735041542725
2022,AL,4690788.0,32923573.0,2329559.0,14.25,2946401.0,22391068.0,380269.0,13.16,2447353.0,31712904.0,7223.0,7.72,167.79957064835017,14.132963792717849
2023,AL,4593824.0,31409652.0,2353274.0,14.63,2923959.0,22213494.0,384122.0,13.16,2220821.0,31257213.0,7239.0,7.11,162.67492296547985,13.347214136560384
2024,AL,4993058.0,32899071.0,2398172.0,15.18,3118220.0,22861620.0,389925.0,13.64,2303895.0,31762241.0,7246.0,7.25,173.5022203022413,13.718395094263464
1990,AR,851686.0,10557866.0,993402.0,8.07,422197.0,6075079.0,110537.0,6.95,516152.0,10126208.0,23863.0,5.1,71.44522895397164,10.627989474553102
1991,AR,891555.0,11000632.0,1004409.0,8.1,437987.0,6300359.0,113923.0,6.95,530629.0,10517510.0,22486.0,5.05,73.97011575961585,10.952343119187502
1992,AR,864633.0,10440088.0,1020921.0,8.28,439276.0,6176586.0,115215.0,7.11,564553.0,11251478.0,22925.0,5.02,70.57622480093954,10.226146783149725
1993,AR,972799.0,11761761.0,1039655.0,8.27,471348.0,6698105.0,117892.0,7.04,611166.0,12609005.0,23469.0,4.85,77.97450436282548,11.313138493057794
1994,AR,939902.0,11642130.0,1061800.0,8.07,472334.0,6865634.0,121521.0,6.88,621942.0,13525887.0,25179.0,4.6,73.76640296352106,10.964522508947072
1995,AR,991356.0,12416960.0,1085627.0,7.98,487814.0,7146835.0,124854.0,6.83,653278.0,14483009.0,25147.0,4.51,76.09703885404471,11.43759320650647
1996,AR,1005260.0,12933994.0,1105851.0,7.77,501526.0,7442490.0,128797.0,6.74,676102.0,15139481.0,25473.0,4.47,75.75312285892645,11.695964465375534
1997,AR,1013121.0,12989655.0,1120884.0,7.8,515191.0,7597337.0,131795.0,6.78,695212.0,15632217.0,25629.0,4.45,75.3215765413727,11.588759407753166
1998,AR,1076407.0,14339398.0,1140321.0,7.51,484093.0,8204704.0,135684.0,5.9,668880.0,16065970.0,25931.0,4.16,78.66257249786098,12.574878477200718
1999,AR,1042900.0,14045427.0,1159684.0,7.43,487564.0,8374110.0,139604.0,5.82,687903.0,16679670.0,25771.0,4.12,74.94139208037132,12.111426043646373
2000,AR,1108516.0,14870777.0,1177901.0,7.45,518744.0,8746494.0,143544.0,5.93,725734.0,17268195.0,25597.0,4.2,78.42453086747811,12.624810574063526
2001,AR,1165380.0,15103946.0,1189161.0,7.72,566612.0,9153493.0,148144.0,6.19,741113.0,16734270.0,25220.0,4.43,81.66682223853624,12.701346579647332
2002,AR,1126260.0,15527374.0,1201823.0,7.25,528117.0,9304383.0,151692.0,5.68,677874.0,16886708.0,25021.0,4.01,78.09386240735948,12.919850926467541
2003,AR,1129827.0,15598301.0,1221890.0,7.24,585091.0,10568019.0,162887.0,5.54,684562.0,16941939.0,31149.0,4.04,77.05460393325095,12.765716226501567
2004,AR,1149871.0,15619397.0,1240613.0,7.36,605346.0,10730967.0,166616.0,5.64,720015.0,17321996.0,31689.0,4.16,77.23809385628986,12.590063944195329
2005,AR,1370920.0,17133693.0,1260764.0,8.0,702699.0,11366398.0,167772.0,6.18,836840.0,17664832.0,31365.0,4.74,90.6143682190587,13.589928805073749
2006,AR,1510709.0,17065081.0,1283520.0,8.85,805818.0,11580534.0,171018.0,6.96,943191.0,17990009.0,31422.0,5.24,98.08372029003573,13.295531818748442
2007,AR,1520509.0,17414562.0,1298492.0,8.73,816053.0,11801297.0,173714.0,6.91,936447.0,17839032.0,31471.0,5.25,97.58172043673225,13.411374117052704
2008,AR,1612760.0,17392467.0,1308810.0,9.27,890375.0,11703351.0,176049.0,7.61,1003616.0,17038455.0,31694.0,5.89,102.68615510782058,13.2887638389071
2009,AR,1552437.0,16985526.0,1315041.0,9.14,867475.0,11476900.0,177635.0,7.56,847427.0,14710294.0,31757.0,5.76,98.37697075604486,12.916347094881452
2010,AR,1702938.0,19230961.0,1322833.0,8.86,890628.0,12188205.0,178962.0,7.31,913220.0,16774699.0,32408.0,5.44,107.2784697690487,14.537708841554451
2011,AR,1693836.0,18787349.0,1328286.0,9.02,911067.0,12146130.0,180291.0,7.5,957043.0,16993922.0,32761.0,5.63,106.26702381866556,14.144054066669376
2012,AR,1664696.0,17909301.0,1332154.0,9.3,933567.0,12102048.0,181823.0,7.71,971266.0,16847755.0,33926.0,5.77,104.13560794522755,13.443866850229028
2013,AR,1746489.0,18219287.0,1339680.0,9.59,957321.0,11897953.0,182941.0,8.05,999852.0,16565377.0,34699.0,6.04,108.63844350889765,13.599730532664516
2014,AR,1753284.0,18441119.0,1345009.0,9.51,964795.0,11988033.0,185842.0,8.05,1002428.0,16650718.0,35685.0,6.02,108.62901289136356,13.710777400002527
2015,AR,1794303.0,18273389.0,1356658.0,9.82,1011199.0,12153236.0,187706.0,8.32,998757.0,16038092.0,35868.0,6.23,110.2158760719356,13.469414546628553
2016,AR,1764930.0,17784233.0,1368867.0,9.92,1002233.0,12177633.0,190181.0,8.23,986087.0,16226147.0,36428.0,6.08,107.44469696471607,12.99193639703492
2017,AR,1749676.0,17026779.0,1380157.0,10.28,1013943.0,11912518.0,191879.0,8.51,1041103.0,17146265.0,35595.0,6.07,105.64474428150807,12.336842112890055
2018,AR,1888657.0,19259204.0,1388358.0,9.81,951473.0,12278279.0,196482.0,7.75,1018825.0,18064787.0,36596.0,5.64,113.36275177823971,13.871929286250376
2019,AR,1834859.0,18732316.0,1396870.0,9.8,1049648.0,11948689.0,198861.0,8.78,1067717.0,17411611.0,34864.0,6.13,109.46252454893202,13.410207105886732
2020,AR,1871422.0,17980206.0,1413490.0,10.41,956720.0,11110416.0,197869.0,8.61,987435.0,16760182.0,35978.0,5.89,110.33104820927868,12.720433819836009
2021,AR,2131723.0,18918015.0,1436246.0,11.27,1101412.0,11516908.0,201408.0,9.56,1196803.0,18228014.0,36628.0,6.57,123.68604217754711,13.17184869444371
2022,AR,2320527.0,19250661.0,1445528.0,12.05,1208974.0,11786525.0,203432.0,10.26,1325498.0,17960258.0,35670.0,7.38,133.77620495763486,13.317390600527974
2023,AR,2251157.0,18373971.0,1459802.0,12.25,1208919.0,11694057.0,205526.0,10.34,1275851.0,18581004.0,36612.0,6.87,128.50812416113052,12.586618596220584
2024,AR,2288691.0,18580638.0,1476944.0,12.32,1206780.0,11789053.0,207035.0,10.24,1290759.0,19525858.0,36772.0,6.61,129.1343815337616,12.580462089287069
1990,AZ,1390114.0,15377684.0,1419578.0,9.04,1138693.0,13731290.0,159743.0,8.29,560111.0,10033740.0,5461.0,5.58,81.60371133768862,10.83257418754024
1991,AZ,1430266.0,15641499.0,1457221.0,9.14,1160911.0,13982060.0,161295.0,8.3,580403.0,10404969.0,5229.0,5.58,81.79187188033478,10.733786433217748
1992,AZ,1555071.0,16230297.0,1495561.0,9.58,1249968.0,14467708.0,164267.0,8.64,636648.0,11055253.0,5073.0,5.76,86.64925736897392,10.85231361341998
1993,AZ,1611387.0,16705090.0,1535843.0,9.65,1288251.0,14813140.0,168227.0,8.7,637719.0,10989057.0,5135.0,5.8,87.43227660639792,10.876821393853408
1994,AZ,1693529.0,18212371.0,1570886.0,9.3,1300629.0,15624769.0,170538.0,8.32,635905.0,11303258.0,5171.0,5.63,89.83937514667944,11.593693622579869
1995,AZ,1639522.0,18035537.0,1643407.0,9.09,1312825.0,16289626.0,177436.0,8.06,630937.0,11991782.0,5181.0,5.26,83.13633405074539,10.97447984583247
1996,AZ,1766643.0,19746491.0,1705676.0,8.95,1375122.0,17252365.0,183001.0,7.97,663797.0,12782917.0,5076.0,5.19,86.31196663375694,11.57692961617564
1997,AZ,1824015.0,20682568.0,1768748.0,8.82,1393539.0,17788390.0,187374.0,7.83,669313.0,13253007.0,5268.0,5.05,85.93719964630348,11.693337886459801
1998,AZ,1874878.0,21610888.0,1830062.0,8.68,1430423.0,18439797.0,194312.0,7.76,643095.0,12548978.0,5304.0,5.12,85.37406565096337,11.80882833477773
1999,AZ,1921783.0,22517435.0,1896943.0,8.53,1484420.0,19776460.0,200359.0,7.51,628398.0,12456220.0,5136.0,5.04,84.42456274823932,11.870380396248068
2000,AZ,2096080.0,24843978.0,1959669.0,8.44,1572411.0,21410702.0,211921.0,7.34,631474.0,11975136.0,4760.0,5.27,89.13410036763013,12.677639948379037
2001,AZ,2174365.0,26200172.0,2032358.0,8.3,1623881.0,22045220.0,218163.0,7.37,596575.0,11376746.0,6145.0,5.24,89.15608536160131,12.89151419188942
2002,AZ,2184700.0,26412614.0,2095776.0,8.27,1628646.0,22371092.0,225026.0,7.28,573491.0,11026379.0,6376.0,5.2,86.86917558619496,12.60278483960118
2003,AZ,2315709.0,27741520.0,2165899.0,8.35,1803209.0,25424540.0,250539.0,7.09,586597.0,10913500.0,6516.0,5.37,89.09729862749833,12.808316546616439
2004,AZ,2446631.0,28920651.0,2255973.0,8.46,1901179.0,26106424.0,258882.0,7.28,637419.0,11906176.0,7419.0,5.35,90.37604468966015,12.81959092595523
2005,AZ,2707355.0,30543645.0,2460694.0,8.86,2031772.0,27468349.0,267588.0,7.4,665280.0,11378692.0,8097.0,5.85,91.68670166492325,12.412614083669078
2006,AZ,3041748.0,32367475.0,2442903.0,9.4,2294868.0,28625909.0,280070.0,8.02,697504.0,12259392.0,7397.0,5.69,103.76138553188564,13.249594846786794
2007,AZ,3327590.0,34436657.0,2513923.0,9.66,2519366.0,30475259.0,291457.0,8.27,742587.0,12281290.0,7418.0,6.05,110.30535408867603,13.69837381654092
2008,AZ,3412297.0,33236370.0,2528405.0,10.27,2693165.0,30162195.0,298347.0,8.93,846010.0,12869351.0,7314.0,6.57,112.46540144214765,13.14519232480556
2009,AZ,3524074.0,32846843.0,2544383.0,10.73,2747954.0,29385690.0,299528.0,9.35,745377.0,11200396.0,7204.0,6.65,115.42005796035163,12.909551352921318
2010,AZ,3558161.0,32448138.0,2554213.0,10.97,2741684.0,28942918.0,300507.0,9.47,758910.0,11441974.0,7143.0,6.63,116.08797569610157,12.70377137693685
2011,AZ,3666153.0,33079074.0,2575586.0,11.08,2802810.0,29512330.0,305340.0,9.5,809655.0,12352241.0,7212.0,6.55,118.61873375612385,12.843319539708633
2012,AZ,3718357.0,32922970.0,2585638.0,11.29,2829551.0,29692256.0,305250.0,9.53,813094.0,12448117.0,7740.0,6.53,119.84008717899928,12.733015990637513
2013,AZ,3877986.0,33103602.0,2630595.0,11.71,2957978.0,30039018.0,308857.0,9.85,833358.0,12519417.0,7618.0,6.66,122.84882317498513,12.584073945248129
2014,AZ,3848998.0,32346079.0,2661694.0,11.9,2967741.0,29289879.0,312221.0,10.13,947683.0,14661727.0,7710.0,6.46,120.5059008786635,12.152440889148039
2015,AZ,4023333.0,33167205.0,2689223.0,12.13,3042894.0,29284431.0,314756.0,10.39,932651.0,14891564.0,7759.0,6.26,124.67458072461822,12.33337845169404
2016,AZ,4094426.0,33690783.0,2725510.0,12.15,3078184.0,29564157.0,318197.0,10.41,908697.0,14975656.0,8130.0,6.07,125.188374530516,12.361276605112439
2017,AZ,4259275.0,34251220.0,2764355.0,12.44,3115269.0,29681441.0,320562.0,10.5,884209.0,13706041.0,8133.0,6.45,128.39869818939079,12.390311664022892
2018,AZ,4425192.0,34660297.0,2808352.0,12.77,3158290.0,29683550.0,322135.0,10.64,916272.0,13994441.0,7794.0,6.55,131.3104625061246,12.34186348434954
2019,AZ,4317059.0,34720050.0,2853183.0,12.43,3013741.0,29415272.0,326191.0,10.25,865241.0,13782704.0,7899.0,6.28,126.08897384663608,12.168882963343044
2020,AZ,4751047.0,38707416.0,2896339.0,12.27,2944348.0,29128178.0,331229.0,10.11,856644.0,14113139.0,7595.0,6.07,136.6969071415098,13.364256048756724
2021,AZ,4655903.0,37130339.0,2953823.0,12.54,3098754.0,29990064.0,335377.0,10.33,956213.0,14089072.0,7548.0,6.79,131.3524597332564,12.570265381507287
2022,AZ,4994758.0,38367633.0,3013393.0,13.02,3403649.0,31507070.0,340035.0,10.8,1125540.0,14311610.0,7808.0,7.86,138.12663443942867,12.732369458613595
2023,AZ,5466059.0,38992365.0,3068552.0,14.02,3844785.0,32619680.0,344059.0,11.79,1159128.0,14296687.0,7614.0,8.11,148.44295181136468,12.70708953278289
2024,AZ,6027534.0,40434931.0,3134733.0,14.91,4415075.0,36100156.0,348423.0,12.23,1129681.0,14297880.0,7555.0,7.9,160.23517792424425,12.899003200591565
1990,CA,6646478.0,66574670.0,10493065.0,9.98,7541253.0,79691297.0,1383600.0,9.46,4071491.0,55891513.0,37864.0,7.28,52.78468842675297,6.344635242419637
1991,CA,7120397.0,66016700.0,10727574.0,10.79,7876226.0,78424653.0,1397669.0,10.04,4259688.0,56191047.0,34191.0,7.58,55.31226507192275,6.153926321086202
1992,CA,7543678.0,68121106.0,10761143.0,11.07,8291326.0,80234568.0,1469223.0,10.33,4333426.0,57089510.0,37826.0,7.59,58.41757082247985,6.3302853609509695
1993,CA,7613058.0,67358692.0,10841305.0,11.3,8269232.0,79058161.0,1464438.0,10.46,4120805.0,56189186.0,38906.0,7.33,58.51892369045978,6.213153490285533
1994,CA,7868888.0,68866355.0,10896519.0,11.43,8383425.0,76924502.0,1470956.0,10.9,4246100.0,59863696.0,39300.0,7.09,60.17891279468853,6.32003257186997
1995,CA,7983349.0,68782855.0,10987027.0,11.61,8485241.0,80874224.0,1479762.0,10.49,4225930.0,57367161.0,37802.0,7.37,60.55132870187115,6.260370070993727
1996,CA,8088023.0,71396104.0,11095916.0,11.33,8198688.0,83391860.0,1492055.0,9.83,4017816.0,57682712.0,38300.0,6.97,60.743242528752624,6.434448854875974
1997,CA,8405390.0,73086272.0,11230770.0,11.5,8343145.0,83573965.0,1510150.0,9.98,4311653.0,62016549.0,65056.0,6.95,62.36875714369243,6.507681307693061
1998,CA,7964061.0,75205482.0,11331398.0,10.6,8782229.0,92517181.0,1522665.0,9.66,4000572.0,61640699.0,39902.0,6.59,58.56927362360761,6.636911173713958
1999,CA,8011785.0,75303200.0,11438113.0,10.64,8155702.0,86371050.0,1510575.0,9.44,3960629.0,63216755.0,46270.0,6.27,58.37053279679961,6.583533490183215
2000,CA,8628982.0,79240641.0,11091616.0,10.89,9502420.0,92697488.0,1371137.0,10.25,4593965.0,64310844.0,42222.0,7.14,64.831115081277,7.144192604576285
2001,CA,9268972.0,76667632.0,11837589.0,12.09,11715761.0,96459340.0,1547691.0,12.15,5819125.0,63041253.0,84189.0,9.23,65.25098424462391,6.476625603406234
2002,CA,9758505.0,77202300.0,11920437.0,12.64,13709560.0,102587366.0,1556840.0,13.36,4751782.0,48447725.0,83739.0,9.81,68.21970956266117,6.476465585951253
2003,CA,10141558.0,82925899.0,12143454.0,12.23,13672048.0,109577674.0,1772887.0,12.48,4787140.0,49908922.0,82579.0,9.59,69.595506627137,6.828856023994491
2004,CA,10168468.0,83361251.0,12270811.0,12.2,13845979.0,118952885.0,1697928.0,11.64,4526047.0,48811586.0,82065.0,9.27,69.05593553134617,6.79345896534467
2005,CA,10707559.0,85610410.0,12480545.0,12.51,14007055.0,117550525.0,1720108.0,11.92,4797045.0,50242289.0,79896.0,9.55,71.495001486981,6.859508939713771
2006,CA,12875539.0,89835749.0,12689438.0,14.33,15636088.0,121255049.0,1751882.0,12.9,5145016.0,50990893.0,79036.0,10.09,84.55548491062673,7.07956877207643
2007,CA,12859833.0,89158461.0,12819149.0,14.42,15854395.0,123690309.0,1785796.0,12.82,5045976.0,50538234.0,78620.0,9.98,83.59780746756279,6.9550998276094615
2008,CA,12594725.0,91230818.0,12941717.0,13.81,15684229.0,125026317.0,1807261.0,12.54,5147103.0,51031270.0,77326.0,10.09,81.09900847520207,7.0493596792450335
2009,CA,13238601.0,89798789.0,12910857.0,14.74,16074664.0,121105407.0,1801936.0,13.27,4985347.0,47835152.0,76223.0,10.42,85.44876223166285,6.955292665699884
2010,CA,12873565.0,87256946.0,12947917.0,14.75,15863515.0,121151697.0,1814634.0,13.09,4831623.0,49301025.0,75160.0,9.8,82.85480076319097,6.739072083949874
2011,CA,13060946.0,88398416.0,13002980.0,14.78,16018054.0,122780917.0,1818049.0,13.05,5046467.0,49935776.0,73297.0,10.11,83.70482509906704,6.798319769775851
2012,CA,13821565.0,90109995.0,13101887.0,15.34,16327164.0,121791536.0,1834779.0,13.41,4925482.0,46951714.0,73805.0,10.49,87.9107782973043,6.877634878090461
2013,CA,14481054.0,89241934.0,13256426.0,16.23,16597851.0,116857853.0,1691627.0,14.2,6222066.0,54396999.0,159483.0,11.44,91.03166268193252,6.731975420826096
2014,CA,14517393.0,89360680.0,13256068.0,16.25,18663231.0,119494062.0,1676201.0,15.62,6525678.0,52898430.0,146944.0,12.34,91.26256368027079,6.741115087822422
2015,CA,15187827.0,89386373.0,13380684.0,16.99,18627081.0,118384093.0,1685688.0,15.73,6394328.0,52562210.0,148069.0,12.17,94.5880083559256,6.680254387593339
2016,CA,15359796.0,88311069.0,13445133.0,17.39,17603177.0,116774684.0,1692326.0,15.07,6076719.0,50979124.0,148549.0,11.92,95.2004714270956,6.568255516698868
2017,CA,16500848.0,90123505.0,13548295.0,18.31,18552245.0,117682380.0,1696071.0,15.76,6189685.0,48627406.0,147754.0,12.73,101.49400102866572,6.6520182059809
2018,CA,16782222.0,89099985.0,13591152.0,18.84,18924312.0,115786492.0,1714875.0,16.34,6546363.0,49587913.0,148644.0,13.2,102.89918764796391,6.555734569078471
2019,CA,16763780.0,87523987.0,13707126.0,19.15,19052164.0,114279373.0,1718601.0,16.67,6405718.0,47807729.0,147660.0,13.4,101.91645328617149,6.3852909063504635
2020,CA,19413314.0,94934563.0,13834719.0,20.45,18757401.0,107006347.0,1725533.0,17.53,6797215.0,47630882.0,148130.0,14.27,116.93596137851927,6.862052131308197
2021,CA,20604392.0,90284143.0,13883994.0,22.82,20861069.0,108761594.0,1750923.0,19.18,7050423.0,47583329.0,149389.0,14.82,123.66993724332254,6.502750073213803
2022,CA,23136718.0,89542208.0,13942174.0,25.84,24896338.0,114141384.0,1767719.0,21.81,8116628.0,47500423.0,147928.0,17.09,138.28975548098404,6.422399261406435
2023,CA,24439806.0,82820898.0,14063972.0,29.51,27006847.0,112935566.0,1766915.0,23.91,8014384.0,42998557.0,148000.0,18.64,144.81332158511123,5.888869659296819
2024,CA,27443697.0,85850538.0,14217180.0,31.97,29399925.0,115125595.0,1777305.0,25.54,9477808.0,44025912.0,146327.0,21.53,160.85994198568213,6.038506792486274
1990,CO,687083.0,9787280.0,1392215.0,7.02,768030.0,13553026.0,198584.0,5.67,295788.0,6586859.0,1845.0,4.49,41.12649028107489,7.030006141292832
1991,CO,713847.0,10099387.0,1411657.0,7.07,787281.0,13741501.0,201103.0,5.73,307849.0,6748179.0,1972.0,4.56,42.14001701546481,7.15427827014636
1992,CO,735775.0,10215713.0,1437974.0,7.2,801250.0,13897582.0,203165.0,5.77,314366.0,6848997.0,2016.0,4.59,42.63956325589568,7.104240410466392
1993,CO,771494.0,10655734.0,1458548.0,7.24,839046.0,14422396.0,205011.0,5.82,317554.0,7024007.0,1712.0,4.52,44.078883016991334,7.305713627525456
1994,CO,804646.0,10938748.0,1492553.0,7.36,777482.0,12953194.0,207754.0,6.0,440333.0,9620137.0,1984.0,4.58,44.925596165317636,7.328884133427757
1995,CO,838964.0,11306705.0,1533684.0,7.42,815153.0,13419623.0,212358.0,6.07,438281.0,9706459.0,1883.0,4.52,45.585444372287036,7.3722520414896415
1996,CO,889175.0,11870577.0,1573270.0,7.49,844125.0,14239275.0,217237.0,5.93,432317.0,9947015.0,2400.0,4.35,47.09802936982633,7.545161987452885
1997,CO,909554.0,12260908.0,1623211.0,7.42,841738.0,14600180.0,224144.0,5.77,440787.0,10297368.0,4740.0,4.28,46.695202698026726,7.553489965260216
1998,CO,942446.0,12651635.0,1661879.0,7.45,904218.0,15959287.0,227056.0,5.67,433492.0,9998404.0,4424.0,4.34,47.258053484439394,7.612849671967695
1999,CO,968893.0,13130575.0,1712891.0,7.38,953802.0,17006132.0,235962.0,5.61,416659.0,9520928.0,2787.0,4.38,47.13731541197504,7.665738800659236
2000,CO,1024815.0,14028934.0,1771294.0,7.31,998121.0,17989134.0,244080.0,5.55,423458.0,9954783.0,3566.0,4.25,48.21404577670336,7.920161192890621
2001,CO,1080208.0,14470251.0,1824528.0,7.47,1013541.0,17889638.0,246447.0,5.67,488616.0,10918384.0,7890.0,4.48,49.3373263295128,7.930955841730025
2002,CO,1137237.0,15424846.0,1873269.0,7.37,1045138.0,18438437.0,255890.0,5.67,482865.0,10672226.0,8139.0,4.52,50.590571882628716,8.234186334157027
2003,CO,1280454.0,15724839.0,1915903.0,8.14,1297891.0,19656729.0,338063.0,6.6,565032.0,11075619.0,10866.0,5.1,55.69410351150345,8.207533993109255
2004,CO,1307036.0,15532168.0,1966780.0,8.42,1343024.0,19497956.0,343245.0,6.89,596062.0,11675139.0,11875.0,5.11,55.37968998396702,7.897257446181068
2005,CO,1489539.0,16436381.0,1994548.0,9.06,1512137.0,19845958.0,342535.0,7.62,691209.0,12051510.0,12837.0,5.74,62.23377426865636,8.24065452423306
2006,CO,1529025.0,16951534.0,2030827.0,9.02,1512448.0,20152638.0,345297.0,7.5,741299.0,12604819.0,13409.0,5.88,62.74229661118352,8.347108837926617
2007,CO,1631722.0,17634182.0,2068901.0,9.25,1562286.0,20507762.0,347171.0,7.62,782706.0,13112913.0,12369.0,5.97,65.72418561029906,8.523453756366303
2008,CO,1794446.0,17720491.0,2173458.0,10.13,1761883.0,20550916.0,359898.0,8.57,919247.0,13822482.0,13170.0,6.65,68.80149819626911,8.153132473689393
2009,CO,1740497.0,17412630.0,2111623.0,10.0,1631115.0,20008463.0,349267.0,8.15,867025.0,13571148.0,14918.0,6.39,68.6871741152027,8.246088435293611
2010,CO,1997858.0,18102386.0,2128507.0,11.04,1790037.0,19597222.0,350073.0,9.13,1047503.0,15171843.0,15060.0,6.9,78.21828477269122,8.504734069467473
2011,CO,2059155.0,18276799.0,2141780.0,11.27,1877996.0,19889231.0,347903.0,9.44,1075882.0,15241814.0,16425.0,7.06,80.11852291084985,8.533462353743149
2012,CO,2087889.0,18220365.0,2149637.0,11.46,1878364.0,19997226.0,348752.0,9.39,1070816.0,15415235.0,16017.0,6.95,80.93959584804318,8.476019439561192
2013,CO,2210316.0,18528908.0,2169365.0,11.93,1982037.0,20098218.0,358800.0,9.86,1082995.0,14752859.0,16172.0,7.34,84.90641270602227,8.54116665475842
2014,CO,2203838.0,18092932.0,2193520.0,12.18,2029053.0,20129360.0,360237.0,10.08,1129370.0,15110188.0,19234.0,7.47,83.72532124925539,8.248355155184361
2015,CO,2227990.0,18384936.0,2225725.0,12.12,2016563.0,20408085.0,365563.0,9.88,1129021.0,15258761.0,16229.0,7.4,83.4181371612995,8.260201058082197
2016,CO,2273979.0,18833722.0,2260068.0,12.07,1996042.0,20800136.0,367001.0,9.6,1109890.0,15103434.0,16245.0,7.35,83.84626037800633,8.333254574641117
2017,CO,2264556.0,18615000.0,2288358.0,12.17,2041429.0,20640793.0,370691.0,9.89,1163087.0,15501238.0,16228.0,7.5,82.46655462126118,8.134653756099352
2018,CO,2342778.0,19286952.0,2326976.0,12.15,2105709.0,21023300.0,376104.0,10.02,1198532.0,16047258.0,15985.0,7.47,83.89923230836932,8.288418960917516
2019,CO,2362565.0,19404743.0,2370164.0,12.18,2202661.0,21111259.0,380609.0,10.43,1175300.0,15891020.0,14386.0,7.4,83.06615772860725,8.18708874153856
2020,CO,2531337.0,20482502.0,2400357.0,12.36,2062508.0,20042218.0,384518.0,10.29,1154897.0,15431465.0,15209.0,7.48,87.88057359801063,8.53310653373644
2021,CO,2696118.0,20625005.0,2443109.0,13.07,2232288.0,20584470.0,388601.0,10.84,1205161.0,15053158.0,15287.0,8.01,91.9633548892006,8.442114125894506
2022,CO,2922469.0,20593942.0,2480555.0,14.19,2439656.0,21059419.0,390861.0,11.58,1296207.0,15018320.0,15078.0,8.63,98.17927170868347,8.302150929933019
2023,CO,2859285.0,19999333.0,2517452.0,14.3,2409252.0,20697728.0,397348.0,11.64,1256100.0,14778848.0,15358.0,8.5,94.64877582571584,7.944275799498858
2024,CO,3086849.0,20693690.0,2557732.0,14.92,2479641.0,21171639.0,405693.0,11.71,1283984.0,14891887.0,14750.0,8.62,100.57246680522691,8.090640458030787
1990,CT,1038460.0,10375882.0,1301859.0,10.01,942671.0,10342476.0,125530.0,9.11,460624.0,6099933.0,4734.0,7.55,66.47289248169989,7.970050520064
1991,CT,1097438.0,10440510.0,1306018.0,10.51,1001134.0,10544097.0,125401.0,9.49,461499.0,5822464.0,4631.0,7.93,70.02443049534284,7.994154751312769
1992,CT,1162264.0,10496045.0,1311479.0,11.07,1034215.0,10484811.0,124923.0,9.86,475114.0,5779536.0,5361.0,8.22,73.85198949684542,8.003212403706044
1993,CT,1207450.0,10596641.0,1312285.0,11.39,1071855.0,10676841.0,125453.0,10.04,464001.0,5597348.0,5299.0,8.29,76.67605233111202,8.074953992463527
1994,CT,1250349.0,10898426.0,1321478.0,11.47,1083769.0,10844625.0,125121.0,9.99,467379.0,5916930.0,5864.0,7.9,78.8478885006031,8.247149025560773
1995,CT,1286230.0,10759880.0,1332458.0,11.95,1128914.0,10926399.0,126006.0,10.33,469364.0,5913391.0,5902.0,7.94,80.44218529464594,8.07521137626852
1996,CT,1318628.0,10942903.0,1340408.0,12.05,1149419.0,11171958.0,126866.0,10.29,465734.0,5928241.0,5914.0,7.86,81.97926800397093,8.163859809848942
1997,CT,1317517.0,10858915.0,1342040.0,12.13,1159309.0,11278272.0,128399.0,10.28,459264.0,5919169.0,5932.0,7.76,81.81058935153449,8.091349736222467
1998,CT,1306294.0,10934821.0,1351028.0,11.95,1169196.0,11683481.0,129680.0,10.01,449391.0,5837521.0,6000.0,7.7,80.57407643167524,8.093704201541344
1999,CT,1331601.0,11618971.0,1361589.0,11.46,1147003.0,11833601.0,130813.0,9.69,433167.0,5835522.0,5916.0,7.42,81.49797773043113,8.53339076622975
2000,CT,1264461.0,11645484.0,1364268.0,10.86,1106042.0,11932359.0,130771.0,9.27,425062.0,5810692.0,5864.0,7.32,77.23684056211829,8.536067693444396
2001,CT,1305823.0,11974617.0,1396610.0,10.9,1151609.0,12442208.0,134549.0,9.26,424829.0,5572234.0,5882.0,7.62,77.91622810472025,8.574059329376132
2002,CT,1366571.0,12472813.0,1394440.0,10.96,1176151.0,12614039.0,141371.0,9.32,412458.0,5370339.0,5801.0,7.68,81.66784993737032,8.944675281833568
2003,CT,1491094.0,13178336.0,1405652.0,11.31,1299905.0,13093634.0,147891.0,9.93,428664.0,5365918.0,5707.0,7.99,88.39871698922161,9.37524792765208
2004,CT,1536510.0,13211390.0,1420451.0,11.63,1331877.0,13454655.0,151644.0,9.9,422797.0,5358497.0,5695.0,7.89,90.14214499479391,9.30084177490107
2005,CT,1882773.0,13802962.0,1428645.0,13.64,1607703.0,13949347.0,151270.0,11.53,484403.0,5152936.0,5491.0,9.4,109.82276912738995,9.661575828844814
2006,CT,2185136.0,12963468.0,1437836.0,16.86,1909189.0,13611036.0,152984.0,14.03,576723.0,4925981.0,5361.0,11.71,126.64494884442082,9.015957313629649
2007,CT,2555595.0,13372090.0,1459141.0,19.11,2327663.0,15126055.0,158922.0,15.39,702023.0,5433393.0,5986.0,12.92,145.9531669660437,9.164357659746384
2008,CT,2487861.0,12729694.0,1452080.0,19.54,2339865.0,13665139.0,155328.0,17.12,652569.0,4371278.0,5233.0,14.93,142.7757079499752,8.766523882981653
2009,CT,2557384.0,12578225.0,1447250.0,20.33,2236471.0,13257343.0,148175.0,16.87,553293.0,3692019.0,4881.0,14.99,147.25536937870675,8.691121091725687
2010,CT,2514466.0,13065275.0,1451808.0,19.25,2208560.0,13427698.0,153847.0,16.45,538690.0,3712952.0,4973.0,14.51,144.32957617903563,8.99931327007428
2011,CT,2338980.0,12918796.0,1453864.0,18.11,2037918.0,13087010.0,150087.0,15.57,485663.0,3668217.0,4757.0,13.24,134.0668728299208,8.8858352638211
2012,CT,2212594.0,12757633.0,1454651.0,17.34,1901294.0,12976050.0,150435.0,14.65,451910.0,3565944.0,4647.0,12.67,126.75400032951775,8.770236297228683
2013,CT,2305821.0,13135451.0,1454963.0,17.55,1903714.0,13009103.0,150419.0,14.63,439987.0,3490140.0,4568.0,12.61,132.0664168092247,9.02803095336445
2014,CT,2523349.0,12777579.0,1459239.0,19.75,2004629.0,12893531.0,155372.0,15.55,453957.0,3514798.0,4648.0,12.92,144.10188004386762,8.756330525705522
2015,CT,2699306.0,12892862.0,1468958.0,20.94,2069571.0,12958570.0,152482.0,15.97,444588.0,3432002.0,4458.0,12.95,153.13042760015375,8.776875853496152
2016,CT,2536772.0,12676983.0,1486741.0,20.01,2000464.0,12701264.0,152182.0,15.75,431744.0,3370068.0,4408.0,12.81,142.18863047878997,8.526692275251708
2017,CT,2512033.0,12379520.0,1495577.0,20.29,1981398.0,12335414.0,152903.0,16.06,424986.0,3243615.0,4385.0,13.1,139.97011409866113,8.277420687801431
2018,CT,2769111.0,13061372.0,1503701.0,21.2,2074987.0,12381063.0,153824.0,16.76,441995.0,3209992.0,4308.0,13.77,153.46086090253314,8.686149706623857
2019,CT,2732697.0,12493550.0,1510966.0,21.87,2035899.0,12157788.0,151979.0,16.75,412704.0,3071792.0,4204.0,13.44,150.71467524749067,8.268584468479105
2020,CT,2948780.0,12981839.0,1521112.0,22.71,1848336.0,11145896.0,154894.0,16.58,373836.0,2860291.0,4130.0,13.07,161.54738550919765,8.534439936046788
2021,CT,2868410.0,13092128.0,1530251.0,21.91,1926205.0,11701168.0,155791.0,16.46,269676.0,2799194.0,4049.0,9.63,156.20585555354427,8.5555428488529
2022,CT,3246418.0,13190687.0,1536217.0,24.61,2155969.0,11625823.0,155784.0,18.54,418994.0,2780106.0,3976.0,15.07,176.104569428234,8.586473785929982
2023,CT,3751250.0,12553299.0,1541895.0,29.88,2273489.0,11373591.0,156310.0,19.99,404764.0,2579387.0,3936.0,15.69,202.7402427964723,8.141474614030138
2024,CT,3720210.0,12941903.0,1552746.0,28.75,2473628.0,11662707.0,156818.0,21.21,437595.0,2555605.0,3864.0,17.12,199.65757438756884,8.334848713182968
1990,DC,90320.0,1480356.0,191969.0,6.1,322119.0,5073157.0,26537.0,6.35,153717.0,2976219.0,164.0,5.16,39.20771930190117,7.71143257505118
1991,DC,103970.0,1580079.0,193057.0,6.58,347984.0,5238080.0,26715.0,6.64,165903.0,3053128.0,163.0,5.43,44.87880090681336,8.184520633802451
1992,DC,98401.0,1487974.0,193238.0,6.61,360963.0,5226805.0,26849.0,6.91,169612.0,2987181.0,159.0,5.68,42.43514905625877,7.70021424357528
1993,DC,117349.0,1634807.0,193430.0,7.18,387351.0,5417566.0,26920.0,7.15,176012.0,2976390.0,156.0,5.91,50.556187423529614,8.451672439642248
1994,DC,117332.0,1571539.0,192914.0,7.47,578439.0,8093088.0,27141.0,7.15,12386.0,267295.0,1.0,4.63,50.684069930988244,8.14631908518822
1995,DC,122632.0,1608442.0,192350.0,7.62,577500.0,8079035.0,27089.0,7.15,11432.0,262118.0,1.0,4.36,53.1288449874361,8.362058747075643
1996,DC,125402.0,1614293.0,192017.0,7.77,584745.0,7904611.0,26930.0,7.4,10966.0,251644.0,1.0,4.36,54.423132674016706,8.407031669070967
1997,DC,122281.0,1553682.0,192944.0,7.87,588782.0,7924524.0,26680.0,7.43,11608.0,262378.0,1.0,4.42,52.813683417641045,8.052502280454432
1998,DC,127689.0,1595611.0,193736.0,8.0,597966.0,8051297.0,26400.0,7.43,11480.0,261869.0,1.0,4.38,54.923968699673786,8.236006730808937
1999,DC,131395.0,1642704.0,193822.0,8.0,608812.0,8146217.0,26069.0,7.47,11439.0,249201.0,1.0,4.59,56.49298497246614,8.475322718783213
2000,DC,130381.0,1624101.0,198264.0,8.03,629224.0,8331639.0,27224.0,7.55,12920.0,272558.0,1.0,4.74,54.80109012898627,8.191608158818545
2001,DC,132283.0,1698868.0,195446.0,7.79,636224.0,8538825.0,27887.0,7.45,13505.0,280914.0,1.0,4.81,56.402194638587304,8.692262824514188
2002,DC,142822.0,1790103.0,197126.0,7.98,632970.0,8645085.0,26415.0,7.32,13992.0,282397.0,1.0,4.95,60.37678100977717,9.081009100778182
2003,DC,137577.0,1754304.0,199215.0,7.84,635376.0,8639346.0,26283.0,7.35,14881.0,267248.0,1.0,5.57,57.549632306804206,8.806083879225962
2004,DC,146788.0,1834434.0,201971.0,8.0,669893.0,8994298.0,26259.0,7.45,13358.0,282050.0,2.0,4.74,60.564800557175694,9.082660381936021
2005,DC,176448.0,1938270.0,205471.0,9.1,848283.0,9295922.0,26495.0,9.13,36237.0,256447.0,2.0,14.13,71.56241026714233,9.433302023156552
2006,DC,179994.0,1822110.0,209316.0,9.88,1008211.0,9029833.0,26756.0,11.17,41806.0,239842.0,1.0,17.43,71.65959601750463,8.705067935561543
2007,DC,220246.0,1969563.0,212389.0,11.18,1143377.0,9518790.0,27493.0,12.01,27657.0,296687.0,13.0,9.32,86.41612010665965,9.273375739798201
2008,DC,244868.0,1915640.0,217145.0,12.78,1214443.0,9131317.0,26703.0,13.3,27385.0,257046.0,1.0,10.65,93.97253755171276,8.821939257178384
2009,DC,260782.0,1899655.0,221794.0,13.73,1192360.0,8992144.0,26307.0,13.26,19609.0,234035.0,1.0,8.38,97.98206143238019,8.56495216281775
2010,DC,297450.0,2123312.0,227550.0,14.01,1236304.0,9209486.0,26449.0,13.42,17777.0,229597.0,1.0,7.74,108.93210283454187,9.331188749725335
2011,DC,276154.0,2061392.0,229450.0,13.4,1157023.0,8965834.0,26496.0,12.9,14896.0,216244.0,1.0,6.89,100.29563448826904,8.984057528873393
2012,DC,245940.0,2002527.0,231550.0,12.28,1047560.0,8713337.0,26547.0,12.02,11919.0,218376.0,1.0,5.46,88.51220038868495,8.648356726408982
2013,DC,255575.0,2033618.0,235322.0,12.57,1014908.0,8499143.0,26530.0,11.94,12590.0,227385.0,1.0,5.54,90.50542094095182,8.641852440485803
2014,DC,263973.0,2072205.0,239355.0,12.74,1042419.0,8548237.0,26463.0,12.19,20367.0,242149.0,1.0,8.41,91.90428443107517,8.657454408723444
2015,DC,324309.0,2497559.0,247469.0,12.99,987107.0,8221610.0,25439.0,12.01,20928.0,238232.0,1.0,8.78,109.20862815140482,10.092411574783105
2016,DC,307506.0,2501892.0,259392.0,12.29,980630.0,8368479.0,25924.0,11.72,16943.0,192454.0,1.0,8.8,98.79063348137181,9.645216506291636
2017,DC,309764.0,2394652.0,267448.0,12.94,933369.0,8006225.0,26111.0,11.66,14826.0,180183.0,1.0,8.23,96.51845093874947,8.953710627860369
2018,DC,332869.0,2592242.0,274613.0,12.84,985752.0,8236225.0,26336.0,11.97,15982.0,192662.0,1.0,8.3,101.01154473143418,9.43961866335534
2019,DC,330687.0,2546920.0,282277.0,12.98,974995.0,7952305.0,26471.0,12.26,14774.0,179632.0,1.0,8.22,97.62485076715426,9.022768415421732
2020,DC,309841.0,2452589.0,290466.0,12.63,807759.0,6814560.0,26672.0,11.85,14881.0,186344.0,1.0,7.99,88.89192997918288,8.44363539966812
2021,DC,330851.0,2528049.0,298337.0,13.09,915415.0,7043709.0,26783.0,13.0,18839.0,239501.0,1.0,7.87,92.41534461587622,8.473803115268975
2022,DC,357265.0,2519079.0,306464.0,14.18,1137041.0,7290077.0,27136.0,15.6,14061.0,181716.0,1.0,7.74,97.14708198461592,8.219820272527931
2023,DC,390035.0,2371637.0,312982.0,16.45,1191005.0,7030204.0,27387.0,16.94,19154.0,176489.0,1.0,10.85,103.84915639451044,7.577550785668185
2024,DC,433140.0,2445805.0,318780.0,17.71,1227670.0,7193294.0,27521.0,17.07,20255.0,187468.0,1.0,10.8,113.22855888073279,7.672391618043792
1990,DE,222545.0,2651448.0,282827.0,8.39,159716.0,2310713.0,30883.0,6.91,147634.0,3271592.0,618.0,4.51,65.57159205686396,9.374805092865957
1991,DE,243345.0,2824340.0,287952.0,8.62,170122.0,2419529.0,31482.0,7.03,153184.0,3240945.0,596.0,4.73,70.42406373284436,9.808370839584375
1992,DE,241277.0,2786231.0,292890.0,8.66,171522.0,2445194.0,32820.0,7.01,152982.0,3248213.0,619.0,4.71,68.64835490001936,9.512892212093277
1993,DE,274385.0,3043825.0,298197.0,9.01,188944.0,2604586.0,32729.0,7.25,166898.0,3416811.0,645.0,4.88,76.6788957188257,10.20742998755856
1994,DE,276780.0,3107179.0,304555.0,8.91,187880.0,2684562.0,33414.0,7.0,159393.0,3446827.0,673.0,4.62,75.73344716061139,10.202357538047314
1995,DE,287845.0,3168325.0,310016.0,9.09,201228.0,2842288.0,34208.0,7.08,165608.0,3511083.0,577.0,4.72,77.3736946910267,10.219875748348473
1996,DE,293421.0,3271209.0,315530.0,8.97,203891.0,2910775.0,35008.0,7.0,159160.0,3399404.0,559.0,4.68,77.49421608087978,10.367347003454505
1997,DE,300412.0,3257281.0,320054.0,9.22,220598.0,3068181.0,35763.0,7.19,180396.0,3741116.0,565.0,4.82,78.21909219485879,10.177285708036768
1998,DE,304848.0,3338949.0,324562.0,9.13,228112.0,3226801.0,36828.0,7.07,175748.0,3779148.0,568.0,4.65,78.27163993320228,10.287553687739168
1999,DE,323774.0,3531956.0,331047.0,9.17,247795.0,3353041.0,37990.0,7.39,170136.0,3613390.0,558.0,4.71,81.50252582463115,10.669046993327232
2000,DE,305253.0,3574848.0,335282.0,8.54,238539.0,4049665.0,40616.0,5.89,134245.0,3600866.0,553.0,3.73,75.86971564235479,10.662212704529322
2001,DE,321352.0,3733993.0,342749.0,8.61,252398.0,3605434.0,40214.0,7.0,191239.0,3977532.0,551.0,4.81,78.13103271879227,10.894249144417635
2002,DE,349768.0,4020308.0,349069.0,8.7,270784.0,3787486.0,41635.0,7.15,201476.0,4151034.0,556.0,4.85,83.50020578548462,11.517230117827708
2003,DE,360046.0,4190390.0,357112.0,8.59,284248.0,3886166.0,43094.0,7.31,232744.0,4523034.0,562.0,5.15,84.01799248788429,11.73410582674343
2004,DE,377749.0,4304533.0,365142.0,8.78,300125.0,4033420.0,44300.0,7.44,207406.0,3423200.0,561.0,6.06,86.21052449001576,11.788654824698337
2005,DE,414051.0,4594009.0,373639.0,9.01,322150.0,4237757.0,45701.0,7.6,205133.0,3305022.0,574.0,6.21,92.34648952598631,12.295314461284823
2006,DE,504601.0,4258638.0,381642.0,11.85,428533.0,4196006.0,47098.0,10.21,237622.0,3100028.0,610.0,7.67,110.18201176320565,11.158724668668542
2007,DE,588410.0,4469619.0,387923.0,13.16,484246.0,4320737.0,48590.0,11.21,274754.0,3078454.0,616.0,8.93,126.40180310697399,11.521923165164221
2008,DE,616997.0,4428194.0,391810.0,13.93,524785.0,4338868.0,48966.0,12.1,312847.0,2981721.0,619.0,10.49,131.22793360727562,11.301891222786555
2009,DE,610008.0,4334912.0,393836.0,14.07,503524.0,4184934.0,49057.0,12.03,260288.0,2737932.0,1242.0,9.51,129.07403081485694,11.0068962715445
2010,DE,657103.0,4759973.0,396114.0,13.8,490773.0,4320020.0,49986.0,11.36,241673.0,2525939.0,1241.0,9.57,138.23945463511345,12.016674492696547
2011,DE,634568.0,4632094.0,398109.0,13.7,453159.0,4259842.0,50369.0,10.64,230941.0,2591360.0,1238.0,8.91,132.829618689019,11.635240599936198
2012,DE,614037.0,4521682.0,399998.0,13.58,429799.0,4243028.0,51056.0,10.13,230215.0,2754621.0,854.0,8.36,127.92501462507312,11.304261521307607
2013,DE,591965.0,4570013.0,403519.0,12.95,423911.0,4157793.0,51673.0,10.2,220967.0,2620050.0,848.0,8.43,122.25054251885702,11.325397317102789
2014,DE,617400.0,4644841.0,407508.0,13.29,440657.0,4197298.0,52203.0,10.5,214197.0,2496338.0,862.0,8.58,126.25519008215791,11.398159054546168
2015,DE,650835.0,4848998.0,413445.0,13.42,432571.0,4219085.0,52786.0,10.25,201235.0,2430122.0,858.0,8.28,131.18129376337845,11.728278247408966
2016,DE,639086.0,4763106.0,419234.0,13.42,426492.0,4235231.0,53366.0,10.07,183385.0,2260101.0,873.0,8.11,127.03446444388258,11.361449691580358
2017,DE,622385.0,4662598.0,426071.0,13.35,413794.0,4184668.0,54105.0,9.89,177390.0,2281337.0,854.0,7.78,121.72951612915845,10.943241854057188
2018,DE,635362.0,5070175.0,432449.0,12.53,419179.0,4342340.0,54904.0,9.65,187698.0,2360585.0,837.0,7.95,122.43486129770986,11.724330499087754
2019,DE,627984.0,5004131.0,439167.0,12.55,421499.0,4421465.0,55802.0,9.53,157386.0,2043826.0,865.0,7.7,119.16195889035379,11.394597043949112
2020,DE,627031.0,4991134.0,446276.0,12.56,374876.0,4082497.0,56764.0,9.18,137784.0,2055420.0,878.0,6.7,117.08580191032753,11.183962390986744
2021,DE,647126.0,5170380.0,453758.0,12.52,397960.0,4196263.0,58353.0,9.48,160527.0,2113012.0,864.0,7.6,118.84565487917935,11.394575963398992
2022,DE,714302.0,5210069.0,461484.0,13.71,472127.0,4298806.0,59162.0,10.98,178553.0,2030396.0,868.0,8.79,128.9864148413957,11.289815031507052
2023,DE,775833.0,4931847.0,468358.0,15.73,490681.0,4148502.0,59839.0,11.83,157018.0,2001322.0,876.0,7.85,138.04130600950555,10.5300795545288
2024,DE,857254.0,5174514.0,473508.0,16.57,522352.0,4282220.0,60653.0,12.2,162761.0,1917182.0,1169.0,8.49,150.86932709338245,10.92803923059378
1990,FL,5527170.0,71114670.0,5849276.0,7.77,3421034.0,51342236.0,705021.0,6.66,844106.0,16604579.0,22933.0,5.08,78.7443608405553,12.157858511036238
1991,FL,5759430.0,72813985.0,5975199.0,7.91,3549204.0,52440505.0,716862.0,6.77,855603.0,16482264.0,21910.0,5.19,80.32410301313814,12.186035142929967
1992,FL,5671187.0,73188925.0,6081648.0,7.75,3461114.0,52620260.0,733293.0,6.58,828371.0,16497054.0,21414.0,5.02,77.70902174322924,12.034390185028794
1993,FL,6137046.0,76827417.0,6200239.0,7.99,3669193.0,54875680.0,749990.0,6.69,857509.0,16297722.0,21857.0,5.26,82.48399779427858,12.391041216314404
1994,FL,6270548.0,80595125.0,6339918.0,7.78,3649160.0,57447392.0,768149.0,6.35,847618.0,16512738.0,23041.0,5.13,82.42151817526137,12.712329244636917
1995,FL,6711297.0,85769777.0,6476211.0,7.82,3838427.0,60078878.0,785172.0,6.39,849526.0,16472743.0,22566.0,5.16,86.35832742324176,13.243820653774252
1996,FL,7059880.0,88314752.0,6595180.0,7.99,4042818.0,60988112.0,801788.0,6.63,878978.0,17212028.0,22133.0,5.11,89.20504570509574,13.390802373854845
1997,FL,7097264.0,87845337.0,6727179.0,8.08,4190544.0,63337075.0,822794.0,6.62,919989.0,18265804.0,22318.0,5.04,87.91778346713632,13.058272568635381
1998,FL,7557066.0,95768182.0,6850551.0,7.89,4297769.0,67346460.0,839550.0,6.38,887094.0,18448021.0,23868.0,4.81,91.92771501153703,13.979632003323529
1999,FL,7253310.0,93846127.0,7001021.0,7.73,4297425.0,69054723.0,862939.0,6.22,885802.0,18579158.0,23353.0,4.77,86.33633580016401,13.40463440975252
2000,FL,7696330.0,99005605.0,7169802.0,7.77,4510745.0,72129914.0,882205.0,6.25,913461.0,18883859.0,26024.0,4.84,89.45307462233035,13.808694438144874
2001,FL,8712905.0,101377095.0,7343128.0,8.59,5239143.0,73957635.0,909064.0,7.08,1028201.0,19854252.0,22995.0,5.18,98.87821874637984,13.805709910000207
2002,FL,8822971.0,108163825.0,7506268.0,8.16,5150090.0,77561350.0,929629.0,6.64,990640.0,18959313.0,23238.0,5.23,97.9511500699593,14.409800582659718
2003,FL,9636112.0,112649865.0,7684497.0,8.55,6082671.0,85256748.0,1022614.0,7.13,1048419.0,19374815.0,25631.0,5.41,104.49731886593662,14.659367425089762
2004,FL,10085886.0,112203012.0,7885022.0,8.99,6601384.0,86765231.0,1047563.0,7.61,1139931.0,19518051.0,27417.0,5.84,106.59329802757685,14.22989206624915
2005,FL,11140738.0,115791459.0,8090607.0,9.62,7293498.0,89410281.0,1075650.0,8.16,1271206.0,19676345.0,29672.0,6.46,114.74971325802049,14.31183828357996
2006,FL,13263648.0,117053005.0,8291743.0,11.33,9047713.0,91300017.0,1090153.0,9.91,1523469.0,19767806.0,30889.0,7.71,133.3017677947809,14.116815366805266
2007,FL,13222562.0,117816205.0,8445561.0,11.22,9154114.0,93931300.0,1117907.0,9.75,1492400.0,19240994.0,28476.0,7.76,130.4685581770905,13.950074482914752
2008,FL,13278714.0,113936978.0,8478405.0,11.65,9446376.0,93205137.0,1129098.0,10.14,1562089.0,18944917.0,22383.0,8.25,130.5150556030291,13.438492027686811
2009,FL,14302606.0,115473511.0,8493591.0,12.39,9936649.0,92274655.0,1125135.0,10.77,1576697.0,16917941.0,20457.0,9.32,140.32743433647008,13.595369850043403
2010,FL,13982240.0,122244650.0,8529204.0,11.44,8941651.0,91614093.0,1127138.0,9.76,1528594.0,17265268.0,18048.0,8.85,136.61141961977538,14.332480498766357
2011,FL,13388983.0,116341105.0,8575892.0,11.51,9039755.0,91778108.0,1139656.0,9.85,1443926.0,16885585.0,17335.0,8.55,130.10291912880123,13.56606461461968
2012,FL,12806820.0,112127056.0,8645207.0,11.42,8894821.0,92037801.0,1160572.0,9.66,1319868.0,16425581.0,17414.0,8.04,123.44817191768804,12.969852081043287
2013,FL,12770123.0,113293913.0,8756322.0,11.27,8653405.0,92144612.0,1175896.0,9.39,1246783.0,16389522.0,17865.0,7.61,121.53241014511191,12.938527500473372
2014,FL,13854538.0,116535263.0,8891020.0,11.89,9169986.0,92925670.0,1180768.0,9.87,1306052.0,16522425.0,18779.0,7.9,129.85516097515622,13.107074666348742
2015,FL,14216590.0,122759472.0,8963967.0,11.58,9106202.0,95847051.0,1183241.0,9.5,1388136.0,16897415.0,19457.0,8.22,132.16423413130966,13.694770630012359
2016,FL,13545273.0,123320547.0,9149214.0,10.98,8506823.0,95547214.0,1199897.0,8.9,1288401.0,16758825.0,21162.0,7.69,123.3737400830279,13.478813261991686
2017,FL,14097730.0,121462622.0,9291707.0,11.61,8881601.0,95003681.0,1216939.0,9.35,1299364.0,16601941.0,21289.0,7.83,126.43649152231482,13.07215369576333
2018,FL,14485280.0,125528047.0,9423022.0,11.54,8845109.0,96265276.0,1229559.0,9.19,1276341.0,16689129.0,21327.0,7.65,128.10186229711303,13.321421408121514
2019,FL,14882751.0,127181551.0,9565846.0,11.7,8950252.0,96566532.0,1240902.0,9.27,1263326.0,16514482.0,23579.0,7.65,129.65181020058236,13.295379310936012
2020,FL,15021436.0,133298869.0,9731237.0,11.27,8181315.0,92493736.0,1256569.0,8.85,1185729.0,16572954.0,22587.0,7.15,128.6358901066055,13.698039519538986
2021,FL,15518174.0,130412464.0,9917113.0,11.9,8931651.0,93965070.0,1272939.0,9.51,1308516.0,17112564.0,23036.0,7.65,130.3989544806706,13.150244834358547
2022,FL,18664364.0,134245975.0,10066753.0,13.9,10842320.0,96864074.0,1282170.0,11.19,1614811.0,17635655.0,23673.0,9.16,154.50499944387894,13.335578512753814
2023,FL,20651963.0,135805022.0,10222476.0,15.21,11620543.0,97255443.0,1292988.0,11.95,1672810.0,17808644.0,26085.0,9.39,168.3542144453718,13.284944078127452
2024,FL,19561174.0,138370720.0,10443373.0,14.14,10903073.0,99197472.0,1309027.0,10.99,1483603.0,17457348.0,26610.0,8.5,156.08920923664542,13.249619639172133
1990,GA,2233265.0,29932837.0,2645481.0,7.46,1676866.0,22867547.0,294759.0,7.33,1290544.0,26717324.0,15082.0,4.83,70.34842309079774,11.314704962916007
1991,GA,2264006.0,30186631.0,2691156.0,7.5,1709680.0,23240750.0,298577.0,7.36,1300456.0,27193100.0,13938.0,4.78,70.10636569067965,11.21697553021824
1992,GA,2360573.0,30527585.0,2749783.0,7.73,1778117.0,23714684.0,306308.0,7.5,1341509.0,28197008.0,14110.0,4.76,71.5381601626989,11.1018160342107
1993,GA,2639592.0,33866821.0,2810138.0,7.79,1873182.0,25168564.0,313374.0,7.44,1378754.0,29084291.0,13930.0,4.74,78.2758711493884,12.051657605427208
1994,GA,2526959.0,32734558.0,2878055.0,7.72,1918457.0,26161354.0,334866.0,7.33,1368049.0,29942276.0,14013.0,4.57,73.16744004776375,11.373847268380903
1995,GA,2811067.0,35812315.0,2952249.0,7.85,2031156.0,27741054.0,330914.0,7.32,1422681.0,31493470.0,13983.0,4.52,79.34817941621229,12.130519817264735
1996,GA,2891749.0,37762979.0,3031615.0,7.66,2089009.0,29139733.0,346297.0,7.17,1422800.0,33175253.0,13883.0,4.29,79.48868287474939,12.456390075916632
1997,GA,2851715.0,36830702.0,3114758.0,7.74,2147277.0,30199718.0,360162.0,7.11,1402076.0,33957321.0,11971.0,4.13,76.29578820141619,11.824578988158951
1998,GA,3185225.0,41519253.0,3204954.0,7.67,2296618.0,32766468.0,376913.0,7.01,1483140.0,35076513.0,11727.0,4.23,82.8203514517421,12.954711050455014
1999,GA,3158846.0,41766549.0,3295924.0,7.56,2272403.0,34093469.0,392919.0,6.67,1463147.0,35255212.0,10987.0,4.15,79.86748683120929,12.67218206487771
2000,GA,3386290.0,44559990.0,3385235.0,7.6,2401378.0,36950986.0,410782.0,6.5,1481000.0,36085359.0,10343.0,4.1,83.35930395772623,13.163041856769176
2001,GA,3427720.0,44380213.0,3490148.0,7.72,2502600.0,37838787.0,427323.0,6.61,1453841.0,33940715.0,9908.0,4.28,81.84275662044513,12.71585417008104
2002,GA,3705932.0,48599732.0,3588926.0,7.63,2512885.0,38886943.0,440687.0,6.46,1365589.0,34603113.0,9921.0,3.95,86.0501628249417,13.541580963218523
2003,GA,3710663.0,48174230.0,3660912.0,7.7,2699302.0,40554073.0,484592.0,6.66,1396962.0,34768042.0,10547.0,4.02,84.46581525769172,13.159078939892574
2004,GA,4016437.0,51123502.0,3751795.0,7.86,2912397.0,42316393.0,499964.0,6.88,1587183.0,35845569.0,12772.0,4.43,89.21145300671634,13.626411357763418
2005,GA,4565468.0,52826512.0,3834400.0,8.64,3427862.0,44663298.0,513023.0,7.67,1826756.0,34601792.0,15361.0,5.28,99.22169483274219,13.776995618610474
2006,GA,4857738.0,54520612.0,3924073.0,8.91,3558589.0,45546516.0,529687.0,7.81,1860951.0,34588483.0,15164.0,5.38,103.1610523045825,13.893883217768884
2007,GA,5113632.0,56223367.0,4001957.0,9.1,3790901.0,46997248.0,538632.0,8.07,1883808.0,34054020.0,14706.0,5.53,106.48190372860078,14.04896829226301
2008,GA,5517454.0,55586624.0,4034752.0,9.93,4250111.0,46876482.0,543498.0,9.07,2170113.0,32528832.0,15948.0,6.67,113.95690077936223,13.7769617562616
2009,GA,5587891.0,55157559.0,4061862.0,10.13,4120177.0,46080389.0,545860.0,8.94,1795619.0,29348148.0,15487.0,6.12,114.64140912057901,13.579377881375585
2010,GA,6198370.0,61554498.0,4054145.0,10.07,4338100.0,47897477.0,546011.0,9.06,1932099.0,31046909.0,15648.0,6.22,127.40808070094516,15.183102232406586
2011,GA,6383601.0,57749519.0,4056147.0,11.05,4631317.0,46930109.0,548674.0,9.87,2080074.0,31521020.0,16241.0,6.6,131.15075711013432,14.237531085535116
2012,GA,5996286.0,53660167.0,4071478.0,11.17,4400045.0,45937150.0,547610.0,9.58,1866393.0,31224600.0,17335.0,5.98,122.72951002068537,13.179530136230627
2013,GA,6135755.0,53544411.0,4101351.0,11.46,4529223.0,45353153.0,554350.0,9.99,1972453.0,31443424.0,18981.0,6.27,124.66938739616938,13.055310554985418
2014,GA,6659464.0,57167387.0,4137057.0,11.65,4827025.0,46608275.0,552712.0,10.36,2115659.0,31849136.0,20300.0,6.64,134.14253981352766,13.818370643672543
2015,GA,6511155.0,56421650.0,4191209.0,11.54,4662637.0,47151316.0,560950.0,9.89,1887035.0,32134396.0,20685.0,5.87,129.46055660789048,13.461903236035235
2016,GA,6659243.0,57889379.0,4240421.0,11.5,4687610.0,47761768.0,567431.0,9.81,1884161.0,32290121.0,21774.0,5.84,130.8683540305707,13.651799903830304
2017,GA,6516806.0,54771449.0,4296977.0,11.9,4667211.0,46265427.0,572861.0,10.09,1921632.0,32250691.0,23108.0,5.96,126.38354049059761,12.746507370181408
2018,GA,6847325.0,59689106.0,4354021.0,11.47,4633071.0,47311675.0,579468.0,9.79,1963178.0,32695791.0,23065.0,6.0,131.05366663749822,13.708961440470773
2019,GA,6979149.0,59331491.0,4411521.0,11.76,4751931.0,47411823.0,585573.0,10.02,1998924.0,32393384.0,23539.0,6.17,131.8356526014497,13.449214227927284
2020,GA,6995859.0,58220280.0,4487431.0,12.02,4466257.0,44301529.0,592220.0,10.08,1777389.0,30807724.0,23822.0,5.77,129.91581374733116,12.974078041534232
2021,GA,7339634.0,58684962.0,4560653.0,12.51,4858538.0,45777026.0,599964.0,10.61,2125605.0,32758986.0,24211.0,6.49,134.111533297242,12.867666538103206
2022,GA,8437884.0,61140241.0,4648898.0,13.8,5995224.0,49540774.0,607578.0,12.1,2959850.0,34210498.0,24135.0,8.65,151.25240433324197,13.151555702017983
2023,GA,7996719.0,58412499.0,4703796.0,13.69,5497964.0,51404671.0,609978.0,10.7,2205710.0,32067537.0,24366.0,6.88,141.6713756293853,12.418161629458421
2024,GA,8740026.0,62062953.0,4815501.0,14.08,5994967.0,55172683.0,619171.0,10.87,2352084.0,32616660.0,24336.0,7.21,151.24812558444074,12.88816116952317
1990,HI,238404.0,2323950.0,316459.0,10.26,223319.0,2194416.0,47997.0,10.18,282629.0,3733752.0,705.0,7.57,62.77906458656572,7.343605332760326
1991,HI,251999.0,2395661.0,325703.0,10.52,237453.0,2297841.0,49572.0,10.33,290943.0,3773038.0,727.0,7.71,64.47566238771724,7.355354417982027
1992,HI,265831.0,2438376.0,331347.0,10.9,248185.0,2356265.0,49756.0,10.53,298595.0,3811320.0,744.0,7.83,66.85614577265927,7.358980162790066
1993,HI,303167.0,2468578.0,337364.0,12.28,276058.0,2363224.0,50603.0,11.68,337238.0,3769876.0,753.0,8.95,74.88622575813265,7.3172537674440665
1994,HI,318369.0,2556879.0,345551.0,12.45,296882.0,2542915.0,51208.0,11.67,334157.0,3790665.0,711.0,8.82,76.77810221935401,7.3994258445207794
1995,HI,347281.0,2606284.0,350644.0,13.32,330986.0,2721151.0,52276.0,12.16,352472.0,3802683.0,684.0,9.27,82.53408965598537,7.432849271625923
1996,HI,381535.0,2675881.0,354421.0,14.26,358572.0,2761274.0,52424.0,12.99,389510.0,3884280.0,693.0,10.03,89.70851990523511,7.550006912682939
1997,HI,394850.0,2668050.0,357329.0,14.8,368823.0,2781653.0,52367.0,13.26,397999.0,3856455.0,685.0,10.32,92.0836726564781,7.466648382862852
1998,HI,364931.0,2640645.0,359986.0,13.82,341787.0,2776068.0,52438.0,12.31,356513.0,3787397.0,683.0,9.41,84.47805377616537,7.3354102659547875
1999,HI,384432.0,2689147.0,363680.0,14.3,367807.0,2887393.0,52986.0,12.74,363684.0,3747690.0,661.0,9.7,88.08842938847339,7.394266937967444
2000,HI,453649.0,2764618.0,368361.0,16.41,449707.0,3035747.0,53782.0,14.81,448082.0,3833873.0,661.0,11.69,102.627811666635,7.505186488254728
2001,HI,457800.0,2802470.0,375021.0,16.34,463606.0,3129441.0,54809.0,14.81,442536.0,3789894.0,654.0,11.68,101.72763658568454,7.4728348545814764
2002,HI,453157.0,2898380.0,375668.0,15.63,446998.0,3167933.0,54571.0,14.11,415429.0,3770401.0,643.0,11.02,100.52249149071343,7.715269865945462
2003,HI,506552.0,3027624.0,385827.0,16.73,528299.0,3517123.0,61088.0,15.02,469075.0,3846089.0,669.0,12.2,109.40827538421797,7.8471024578373205
2004,HI,571200.0,3162192.0,389411.0,18.06,588079.0,3632408.0,62107.0,16.19,525600.0,3936920.0,673.0,13.35,122.23588958709435,8.120448574899013
2005,HI,655008.0,3164065.0,395079.0,20.7,659278.0,3463147.0,60147.0,19.04,617583.0,3911698.0,684.0,15.79,138.15970983018585,8.008689401360234
2006,HI,742993.0,3182432.0,401592.0,23.35,747603.0,3489733.0,61334.0,21.42,699556.0,3895747.0,689.0,17.96,154.17658552295197,7.924540329488635
2007,HI,772068.0,3200725.0,407146.0,24.12,771204.0,3520234.0,62001.0,21.91,710171.0,3864340.0,682.0,18.38,158.02439419765884,7.8613691403083905
2008,HI,1002587.0,3085237.0,409668.0,32.5,1040495.0,3500753.0,61684.0,29.72,990936.0,3804289.0,673.0,26.05,203.94298960784508,7.531066619799447
2009,HI,739418.0,3055273.0,412843.0,24.2,740614.0,3388012.0,60869.0,21.86,668137.0,3682900.0,688.0,18.14,149.25326738413068,7.400568739205945
2010,HI,840072.0,2989499.0,414568.0,28.1,869792.0,3354523.0,60479.0,25.93,805925.0,3672487.0,686.0,21.94,168.8649389243743,7.211118561972945
2011,HI,1015685.0,2928743.0,417531.0,34.68,1090424.0,3368131.0,60043.0,32.37,1040801.0,3664779.0,698.0,28.4,202.71648492367433,7.014432461302275
2012,HI,1022944.0,2739298.0,419612.0,37.34,1129545.0,3238180.0,60109.0,34.88,1128570.0,3661679.0,706.0,30.82,203.15275381384072,6.528168879822312
2013,HI,964882.0,2608853.0,422386.0,36.98,1113961.0,3271200.0,60467.0,34.05,1082194.0,3623111.0,694.0,29.87,190.36339588275496,6.176466549554199
2014,HI,957073.0,2583770.0,425168.0,37.04,1095476.0,3201898.0,60679.0,34.21,1114946.0,3689784.0,716.0,30.22,187.58722042424014,6.0770565988032965
2015,HI,781896.0,2641336.0,428339.0,29.6,854791.0,3174462.0,60631.0,26.93,852083.0,3695554.0,740.0,23.06,152.11783190416938,6.166461611013706
2016,HI,717390.0,2611727.0,430941.0,27.47,766699.0,3111282.0,60836.0,24.64,770337.0,3722380.0,801.0,20.69,138.72548678357361,6.060521045804414
2017,HI,775853.0,2629679.0,432952.0,29.5,825062.0,3081632.0,61236.0,26.77,828074.0,3612890.0,782.0,22.92,149.3339138441829,6.073834974777805
2018,HI,880207.0,2710698.0,436266.0,32.47,906817.0,3033009.0,59661.0,29.9,937994.0,3593454.0,814.0,26.1,168.13270649863463,6.213406499704309
2019,HI,884847.0,2759774.0,438352.0,32.06,893824.0,3057866.0,59878.0,29.23,936272.0,3635247.0,823.0,25.76,168.21469960214623,6.295794247545352
2020,HI,862771.0,2849114.0,442002.0,30.28,762527.0,2684301.0,59734.0,28.41,797940.0,3263346.0,816.0,24.45,162.6634796524299,6.445930108913534
2021,HI,946210.0,2825082.0,443535.0,33.49,859804.0,2784538.0,59935.0,30.88,902208.0,3326862.0,817.0,27.12,177.77815354669494,6.369468023943996
2022,HI,1182559.0,2748479.0,444854.0,43.03,1140213.0,2837850.0,60136.0,40.18,1267578.0,3452786.0,822.0,36.71,221.52567658902322,6.178384368804147
2023,HI,1141701.0,2693161.0,446203.0,42.39,1092349.0,2798995.0,60117.0,39.03,1211791.0,3435096.0,813.0,35.28,213.22525845859397,6.035730373843296
2024,HI,1136578.0,2651594.0,446512.0,42.86,1080617.0,2830166.0,59655.0,38.18,1184407.0,3470374.0,821.0,34.13,212.12158538478994,5.93846078044935
1990,IA,821178.0,10513101.0,1137688.0,7.81,421537.0,6727381.0,157186.0,6.27,453290.0,11392481.0,3773.0,3.98,60.1496192277672,9.240759329447089
1991,IA,866430.0,11159190.0,1144728.0,7.76,443932.0,7123125.0,158246.0,6.23,468567.0,11684144.0,3951.0,4.01,63.07393546763947,9.748333228504938
1992,IA,825291.0,10290462.0,1152036.0,8.02,445938.0,7018603.0,160240.0,6.35,487224.0,12134347.0,3930.0,4.02,59.6980042290345,8.932413570409258
1993,IA,890135.0,11103104.0,1158699.0,8.02,462323.0,7268933.0,158346.0,6.36,488927.0,12465070.0,3571.0,3.92,64.01827969702802,9.582388523680438
1994,IA,895142.0,11061653.0,1168902.0,8.09,472813.0,7477060.0,160032.0,6.32,513463.0,13224138.0,3743.0,3.88,63.8164419828751,9.463285202694495
1995,IA,958686.0,11639680.0,1181159.0,8.24,489850.0,7606592.0,162731.0,6.44,541923.0,13771042.0,3838.0,3.94,67.63737989550941,9.854456512628698
1996,IA,941861.0,11537222.0,1190005.0,8.16,478953.0,7338062.0,165698.0,6.53,577862.0,14788783.0,3964.0,3.91,65.95637553343613,9.695103802084866
1997,IA,958105.0,11673483.0,1202085.0,8.21,502269.0,7593666.0,166759.0,6.61,614212.0,15530878.0,3981.0,3.95,66.41966527602735,9.711029586094162
1998,IA,993455.0,11855408.0,1213739.0,8.38,535756.0,8033776.0,168980.0,6.67,641457.0,16078667.0,3765.0,3.99,68.20899441038532,9.767674928464851
1999,IA,991100.0,11866839.0,1228606.0,8.35,533486.0,8268980.0,167576.0,6.45,642276.0,16499049.0,3971.0,3.89,67.22388354498241,9.65878320633303
2000,IA,1007251.0,12028663.0,1243488.0,8.37,550635.0,8374842.0,171611.0,6.57,665443.0,17126797.0,4050.0,3.89,67.50172364617377,9.673324551583931
2001,IA,1045203.0,12429672.0,1249933.0,8.41,569620.0,8512208.0,173308.0,6.69,679233.0,16238196.0,4008.0,4.18,69.68393505891916,9.944270612904852
2002,IA,1078910.0,12920571.0,1259526.0,8.35,577849.0,8803131.0,178152.0,6.56,672309.0,16547527.0,4005.0,4.06,71.38333521234708,10.258280495996113
2003,IA,1093976.0,12767551.0,1273208.0,8.57,726471.0,11637018.0,199321.0,6.24,698856.0,16802715.0,4989.0,4.16,71.60233572728625,10.027859548479118
2004,IA,1131602.0,12625127.0,1286090.0,8.96,731182.0,10840215.0,199203.0,6.75,755719.0,17437431.0,6038.0,4.33,73.32314742099437,9.816674571764029
2005,IA,1258241.0,13570604.0,1300725.0,9.27,783368.0,11271017.0,203350.0,6.95,817783.0,17915187.0,5941.0,4.56,80.61151793551032,10.433107689942148
2006,IA,1285276.0,13344308.0,1313858.0,9.63,850300.0,11660321.0,206821.0,7.29,902171.0,18331369.0,5790.0,4.92,81.52047887468306,10.156583131510407
2007,IA,1328152.0,14060336.0,1323176.0,9.45,858697.0,12084352.0,209108.0,7.11,906073.0,19124835.0,5941.0,4.74,83.64672071843303,10.626202409959069
2008,IA,1335608.0,14073160.0,1325990.0,9.49,874822.0,12177843.0,211241.0,7.18,924835.0,19237067.0,6187.0,4.81,83.93778736390671,10.613322875738127
2009,IA,1370570.0,13723413.0,1324182.0,9.99,884248.0,11706306.0,215993.0,7.55,960514.0,18211476.0,6608.0,5.27,86.25261985638429,10.36369094278581
2010,IA,1516862.0,14554888.0,1327896.0,10.42,951526.0,12025276.0,217704.0,7.91,1011344.0,18865105.0,6555.0,5.36,95.19206825434121,10.960864405043768
2011,IA,1499148.0,14326771.0,1329905.0,10.46,949311.0,12087902.0,219229.0,7.85,1002835.0,19240204.0,7378.0,5.21,93.93828882514164,10.772777754802036
2012,IA,1513376.0,13987613.0,1334596.0,10.82,977690.0,12209804.0,221154.0,8.01,1033194.0,19511683.0,7255.0,5.3,94.49651180332226,10.480784447128569
2013,IA,1614968.0,14625866.0,1341807.0,11.04,1049965.0,12444635.0,222065.0,8.44,1104037.0,19634715.0,8412.0,5.62,100.29808062311992,10.90012647124363
2014,IA,1610036.0,14426582.0,1348641.0,11.16,1070319.0,12339098.0,224187.0,8.67,1166905.0,20436173.0,7399.0,5.71,99.48508659210766,10.697125476683565
2015,IA,1603951.0,13786328.0,1356600.0,11.63,1076729.0,12071781.0,227544.0,8.92,1255122.0,21289184.0,7645.0,5.9,98.52763035038578,10.162411912133274
2016,IA,1682433.0,14093678.0,1358902.0,11.94,1126795.0,12291332.0,235813.0,9.17,1333452.0,22046183.0,7724.0,6.05,103.17355482588148,10.371371887008776
2017,IA,1692832.0,13721869.0,1375599.0,12.34,1148435.0,12135026.0,237942.0,9.46,1431706.0,23065102.0,7747.0,6.21,102.55120375438868,9.975195533000534
2018,IA,1817122.0,14840349.0,1385756.0,12.24,1202569.0,12417671.0,239703.0,9.68,1546011.0,23952635.0,7890.0,6.45,109.27380674038817,10.709207825908745
2019,IA,1805899.0,14494821.0,1392979.0,12.46,1230296.0,12309610.0,241734.0,9.99,1599654.0,24238717.0,8565.0,6.6,108.03578756990116,10.405627794819592
2020,IA,1815028.0,14567483.0,1403386.0,12.46,1155688.0,11605738.0,243762.0,9.96,1572418.0,24466641.0,9507.0,6.43,107.77671526816808,10.380239648963293
2021,IA,1864645.0,14651755.0,1417424.0,12.73,1234385.0,12135097.0,246568.0,10.17,1731614.0,26106417.0,9479.0,6.63,109.62639501894517,10.336889314700471
2022,IA,1997146.0,15192859.0,1426164.0,13.15,1315547.0,12470072.0,245328.0,10.55,1874715.0,26541024.0,9458.0,7.06,116.69684084953298,10.652953657503625
2023,IA,1940409.0,14581845.0,1436037.0,13.31,1301603.0,12600924.0,250532.0,10.33,1880378.0,27217490.0,9451.0,6.91,112.60207780161653,10.15422652758947
2024,IA,1939175.0,14468850.0,1448818.0,13.4,1309887.0,12814989.0,251716.0,10.22,1881132.0,27646583.0,9477.0,6.8,111.53776158680155,9.986658089559903
1990,ID,274083.0,5626311.0,401443.0,4.87,207824.0,4894064.0,69840.0,4.25,187818.0,7165289.0,4462.0,2.62,56.895374934922266,14.015217602498986
1991,ID,291642.0,5971037.0,409075.0,4.88,206451.0,4865137.0,71881.0,4.24,181228.0,6908837.0,4315.0,2.62,59.41086597812137,14.59643586139461
1992,ID,282696.0,5738743.0,419619.0,4.93,229550.0,5339622.0,73952.0,4.3,205691.0,7551048.0,4351.0,2.72,56.141404464526154,13.676079967780296
1993,ID,311876.0,6245111.0,433752.0,4.99,219445.0,4968602.0,75568.0,4.42,203082.0,7222067.0,3711.0,2.81,59.918263585336014,14.397884044338701
1994,ID,316771.0,6221886.0,449100.0,5.09,246098.0,5637525.0,78019.0,4.37,215844.0,7646628.0,4271.0,2.82,58.77885400430491,13.854121576486307
1995,ID,329872.0,6193159.0,464111.0,5.33,237019.0,5291053.0,80760.0,4.48,220311.0,7843133.0,4025.0,2.81,59.23008360787254,13.344133192275123
1996,ID,343840.0,6507968.0,477297.0,5.28,250727.0,5883266.0,83382.0,4.26,224182.0,9042133.0,3926.0,2.68,60.03250247400117,13.63504903655376
1997,ID,341283.0,6627929.0,491241.0,5.15,248822.0,5969036.0,86379.0,4.17,268690.0,9480949.0,5686.0,2.6,57.89469934309229,13.492214615636724
1998,ID,348912.0,6610196.0,502967.0,5.28,260714.0,6005016.0,89329.0,4.34,268694.0,9193308.0,6506.0,2.77,57.808961621736614,13.142404968914462
1999,ID,358072.0,6806476.0,516526.0,5.26,271119.0,6449747.0,90798.0,4.2,241153.0,9170547.0,6567.0,2.63,57.76927653851565,13.177412172862548
2000,ID,377498.0,7006491.0,531075.0,5.39,299515.0,7067854.0,92417.0,4.24,261663.0,8407697.0,6126.0,3.11,59.23488521709112,13.193034882078802
2001,ID,414721.0,6905546.0,543244.0,6.01,335713.0,6543349.0,95318.0,5.13,270936.0,7305412.0,6438.0,3.71,63.61797522537447,12.711683884221454
2002,ID,464924.0,7055912.0,561610.0,6.59,397869.0,6962527.0,96316.0,5.71,275669.0,6352163.0,6437.0,4.34,68.98678204922751,12.563722155944516
2003,ID,442569.0,7089744.0,576895.0,6.24,303970.0,5466348.0,86610.0,5.56,360226.0,8662593.0,23829.0,4.16,63.929744580902934,12.289487688400836
2004,ID,446408.0,7313929.0,588363.0,6.1,294304.0,5484015.0,88118.0,5.37,344210.0,9010730.0,24659.0,3.82,63.22740666334672,12.430980534126041
2005,ID,477936.0,7600766.0,607158.0,6.29,304255.0,5615471.0,90377.0,5.42,337435.0,8636444.0,25259.0,3.91,65.59742274663267,12.518596477358447
2006,ID,500240.0,8057475.0,628199.0,6.21,299737.0,5813222.0,92585.0,5.16,320582.0,8891052.0,25677.0,3.61,66.35901468589837,12.826309815838611
2007,ID,530332.0,8339433.0,644645.0,6.36,309173.0,6014562.0,96345.0,5.14,364107.0,9401191.0,25722.0,3.87,68.55607866862123,12.936473562968766
2008,ID,597059.0,8539743.0,654545.0,6.99,346162.0,6048579.0,99003.0,5.72,417655.0,9313168.0,26210.0,4.48,76.01450880637186,13.046838643637948
2009,ID,667177.0,8553610.0,659776.0,7.8,389480.0,6005433.0,100210.0,6.49,423882.0,8194736.0,26570.0,5.17,84.2681202913312,12.964415195460278
2010,ID,649759.0,8136736.0,664717.0,7.99,389390.0,5864885.0,101268.0,6.64,452704.0,8796047.0,26047.0,5.15,81.458099211143,12.240902519418038
2011,ID,660576.0,8389866.0,667243.0,7.87,382926.0,5969462.0,101424.0,6.41,454720.0,8912396.0,26258.0,5.1,82.50067816372746,12.5739288385191
2012,ID,707181.0,8159349.0,673368.0,8.67,410328.0,5978118.0,102319.0,6.86,524514.0,9574392.0,26523.0,5.48,87.51789511827114,12.117221192572263
2013,ID,803665.0,8619262.0,680930.0,9.32,460410.0,6250297.0,103400.0,7.37,568510.0,9338497.0,26847.0,6.09,98.35384449698695,12.658073517101611
2014,ID,791099.0,8134913.0,690277.0,9.72,476481.0,6127911.0,104463.0,7.78,573888.0,8970460.0,27127.0,6.4,95.50501706802727,11.78499790663748
2015,ID,799700.0,8054693.0,701447.0,9.93,488546.0,6263642.0,106451.0,7.8,576477.0,8740479.0,27531.0,6.6,95.00598999876921,11.482967351774262
2016,ID,813497.0,8172022.0,714365.0,9.95,487083.0,6279129.0,107551.0,7.76,564023.0,8611810.0,27847.0,6.55,94.89744971641481,11.439561008728031
2017,ID,876364.0,8727901.0,727568.0,10.04,512664.0,6421001.0,108965.0,7.98,575797.0,8644888.0,28138.0,6.66,100.37595569532103,11.995993501638335
2018,ID,855157.0,8427578.0,743567.0,10.15,510534.0,6436893.0,110797.0,7.93,575247.0,8889037.0,28418.0,6.47,95.83949171134992,11.333986042952418
2019,ID,860048.0,8696843.0,763841.0,9.89,493892.0,6440943.0,112137.0,7.67,538026.0,8847489.0,28493.0,6.08,93.82930042596125,11.38567188721213
2020,ID,892473.0,8970751.0,782559.0,9.95,488956.0,6309927.0,114707.0,7.75,571938.0,9180674.0,28759.0,6.23,95.03788212773735,11.463354200769526
2021,ID,944639.0,9300843.0,806421.0,10.16,520870.0,6600296.0,117323.0,7.89,599709.0,9384477.0,28974.0,6.39,97.61640218529362,11.533483131019654
2022,ID,1033583.0,9963653.0,826329.0,10.37,565304.0,6836725.0,119688.0,8.27,630771.0,9400753.0,29155.0,6.71,104.23441107194189,12.057731242640644
2023,ID,1082537.0,9793265.0,845896.0,11.05,600657.0,6842096.0,121675.0,8.78,648094.0,9038616.0,29322.0,7.17,106.64599036603397,11.577386581802019
2024,ID,1132688.0,9832269.0,868141.0,11.52,638525.0,6963670.0,123982.0,9.17,736518.0,9573616.0,29658.0,7.69,108.72734574990314,11.325659080725366
1990,IL,3260357.0,32871442.0,4367769.0,9.92,2464894.0,31734447.0,442990.0,7.77,2121723.0,39298519.0,4574.0,5.4,62.20485027176727,7.525911283311915
1991,IL,3549079.0,35963792.0,4404960.0,9.87,2632023.0,33118784.0,448919.0,7.95,2179893.0,39712089.0,4576.0,5.49,67.14171827515649,8.164385601685373
1992,IL,3331865.0,32367011.0,4433655.0,10.29,2544668.0,31456853.0,447838.0,8.09,2238052.0,40898339.0,7945.0,5.47,62.62449754585475,7.3002998654608895
1993,IL,3621679.0,35225722.0,4476683.0,10.28,2749069.0,34354863.0,454392.0,8.0,2192745.0,40249440.0,4750.0,5.45,67.41745692811695,7.868710382218263
1994,IL,3564274.0,35705729.0,4516215.0,9.98,2738718.0,35662744.0,458307.0,7.68,2164368.0,41765360.0,4674.0,5.18,65.76808972410156,7.906118065681107
1995,IL,3981788.0,38386140.0,4561027.0,10.37,2933335.0,37217396.0,462247.0,7.88,2226993.0,42250818.0,4857.0,5.27,72.75020881627464,8.416117685775594
1996,IL,3881830.0,37554191.0,4604056.0,10.34,2983729.0,37440776.0,465343.0,7.97,2203795.0,42423260.0,5047.0,5.24,70.26105532455152,8.156762428606429
1997,IL,3887862.0,37264209.0,4653469.0,10.43,3025001.0,38160530.0,480315.0,7.93,2263582.0,42836985.0,4858.0,5.29,69.62300597683148,8.00783437044493
1998,IL,3910212.0,39707057.0,4751245.0,9.85,3093174.0,39792448.0,505638.0,7.77,2214524.0,43377166.0,5365.0,5.11,68.58223476162563,8.35718995757954
1999,IL,3500662.0,39630637.0,4623801.0,8.83,3096949.0,41968404.0,481299.0,7.38,2095436.0,41971768.0,5587.0,4.99,63.09134699640692,8.571008354382034
2000,IL,3546278.0,40146401.0,4748863.0,8.83,3206541.0,43855228.0,493670.0,7.31,2042805.0,40939212.0,5009.0,4.99,62.23029947729944,8.453897490830963
2001,IL,3644562.0,41820005.0,4801256.0,8.71,3193914.0,43135422.0,504107.0,7.4,1895907.0,40779944.0,5335.0,4.65,63.257093560518335,8.710221866944815
2002,IL,3777911.0,45030069.0,4857000.0,8.39,3326338.0,44243823.0,513839.0,7.52,1920053.0,39287515.0,5484.0,4.89,64.81900693157642,9.271169240271773
2003,IL,3615807.0,43161332.0,4900412.0,8.38,3617618.0,49560841.0,550038.0,7.3,2091506.0,43041769.0,7347.0,4.86,61.48814630280066,8.807694536704261
2004,IL,3638262.0,43442533.0,4921448.0,8.37,3569731.0,47358378.0,544459.0,7.54,2231611.0,48008008.0,18318.0,4.65,61.6055477981277,8.827185210531535
2005,IL,4054880.0,48592601.0,5008031.0,8.34,3874739.0,49977266.0,566595.0,7.75,2114919.0,45888261.0,6786.0,4.61,67.47295826776364,9.702935345248463
2006,IL,3907210.0,46381486.0,5020608.0,8.42,4025133.0,50630916.0,568400.0,7.95,2105922.0,44916424.0,6513.0,4.69,64.85286908146053,9.238220948538503
2007,IL,4863297.0,48036261.0,5065123.0,10.12,4461530.0,52043238.0,579121.0,8.57,3001349.0,45430300.0,5889.0,6.61,80.01281508859707,9.48373040496746
2008,IL,5177691.0,46780346.0,5098579.0,11.07,4786428.0,51770479.0,586611.0,9.25,3338941.0,45503189.0,6016.0,7.34,84.62637334833882,9.175173317898967
2009,IL,4996392.0,44324492.0,5074861.0,11.27,4552277.0,50329279.0,575801.0,9.05,2911345.0,41507314.0,5893.0,7.01,82.04480871495791,8.734129269747486
2010,IL,5599019.0,48582984.0,5070056.0,11.52,4565265.0,51437414.0,578768.0,8.88,3011060.0,44180125.0,5991.0,6.82,92.0275666909136,9.582336763144234
2011,IL,5545106.0,47057002.0,5089449.0,11.78,4361216.0,50468038.0,587337.0,8.64,2878997.0,44844111.0,5843.0,6.42,90.7941442515028,9.245991461944111
2012,IL,5335088.0,46901870.0,5098647.0,11.38,4058476.0,50807913.0,590142.0,7.99,2625085.0,45277444.0,6042.0,5.8,87.19777357927832,9.198885508253465
2013,IL,4927661.0,46372234.0,5120607.0,10.63,4110781.0,50472706.0,596672.0,8.14,2637816.0,44386770.0,6498.0,5.94,80.19330846258396,9.056003321481223
2014,IL,5481125.0,46009458.0,5145022.0,11.91,4687910.0,50619480.0,600246.0,9.26,3037246.0,44329683.0,6098.0,6.85,88.7771552126826,8.942519196225012
2015,IL,5581101.0,44645638.0,5172653.0,12.5,4540480.0,50319815.0,603187.0,9.02,2875406.0,43130671.0,5997.0,6.67,89.91358012996426,8.631090854151632
2016,IL,5764945.0,45990052.0,5231541.0,12.54,4591721.0,50910054.0,606954.0,9.02,2839682.0,43631754.0,6054.0,6.51,91.82993755249807,8.790918775175422
2017,IL,5661904.0,43717391.0,5264333.0,12.95,4542608.0,49987885.0,611670.0,9.09,2782185.0,42970694.0,5693.0,6.47,89.62680235717106,8.3044501554138
2018,IL,6028532.0,47225915.0,5289573.0,12.77,4631432.0,50762829.0,616192.0,9.12,2998939.0,44114711.0,5717.0,6.8,94.9750890415288,8.928114802461371
2019,IL,5890958.0,45220258.0,5314522.0,13.03,4475930.0,49278746.0,622802.0,9.08,2821770.0,43250445.0,5737.0,6.52,92.37202643373509,8.508810011511853
2020,IL,6021966.0,46170538.0,5339610.0,13.04,4160567.0,45486577.0,628868.0,9.15,2703056.0,40362204.0,5561.0,6.7,93.98261296236991,8.646799672635268
2021,IL,6167780.0,46813068.0,5361717.0,13.18,4529428.0,46923210.0,633019.0,9.65,3027919.0,41498024.0,5456.0,7.3,95.861394151662,8.730984496197767
2022,IL,7274069.0,46479195.0,5376734.0,15.65,5332077.0,47119806.0,636011.0,11.32,3584548.0,41817849.0,5486.0,8.57,112.73989315198905,8.644503336040056
2023,IL,6804072.0,43319747.0,5394659.0,15.71,5124272.0,45576290.0,626171.0,11.24,3384830.0,41267424.0,5541.0,8.2,105.10506780873453,8.03011775165029
2024,IL,7117529.0,44850719.0,5392477.0,15.87,5344924.0,45240214.0,638510.0,11.81,3767818.0,42693932.0,5686.0,8.83,109.99164515058045,8.31727590122313
1990,IN,1519284.0,22110951.0,2191036.0,6.87,937573.0,15501743.0,242457.0,6.05,1456485.0,35743096.0,15429.0,4.07,57.784080225062475,10.091550754985313
1991,IN,1630486.0,24220121.0,2217553.0,6.73,973816.0,16381408.0,245650.0,5.94,1444901.0,35786821.0,15521.0,4.04,61.271966592606056,10.922003217059524
1992,IN,1567045.0,22837036.0,2247303.0,6.86,964337.0,16082609.0,248419.0,6.0,1498810.0,37438599.0,16111.0,4.0,58.10835625339945,10.16197459799591
1993,IN,1666419.0,24978467.0,2277831.0,6.67,991351.0,17015035.0,250924.0,5.83,1530187.0,39415340.0,17085.0,3.88,60.96512427831564,10.965900016287424
1994,IN,1697308.0,25048144.0,2311057.0,6.78,1032791.0,17462431.0,255002.0,5.91,1618513.0,40762764.0,17538.0,3.97,61.20244257641994,10.83839299506676
1995,IN,1790087.0,26560115.0,2348797.0,6.74,1072089.0,18123180.0,261119.0,5.92,1644632.0,41776936.0,17363.0,3.94,63.510774522730856,11.307965311604196
1996,IN,1819330.0,26860496.0,2388718.0,6.77,1085973.0,18291938.0,265429.0,5.94,1695764.0,43203154.0,17955.0,3.93,63.46954028618419,11.2447329488035
1997,IN,1843647.0,26550478.0,2423892.0,6.94,1117621.0,18513773.0,270996.0,6.04,1701213.0,43549837.0,17612.0,3.91,63.38452785850195,10.95365552590627
1998,IN,1916150.0,27334287.0,2462136.0,7.01,1176945.0,19367619.0,277534.0,6.08,1770454.0,44848353.0,18029.0,3.95,64.85391816969764,11.101859117449239
1999,IN,2005285.0,28805508.0,2505377.0,6.96,1219651.0,20160545.0,284254.0,6.05,1839587.0,47230192.0,18309.0,3.89,66.69937631475555,11.497474431991673
2000,IN,1966764.0,28648540.0,2545743.0,6.87,1214196.0,20467905.0,290737.0,5.93,1829176.0,48040239.0,19058.0,3.81,64.38081141733474,11.253508307790693
2001,IN,2037161.0,29419675.0,2574672.0,6.92,1350710.0,25550784.0,296676.0,5.29,1727573.0,42079603.0,17951.0,4.11,65.9359392833987,11.42657200606524
2002,IN,2182577.0,31567900.0,2605762.0,6.91,1303180.0,21790374.0,300488.0,5.98,1876620.0,47481232.0,17960.0,3.95,69.79970414284446,12.1146520672264
2003,IN,2162179.0,30726178.0,2632234.0,7.04,1374380.0,22441376.0,316288.0,6.12,1854728.0,47283820.0,17539.0,3.92,68.45196260413525,11.673041986388748
2004,IN,2276904.0,31192229.0,2654030.0,7.3,1448389.0,22956901.0,322880.0,6.31,2022062.0,48928497.0,18739.0,4.13,71.49203287076635,11.752779358183593
2005,IN,2522561.0,33628670.0,2690394.0,7.5,1573156.0,23958618.0,328735.0,6.57,2164797.0,48944355.0,19057.0,4.42,78.13480726862558,12.499533525572835
2006,IN,2655440.0,32286467.0,2710178.0,8.22,1718957.0,23829999.0,332336.0,7.21,2451293.0,49529872.0,19147.0,4.95,81.65023355169538,11.913042980940736
2007,IN,2862275.0,34646057.0,2727752.0,8.26,1805816.0,24767579.0,336379.0,7.29,2444711.0,49987609.0,19684.0,4.89,87.44303612156335,12.701322187647557
2008,IN,3015426.0,33980411.0,2733128.0,8.87,1920571.0,24569628.0,341154.0,7.82,2643848.0,48411138.0,18099.0,5.46,91.94062627143698,12.43279165849532
2009,IN,3093219.0,32548113.0,2733611.0,9.5,1970817.0,23688605.0,341437.0,8.32,2500569.0,43055162.0,18264.0,5.81,94.29587823578409,11.906636679469024
2010,IN,3350355.0,35058372.0,2742789.0,9.56,2040756.0,24364616.0,341727.0,8.38,2734471.0,46551671.0,18796.0,5.87,101.7928283947471,12.782015678202006
2011,IN,3410413.0,33912098.0,2744879.0,10.06,2115538.0,24111250.0,343626.0,8.77,2945751.0,47774083.0,17891.0,6.17,103.5386562880671,12.354678657966344
2012,IN,3469890.0,32963522.0,2755595.0,10.53,2195779.0,24022068.0,344453.0,9.14,3053069.0,48167545.0,18525.0,6.34,104.93468742685337,11.962397231813819
2013,IN,3672739.0,33406630.0,2771260.0,10.99,2328248.0,24252010.0,346933.0,9.6,3201509.0,47807527.0,18162.0,6.7,110.44130948858401,12.05467188210417
2014,IN,3861636.0,33703965.0,2784660.0,11.46,2403018.0,24129606.0,348699.0,9.96,3419485.0,49088427.0,18106.0,6.97,115.5627617016081,12.103439917260994
2015,IN,3753084.0,32441693.0,2804861.0,11.57,2349168.0,24021689.0,350474.0,9.78,3294957.0,48030120.0,18213.0,6.86,111.50534732380679,11.56623911131425
2016,IN,3892459.0,33025955.0,2821546.0,11.79,2425318.0,24228779.0,350645.0,10.01,3237626.0,46429174.0,18085.0,6.97,114.96235869744224,11.704914610642534
2017,IN,3878281.0,31551558.0,2834090.0,12.29,2494593.0,23656990.0,352015.0,10.54,3298049.0,43737384.0,17917.0,7.54,114.03663374604663,11.132870868603327
2018,IN,4239862.0,34574664.0,2863358.0,12.26,2575962.0,24305199.0,354730.0,10.6,3343388.0,45293322.0,17763.0,7.38,123.3942222150822,12.074865944111774
2019,IN,4182919.0,33249234.0,2887031.0,12.58,2593902.0,23517681.0,358791.0,11.03,3334726.0,45316682.0,18805.0,7.36,120.73877396305524,11.516756834270224
2020,IN,4217038.0,32878355.0,2920266.0,12.83,2465067.0,21996478.0,363465.0,11.21,2949718.0,42262910.0,19383.0,6.98,120.33829566667329,11.258684996503742
2021,IN,4476492.0,33471970.0,2948803.0,13.37,2653827.0,22920929.0,364549.0,11.58,3199952.0,43329491.0,19066.0,7.39,126.50590765134193,11.351036335760647
2022,IN,4970158.0,34058498.0,2988151.0,14.59,3020294.0,23493759.0,370420.0,12.86,3673894.0,42479590.0,19116.0,8.65,138.60739746195335,11.397850376369869
2023,IN,4741354.0,31739243.0,3018496.0,14.94,2889443.0,23016436.0,371773.0,12.55,3398553.0,41228694.0,19291.0,8.24,130.89725258318492,10.514919681854805
2024,IN,4879873.0,33048641.0,3056216.0,14.77,2944084.0,23663900.0,374858.0,12.44,3461231.0,42489190.0,19345.0,8.15,133.05868542450315,10.813581566224377
1990,KS,744997.0,9514696.0,1013671.0,7.83,609175.0,9169287.0,156287.0,6.64,399868.0,8087146.0,12708.0,4.94,61.24579210940565,9.386374869163664
1991,KS,777383.0,9933309.0,1018239.0,7.83,632034.0,9551120.0,158567.0,6.62,410016.0,8283739.0,12981.0,4.95,63.62152369597576,9.755380612999502
1992,KS,700728.0,8872898.0,1038083.0,7.9,627406.0,9399895.0,161142.0,6.67,416503.0,8450500.0,13026.0,4.93,56.251764068961734,8.547387829296886
1993,KS,785299.0,9986318.0,1050020.0,7.86,653949.0,9753228.0,162410.0,6.7,430107.0,8702319.0,12706.0,4.94,62.32413033402539,9.51059789337346
1994,KS,799063.0,10130537.0,1062781.0,7.89,673503.0,10110627.0,166945.0,6.66,443913.0,9001458.0,13881.0,4.93,62.65503742853263,9.532102098174507
1995,KS,820443.0,10355800.0,1075158.0,7.92,686604.0,10273412.0,166963.0,6.68,450622.0,9356007.0,15759.0,4.82,63.59088617672938,9.63188666223941
1996,KS,838552.0,10672347.0,1084651.0,7.86,733479.0,11004916.0,170964.0,6.67,433985.0,9230522.0,13354.0,4.7,64.42563860018875,9.839429457032724
1997,KS,837270.0,10862127.0,1098968.0,7.71,738643.0,11424472.0,175289.0,6.47,422656.0,9364946.0,11072.0,4.51,63.489109782996415,9.883933836108058
1998,KS,905477.0,11831973.0,1110579.0,7.65,765979.0,12073058.0,179784.0,6.34,435488.0,9761952.0,11040.0,4.46,67.9433130526209,10.65387784209858
1999,KS,867435.0,11347230.0,1118271.0,7.64,738912.0,11822260.0,180990.0,6.25,457057.0,10214529.0,13781.0,4.47,64.64108431677116,10.147119973602106
2000,KS,958759.0,12528341.0,1136079.0,7.65,781826.0,12511075.0,186755.0,6.25,465006.0,10222176.0,14391.0,4.55,70.3266087422911,11.027702298871821
2001,KS,924555.0,12062329.0,1144180.0,7.66,792686.0,12786614.0,190752.0,6.2,480716.0,10569144.0,14497.0,4.55,67.33752556415949,10.542335122096175
2002,KS,977037.0,12745301.0,1157820.0,7.67,841207.0,13392220.0,194996.0,6.28,461796.0,10195483.0,12885.0,4.53,70.32159575754436,11.008015926482528
2003,KS,971024.0,12602296.0,1175850.0,7.71,882456.0,13751156.0,211634.0,6.42,479051.0,10381938.0,13461.0,4.61,68.81716772264036,10.717605136709615
2004,KS,961622.0,12416599.0,1179297.0,7.74,892513.0,13830551.0,208632.0,6.45,510275.0,10879390.0,16666.0,4.69,67.95164124615484,10.528814200324431
2005,KS,1058503.0,13406146.0,1190245.0,7.9,954144.0,14453103.0,212305.0,6.6,542007.0,11165034.0,17004.0,4.85,74.10960208472486,11.263349982566615
2006,KS,1114254.0,13502671.0,1203783.0,8.25,1029585.0,14786349.0,217500.0,6.96,596106.0,11462282.0,17680.0,5.2,77.13558008378587,11.216864667469137
2007,KS,1131172.0,13806496.0,1250241.0,8.19,1056253.0,15474067.0,230660.0,6.83,558243.0,10885414.0,18303.0,5.13,75.39693013853595,11.043067696548105
2008,KS,1200858.0,13501924.0,1255856.0,8.89,1153279.0,15496012.0,236469.0,7.44,624549.0,10967125.0,19619.0,5.69,79.68389687989706,10.751172108904205
2009,KS,1253574.0,13149100.0,1209522.0,9.53,1181736.0,15006967.0,218800.0,7.87,615668.0,10087277.0,22873.0,6.1,86.36841661416658,10.87131941378495
2010,KS,1437102.0,14334086.0,1213036.0,10.03,1272739.0,15435825.0,220091.0,8.25,664062.0,10650764.0,23304.0,6.23,98.72625379625997,11.816702884333194
2011,KS,1527025.0,14343748.0,1215411.0,10.65,1370351.0,15609278.0,221844.0,8.78,725304.0,10807373.0,23986.0,6.71,104.69880833177693,11.801561776222199
2012,KS,1551102.0,13796679.0,1217256.0,11.24,1427425.0,15455686.0,223822.0,9.24,782714.0,11041111.0,25017.0,7.09,106.18842708518174,11.33424604191723
2013,KS,1582807.0,13593003.0,1222985.0,11.64,1475546.0,15245028.0,224515.0,9.68,813904.0,11009366.0,26394.0,7.39,107.85135004381357,11.114611381169842
2014,KS,1665583.0,13684952.0,1228858.0,12.17,1558211.0,15382745.0,226043.0,10.13,896511.0,11493909.0,26787.0,7.8,112.9492450171894,11.136316807963166
2015,KS,1634552.0,13241682.0,1231830.0,12.34,1553019.0,15380339.0,228411.0,10.1,854187.0,11227106.0,24155.0,7.61,110.57748769446,10.749601811938335
2016,KS,1764173.0,13509235.0,1252846.0,13.06,1663730.0,15887392.0,232926.0,10.47,854601.0,11413547.0,23729.0,7.49,117.34436368609283,10.782837635272013
2017,KS,1732461.0,13013422.0,1259226.0,13.31,1667404.0,15739290.0,232078.0,10.59,870243.0,11535075.0,24322.0,7.54,114.65118255182152,10.334461010176092
2018,KS,1894142.0,14187192.0,1266044.0,13.35,1723136.0,16168750.0,234091.0,10.66,887449.0,11681037.0,24185.0,7.6,124.67589330755224,11.205923332838353
2019,KS,1732742.0,13630661.0,1274955.0,12.71,1637848.0,15916325.0,235236.0,10.29,853134.0,11612642.0,24230.0,7.35,113.25510835022936,10.691091842457185
2020,KS,1747076.0,13592444.0,1282532.0,12.85,1544299.0,14843319.0,236430.0,10.4,806298.0,11048183.0,23979.0,7.3,113.5173755248732,10.5981324442587
2021,KS,1787507.0,13769410.0,1289344.0,12.98,1615098.0,15356451.0,245045.0,10.52,838799.0,11365925.0,23965.0,7.38,115.5307789594295,10.679392000893477
2022,KS,2020777.0,14443522.0,1297400.0,13.99,1816669.0,15781384.0,245577.0,11.51,974218.0,11736159.0,24109.0,8.3,129.7965803401675,11.13266687220595
2023,KS,1848944.0,13815434.0,1306777.0,13.38,1706896.0,15727254.0,245544.0,10.85,878741.0,11509320.0,24106.0,7.64,117.90739098305731,10.572143525635973
2024,KS,1958284.0,13839989.0,1317095.0,14.15,1767254.0,15790720.0,245169.0,11.19,898942.0,11627501.0,23963.0,7.73,123.90171804868542,10.507965636495468
1990,KY,957514.0,16813546.0,1480107.0,5.69,497208.0,9252216.0,186216.0,5.37,1165364.0,32543259.0,8434.0,3.58,53.91017901633688,11.359682779690928
1991,KY,1059489.0,18644458.0,1525195.0,5.68,528297.0,9899870.0,192308.0,5.34,1115683.0,32938945.0,8631.0,3.39,57.8881716764086,12.224310989742296
1992,KY,1013397.0,17786738.0,1527777.0,5.7,506408.0,9575692.0,192178.0,5.29,1170104.0,37083528.0,10076.0,3.16,55.27622814062523,11.642234436046621
1993,KY,1096038.0,19223127.0,1555175.0,5.7,519472.0,9828936.0,195122.0,5.29,1197861.0,36320037.0,10868.0,3.3,58.73068947224589,12.360748468821837
1994,KY,1124983.0,19480850.0,1583900.0,5.77,533540.0,10094521.0,200299.0,5.29,1299231.0,40048861.0,11075.0,3.24,59.188448344802914,12.299292884651809
1995,KY,1155069.0,20537145.0,1615649.0,5.62,552247.0,10524271.0,204547.0,5.25,1185945.0,40490216.0,11116.0,2.93,59.57714206489157,12.71139028340933
1996,KY,1185005.0,21353214.0,1642493.0,5.55,552848.0,10658512.0,207149.0,5.19,1222332.0,41929526.0,10038.0,2.92,60.12227550842936,13.000490108633644
1997,KY,1172122.0,20998186.0,1673806.0,5.58,644357.0,12169202.0,216374.0,5.29,1138070.0,40599518.0,6731.0,2.8,58.35612569995169,12.545173096523731
1998,KY,1215925.0,21669405.0,1705354.0,5.61,674870.0,12728800.0,221065.0,5.3,1115024.0,38259679.0,6864.0,2.91,59.41703794832822,12.706690223847952
1999,KY,1257441.0,22547555.0,1734903.0,5.58,696494.0,13222392.0,227020.0,5.27,1195898.0,40054223.0,6883.0,2.99,60.39919811078775,12.996435535589022
2000,KY,1278670.0,23374472.0,1765011.0,5.47,716536.0,13932747.0,232298.0,5.14,1135798.0,37689295.0,7724.0,3.01,60.37120070828643,13.243244376380657
2001,KY,1323393.0,23698316.0,1791468.0,5.58,745717.0,14337928.0,240678.0,5.2,1176267.0,38676360.0,6252.0,3.04,61.55998879131528,13.228433887738994
2002,KY,1431245.0,25347157.0,1814989.0,5.65,782142.0,14745178.0,247957.0,5.3,1352620.0,43812377.0,6246.0,3.09,65.714126458434,13.965460396729677
2003,KY,1435037.0,24703645.0,1837192.0,5.81,963227.0,17945819.0,273670.0,5.37,1364865.0,42570167.0,6276.0,3.21,65.09195373519299,13.446414419396557
2004,KY,1538429.0,25186568.0,1859320.0,6.11,1033722.0,18443306.0,281034.0,5.6,1431656.0,42891282.0,6655.0,3.34,68.9512384455966,13.546117935589356
2005,KY,1769367.0,26947109.0,1881020.0,6.57,1146577.0,19090657.0,283511.0,6.01,1560951.0,43313700.0,6629.0,3.6,78.38685925721151,14.325796110620834
2006,KY,1821794.0,25948878.0,1899764.0,7.02,1218886.0,18941093.0,289117.0,6.44,1776046.0,43853464.0,6248.0,4.05,79.91317167114792,13.659000802204906
2007,KY,2055657.0,28003953.0,1917257.0,7.34,1353534.0,20034521.0,293501.0,6.76,1984095.0,44365626.0,6239.0,4.47,89.34887185181746,14.606259359073928
2008,KY,2189659.0,27561641.0,1928082.0,7.94,1433450.0,19669000.0,296069.0,7.29,2224456.0,46197773.0,6304.0,4.82,94.63891231458689,14.294848974265618
2009,KY,2223389.0,26560669.0,1924888.0,8.37,1429539.0,18733920.0,294225.0,7.63,2143254.0,43602168.0,7058.0,4.92,96.25620642170696,13.798552954769317
2010,KY,2496770.0,29136518.0,1930666.0,8.57,1529639.0,19410547.0,297050.0,7.88,2273807.0,45022361.0,7268.0,5.05,107.76807933980639,15.09143373322988
2011,KY,2502968.0,27197836.0,1928523.0,9.2,1589301.0,18721081.0,294450.0,8.49,2326178.0,43619424.0,7426.0,5.33,108.15565418025436,14.102935770016744
2012,KY,2460674.0,26096707.0,1924644.0,9.43,1637229.0,18755918.0,298211.0,8.73,2364592.0,44195865.0,7134.0,5.35,106.54238740601726,13.55923848774111
2013,KY,2623038.0,26788098.0,1935245.0,9.79,1798004.0,21004194.0,297108.0,8.56,2094351.0,36971550.0,7185.0,5.66,112.95029828264639,13.842225661350371
2014,KY,2785001.0,27399768.0,1939489.0,10.16,1807976.0,19156540.0,297182.0,9.44,1832517.0,32282616.0,7376.0,5.68,119.66214640385517,14.127312915927856
2015,KY,2680343.0,26168093.0,1947068.0,10.24,1848262.0,19589209.0,299462.0,9.44,1660850.0,30281328.0,7392.0,5.48,114.71706004447027,13.439742731121871
2016,KY,2763077.0,26338437.0,1957188.0,10.49,1912414.0,19981122.0,302040.0,9.57,1600131.0,28234016.0,7308.0,5.67,117.64655039100315,13.457285145831673
2017,KY,2699918.0,24882582.0,1971002.0,10.85,1900421.0,19292518.0,304457.0,9.85,1626511.0,28459287.0,7010.0,5.72,114.15166837307454,12.624331177746141
2018,KY,2936379.0,27712722.0,1980209.0,10.6,1945913.0,19980485.0,305417.0,9.74,1642598.0,28917429.0,6750.0,5.68,123.57193104364235,13.994847008573338
2019,KY,2869131.0,26573076.0,1991137.0,10.8,1990820.0,19611510.0,309830.0,10.15,1624405.0,29160796.0,6147.0,5.57,120.07925622395646,13.345679378164336
2020,KY,2818425.0,25935096.0,2013910.0,10.87,1867406.0,18061357.0,312014.0,10.34,1477126.0,27803946.0,5982.0,5.31,116.62326022513419,12.877981637709729
2021,KY,3040792.0,26434371.0,2032575.0,11.5,2008535.0,18685936.0,316806.0,10.75,1748373.0,29396679.0,5424.0,5.95,124.66911840071502,13.005360687797499
2022,KY,3466096.0,26840186.0,2045252.0,12.91,2317841.0,19674006.0,318516.0,11.78,2135730.0,28824550.0,5419.0,7.41,141.2253029618518,13.123168196388514
2023,KY,3106289.0,24552708.0,2057705.0,12.65,2196143.0,19303242.0,323183.0,11.38,1793467.0,27367071.0,5136.0,6.55,125.79909008660944,11.932083559110756
2024,KY,3335308.0,26085709.0,2077215.0,12.79,2335162.0,20314415.0,327448.0,11.5,1819860.0,28005747.0,4846.0,6.5,133.80527934437856,12.558020715236507
1990,LA,1587467.0,21433523.0,1624920.0,7.41,973397.0,13814112.0,188720.0,7.05,1082566.0,25861967.0,14488.0,4.19,81.41257210611394,13.190509686630726
1991,LA,1595959.0,21576815.0,1641768.0,7.4,981887.0,13970340.0,189209.0,7.03,1102232.0,26583900.0,14244.0,4.15,81.00814690829236,13.142426335511473
1992,LA,1592358.0,21187677.0,1656469.0,7.52,994671.0,13838871.0,190642.0,7.19,1159530.0,27466439.0,14645.0,4.22,80.10804910928003,12.790868407437749
1993,LA,1740707.0,22430246.0,1686709.0,7.76,1062391.0,14398302.0,196923.0,7.38,1261796.0,28439211.0,15429.0,4.44,86.00115174974859,13.298231052303628
1994,LA,1722707.0,22628608.0,1691096.0,7.61,1082187.0,15040773.0,200688.0,7.2,1259428.0,29869646.0,14754.0,4.22,84.89105093186116,13.381031000014191
1995,LA,1744470.0,24116405.0,1714413.0,7.23,1055167.0,15575389.0,198541.0,6.77,1219005.0,30691823.0,14304.0,3.97,84.79432902107018,14.066858452426574
1996,LA,1835617.0,24310803.0,1726048.0,7.55,1133589.0,15919843.0,200669.0,7.12,1405372.0,32544269.0,14871.0,4.32,88.62330788792276,14.084662187841822
1997,LA,1811325.0,24501646.0,1744614.0,7.39,1133517.0,16222309.0,204290.0,6.99,1426321.0,32492666.0,15147.0,4.39,86.51985482175427,14.044164497132316
1998,LA,1888787.0,26708911.0,1772354.0,7.07,1132353.0,17274245.0,208716.0,6.56,1287517.0,30999298.0,15322.0,4.15,88.80783222012457,15.069738325413546
1999,LA,1881756.0,26425618.0,1791240.0,7.12,1158708.0,17581288.0,213273.0,6.59,1337720.0,31483938.0,15419.0,4.25,87.5443826622898,14.752695339541324
2000,LA,2127079.0,27719176.0,1818627.0,7.67,1307937.0,18225348.0,218500.0,7.18,1599115.0,31950419.0,15491.0,5.0,97.46725597570769,15.241814841636025
2001,LA,2043518.0,25800335.0,1824750.0,7.92,1342792.0,17721987.0,222671.0,7.58,1595724.0,28574383.0,15221.0,5.58,93.32410832534138,14.139106726948897
2002,LA,2000355.0,28157092.0,1848588.0,7.1,1241597.0,18685881.0,225718.0,6.64,1310197.0,29661709.0,15435.0,4.42,90.17490646915375,15.231675202911628
2003,LA,2240664.0,28572305.0,1864066.0,7.84,1627717.0,21943667.0,249843.0,7.42,1518432.0,27250507.0,17430.0,5.57,100.16920001759594,15.327947079127027
2004,LA,2324175.0,28862996.0,1896052.0,8.05,1710298.0,22567786.0,254909.0,7.58,1646262.0,28290476.0,18205.0,5.82,102.14975644127902,15.222681656410268
2005,LA,2541984.0,28654171.0,1899301.0,8.87,1856680.0,21692000.0,258307.0,8.56,1813941.0,27031224.0,18161.0,6.71,111.53155818903902,15.086692946510322
2006,LA,2568187.0,28112801.0,1857363.0,9.14,1983713.0,21979446.0,258698.0,9.03,1880966.0,27372926.0,20378.0,6.87,115.22550160272027,15.135867894428822
2007,LA,2706812.0,28877812.0,1885657.0,9.37,2088783.0,22887201.0,261148.0,9.13,1882740.0,27798818.0,21336.0,6.77,119.62285116893828,15.314456446745087
2008,LA,2966846.0,28848402.0,1920083.0,10.28,2322236.0,22940065.0,265259.0,10.12,2138764.0,26932132.0,20310.0,7.94,128.76379128749468,15.024559875797037
2009,LA,2410881.0,29746798.0,1946996.0,8.1,1792927.0,23300521.0,269166.0,7.69,1345644.0,25613203.0,18534.0,5.25,103.18806510131505,15.27830462928532
2010,LA,2935169.0,32678931.0,1973174.0,8.98,2057616.0,24203161.0,274177.0,8.5,1646496.0,28186816.0,18128.0,5.84,123.96140262676614,16.561606325645887
2011,LA,2869880.0,32019040.0,1979175.0,8.96,2050406.0,24280780.0,277004.0,8.44,1710595.0,30058415.0,18090.0,5.69,120.83654384613118,16.17797314537623
2012,LA,2514353.0,30026588.0,1995661.0,8.37,1879856.0,24244733.0,279613.0,7.75,1448981.0,30448836.0,18143.0,4.76,104.99248953938904,15.045936158495858
2013,LA,2895482.0,30709206.0,2011044.0,9.43,2173960.0,24253945.0,281835.0,8.96,1825435.0,30833438.0,19019.0,5.92,119.98253974884024,15.270280511018157
2014,LA,3005472.0,31400683.0,2026223.0,9.57,2229210.0,24492775.0,297789.0,9.1,2099881.0,34723345.0,19553.0,6.05,123.60732258986302,15.49715060977987
2015,LA,2943587.0,31545313.0,2043760.0,9.33,2165878.0,24996178.0,298170.0,8.66,1900895.0,35123169.0,19646.0,5.41,120.02334749024673,15.434940012525933
2016,LA,2861963.0,30650067.0,2059699.0,9.34,2139380.0,24895713.0,289780.0,8.59,1822080.0,35894652.0,19231.0,5.08,115.7921214054416,14.88084763841707
2017,LA,2874957.0,29531960.0,2073615.0,9.74,2192502.0,24500349.0,291404.0,8.95,2035903.0,37160685.0,19611.0,5.48,115.53723810832771,14.241775835919396
2018,LA,3074086.0,32065538.0,2085055.0,9.59,2184935.0,24690904.0,292752.0,8.85,2002500.0,37416715.0,19558.0,5.35,122.86190692012121,15.37874924162672
2019,LA,3035095.0,30986024.0,2095466.0,9.8,2163564.0,24284298.0,295153.0,8.91,1979112.0,37846317.0,19373.0,5.23,120.70087671827332,14.787175740384239
2020,LA,2942989.0,30440746.0,2112928.0,9.67,1982599.0,22398708.0,296222.0,8.85,1770445.0,36276417.0,19276.0,4.88,116.07072429033707,14.406901702282331
2021,LA,3351648.0,30408224.0,2126155.0,11.02,2297883.0,22459648.0,297724.0,10.23,2357221.0,37941990.0,19928.0,6.21,131.36577530800906,14.301978924396387
2022,LA,4067058.0,31444708.0,2128425.0,12.93,2809136.0,23540241.0,299424.0,11.93,3027439.0,40143868.0,19695.0,7.54,159.235819913786,14.773697922172499
2023,LA,3666444.0,31746570.0,2137199.0,11.55,2481404.0,23743181.0,300640.0,10.45,2344558.0,39874251.0,18790.0,5.88,142.96141819269053,14.854288252989075
2024,LA,3633012.0,30974840.0,2147745.0,11.73,2473116.0,23651891.0,301288.0,10.46,2286240.0,40720072.0,18203.0,5.61,140.96226507336766,14.422028685900793
1990,MA,1504941.0,15581197.0,2319946.0,9.66,1589746.0,18565266.0,287198.0,8.56,801597.0,10156905.0,13880.0,7.89,54.05804704075009,6.716189514755947
1991,MA,1599160.0,15379421.0,2336735.0,10.4,1707622.0,18516906.0,282295.0,9.22,834698.0,9793513.0,13671.0,8.52,57.029715964083785,6.581585417259553
1992,MA,1651864.0,15560071.0,2349866.0,10.62,1734564.0,18629489.0,285342.0,9.31,831313.0,9662902.0,13807.0,8.6,58.580077899477395,6.621684385407509
1993,MA,1737123.0,15785272.0,2371125.0,11.0,1827747.0,18896866.0,293635.0,9.67,832126.0,9604594.0,13794.0,8.66,61.05129421688017,6.657292213611682
1994,MA,1779120.0,16048966.0,2395037.0,11.09,1889105.0,19371255.0,296125.0,9.75,821518.0,9710222.0,13722.0,8.46,61.903010266647236,6.700926123479512
1995,MA,1800173.0,15992797.0,2409629.0,11.26,1975877.0,19893756.0,294676.0,9.93,843112.0,10026006.0,13975.0,8.41,62.25622976261767,6.637037070851986
1996,MA,1828592.0,16255780.0,2423701.0,11.25,2021904.0,20345620.0,296448.0,9.94,850426.0,10085167.0,14019.0,8.43,62.87189165110163,6.707007176215218
1997,MA,1886626.0,16278236.0,2451474.0,11.59,2144521.0,20833676.0,302440.0,10.29,881569.0,10148285.0,14054.0,8.78,64.13236825409257,6.6401830082636
1998,MA,1736822.0,16387951.0,2473175.0,10.6,2003096.0,21422373.0,305636.0,9.35,835393.0,10211977.0,14036.0,8.18,58.52200781047304,6.6262803885693495
1999,MA,1754845.0,17392365.0,2495812.0,10.09,1856956.0,21489099.0,306519.0,8.64,750749.0,9965952.0,14096.0,7.53,58.5929883073458,6.96861983194247
2000,MA,1849974.0,17562307.0,2526707.0,10.53,2101790.0,23033271.0,324098.0,9.13,863506.0,10533043.0,13983.0,8.2,61.0139996445967,6.950670180594742
2001,MA,2242636.0,17983531.0,2525845.0,12.47,2807452.0,24126800.0,334813.0,11.64,914548.0,9757211.0,11350.0,9.37,73.98962855334882,7.119807826687703
2002,MA,2043207.0,18694666.0,2546704.0,10.93,2430449.0,24249594.0,339095.0,10.02,841210.0,10086842.0,13905.0,8.34,66.85788768541613,7.340729821761776
2003,MA,2271885.0,19590791.0,2548695.0,11.6,2686752.0,25647839.0,363333.0,10.48,891355.0,9984161.0,15279.0,8.93,74.28262306788376,7.686596866239389
2004,MA,2323431.0,19768529.0,2574636.0,11.75,2858347.0,26020124.0,366164.0,10.99,843983.0,9946998.0,14681.0,8.48,75.20257232478689,7.678184022906539
2005,MA,2760307.0,20539324.0,2596207.0,13.44,3281906.0,26415494.0,368026.0,12.42,909609.0,9870553.0,14566.0,9.22,88.6006328976593,7.911281342358294
2006,MA,3257338.0,19624430.0,2610734.0,16.6,4077684.0,26236963.0,374294.0,15.54,1252131.0,9602457.0,14072.0,13.04,103.97261204447996,7.516824770351939
2007,MA,3268685.0,20137533.0,2642144.0,16.23,4126965.0,27148237.0,378830.0,15.2,1230910.0,9449995.0,13950.0,13.03,103.09446293111453,7.621663694333087
2008,MA,3448667.0,19638491.0,2647529.0,17.56,4271240.0,26582327.0,379987.0,16.07,1319177.0,9331543.0,14066.0,14.14,108.54986542797705,7.417667946224574
2009,MA,3286176.0,19474647.0,2661985.0,16.87,2731160.0,17774774.0,375507.0,15.37,2357291.0,16754266.0,16173.0,14.07,102.87360747712704,7.315836490438526
2010,MA,3124528.0,21409005.0,2674717.0,14.59,2651047.0,18243198.0,379709.0,14.53,2346600.0,17116157.0,16162.0,13.71,97.3476197045644,8.004213156008655
2011,MA,3003305.0,20472512.0,2693548.0,14.67,2546764.0,17766602.0,389864.0,14.33,2270382.0,16973507.0,21021.0,13.38,92.9166351097759,7.6005744096633885
2012,MA,3029292.0,20313469.0,2699141.0,14.91,2453106.0,17722811.0,389272.0,13.84,2127180.0,16927205.0,21145.0,12.57,93.5264219246049,7.525901388626974
2013,MA,3282074.0,20727624.0,2708759.0,15.83,2521429.0,17713103.0,391856.0,14.23,2169240.0,16463343.0,16594.0,13.18,100.97102276971361,7.65207388328013
2014,MA,3490569.0,20071160.0,2720128.0,17.39,3827051.0,26076208.0,398717.0,14.68,1014262.0,7960941.0,14896.0,12.74,106.93641990376922,7.3787557056138535
2015,MA,4000022.0,20175317.0,2794918.0,19.83,4135789.0,26200307.0,407063.0,15.79,1068927.0,7892165.0,14100.0,13.54,119.26473931137394,7.218572065441633
2016,MA,3741859.0,19692896.0,2740865.0,19.0,4045730.0,25933809.0,402936.0,15.6,1004205.0,7507380.0,13675.0,13.38,113.767581888686,7.184920089095961
2017,MA,3879096.0,19337799.0,2766154.0,20.06,4138004.0,25968044.0,409715.0,15.94,952295.0,6859215.0,10358.0,13.88,116.86189561391014,6.990861318639526
2018,MA,4383449.0,20284674.0,2784243.0,21.61,4456596.0,25952481.0,408972.0,17.17,997600.0,6699302.0,10503.0,14.89,131.198109025206,7.285525724586539
2019,MA,4233106.0,19314571.0,2802099.0,21.92,4255443.0,25336834.0,410995.0,16.8,935805.0,6341699.0,11020.0,14.76,125.89092438680194,6.892893862779295
2020,MA,4468961.0,20345178.0,2817549.0,21.97,3706930.0,23120500.0,411448.0,16.03,902346.0,6220376.0,10877.0,14.51,132.1763762286536,7.220878146218575
2021,MA,4647885.0,20305269.0,2840311.0,22.89,4048413.0,23832465.0,432903.0,16.99,963191.0,6345834.0,10907.0,15.18,136.36666900209167,7.148959744197026
2022,MA,5196288.0,20006891.0,2888583.0,25.97,4562463.0,24443659.0,435521.0,18.67,1063201.0,6233832.0,10524.0,17.06,149.9087961121422,6.926195646792909
2023,MA,5733884.0,19365825.0,2886203.0,29.61,4763481.0,24275567.0,443991.0,19.62,1089219.0,6091226.0,10510.0,17.88,165.55442103922235,6.709793108800732
2024,MA,5867779.0,19992635.0,2924535.0,29.35,4908122.0,23489390.0,438014.0,20.9,1026914.0,5645295.0,10353.0,18.19,167.19977135966346,6.836175665533153
1990,MD,1379760.0,19101665.0,1731972.0,7.22,701541.0,10452013.0,182923.0,6.71,984268.0,19308301.0,10648.0,5.1,66.38675452028093,11.028853237812159
1991,MD,1602645.0,20295448.0,1758552.0,7.9,749554.0,10667414.0,186140.0,7.03,1069136.0,19448116.0,10839.0,5.5,75.94529476523867,11.540999640613414
1992,MD,1575464.0,19762032.0,1786710.0,7.97,763511.0,10769687.0,189514.0,7.09,1068051.0,19768027.0,10914.0,5.4,73.48068050588326,11.060570545863627
1993,MD,1769786.0,21546122.0,1813255.0,8.21,811504.0,11316965.0,192105.0,7.17,1100112.0,20200632.0,10885.0,5.45,81.33559078379305,11.882565882901192
1994,MD,1817381.0,21666119.0,1851615.0,8.39,953365.0,13253587.0,195210.0,7.19,1008131.0,19037490.0,10864.0,5.3,81.79260627434249,11.701200843587895
1995,MD,1874713.0,22233806.0,1886325.0,8.43,1596241.0,23096404.0,203823.0,6.91,425229.0,10057219.0,7085.0,4.23,82.82034290662178,11.78683736895816
1996,MD,1898474.0,22985771.0,1888218.0,8.26,1580253.0,23126093.0,204708.0,6.83,419405.0,10098448.0,7184.0,4.15,83.7859646855748,12.173261244199557
1997,MD,1826737.0,21936663.0,1908142.0,8.33,1606842.0,23418551.0,207783.0,6.86,426038.0,10127855.0,7326.0,4.21,79.7781733924065,11.49634723201942
1998,MD,1890066.0,22406858.0,1927960.0,8.44,1655857.0,24284167.0,210493.0,6.82,428671.0,10343677.0,7515.0,4.14,81.69541899209527,11.622055436834788
1999,MD,1959318.0,23342423.0,1952497.0,8.39,1703324.0,24988490.0,213306.0,6.82,423368.0,9936114.0,7633.0,4.26,83.62445627317224,11.95516459180219
2000,MD,1904954.0,23949316.0,1986198.0,7.95,1690690.0,25804299.0,218342.0,6.55,416699.0,10066312.0,7382.0,4.14,79.92464329672403,12.057869356428714
2001,MD,1864458.0,24294096.0,2035221.0,7.67,1669122.0,26243614.0,221681.0,6.36,444907.0,10176724.0,11864.0,4.37,76.34134081753284,11.936834378183008
2002,MD,1973019.0,25489053.0,2033431.0,7.74,1327858.0,21044289.0,222425.0,6.31,836298.0,20874507.0,8683.0,4.01,80.85755061273287,12.534997745190273
2003,MD,2060483.0,26671274.0,2060326.0,7.73,1177810.0,16950347.0,221830.0,6.95,1328856.0,27175526.0,13136.0,4.89,83.33968346109629,12.945171783494457
2004,MD,2180630.0,27951978.0,2085906.0,7.8,1304338.0,17264135.0,224292.0,7.56,1269298.0,21194572.0,15673.0,5.99,87.11762019317585,13.400401552131305
2005,MD,2405229.0,28439645.0,2115620.0,8.46,1607751.0,17931771.0,227818.0,8.97,1509206.0,21516638.0,13457.0,7.01,94.74090337584255,13.442700012289542
2006,MD,2613587.0,26905386.0,2141929.0,9.71,3140522.0,29729030.0,236610.0,10.56,492974.0,6057030.0,8363.0,8.14,101.68353697375902,12.561287512331175
2007,MD,3353162.0,28194802.0,2163625.0,11.89,3553227.0,30691159.0,239024.0,11.58,563023.0,5980358.0,8586.0,9.41,129.149074662507,13.031279449997111
2008,MD,3756583.0,27144255.0,2178595.0,13.84,3831353.0,30002993.0,241356.0,12.77,586538.0,5649943.0,8733.0,10.38,143.69287698417253,12.459523224830683
2009,MD,4037176.0,26944566.0,2188390.0,14.98,3571972.0,29806001.0,242640.0,11.98,526557.0,5285833.0,8773.0,9.96,153.7346329188734,12.312506454516791
2010,MD,4142935.0,28934074.0,2200368.0,14.32,3617033.0,30771317.0,244264.0,11.75,486917.0,5083115.0,8766.0,9.58,156.9031104494036,13.149652239988947
2011,MD,3634386.0,27295675.0,2208015.0,13.31,3467869.0,30749605.0,245003.0,11.28,438877.0,5007386.0,8900.0,8.76,137.16641417743992,12.3620876669769
2012,MD,3424556.0,26678158.0,2212287.0,12.84,3141296.0,30107526.0,246868.0,10.43,364075.0,4499827.0,8941.0,8.09,128.99757882529104,12.059085462238851
2013,MD,3638091.0,27448367.0,2218948.0,13.25,3201690.0,29966199.0,247168.0,10.68,329886.0,3943942.0,8788.0,8.36,136.62972273347552,12.369991094879195
2014,MD,3746115.0,27487633.0,2234962.0,13.63,3324584.0,29804342.0,248362.0,11.15,347692.0,3847954.0,8780.0,9.04,139.67854934446314,12.298926335212858
2015,MD,3786876.0,27403336.0,2255556.0,13.82,3295693.0,29959115.0,249181.0,11.0,331187.0,3883315.0,8821.0,8.53,139.90918425434793,12.14925987206702
2016,MD,3886430.0,27316871.0,2288301.0,14.23,3262005.0,29675993.0,250939.0,10.99,301389.0,3821476.0,8822.0,7.89,141.53258975399945,11.937621405575578
2017,MD,3640765.0,26084176.0,2313189.0,13.96,3106559.0,28893046.0,252966.0,10.75,317893.0,3797822.0,8754.0,8.37,131.1596602496957,11.276283952586667
2018,MD,3741620.0,28138474.0,2332517.0,13.3,3082523.0,29547518.0,254163.0,10.43,318402.0,3870188.0,8801.0,8.23,133.6760532363394,12.063566524917075
2019,MD,3611327.0,27533693.0,2352535.0,13.12,2879566.0,28893335.0,256165.0,9.97,290022.0,3718412.0,8935.0,7.8,127.92324733390434,11.7038399003628
2020,MD,3551281.0,27306375.0,2376983.0,13.01,2572151.0,26451864.0,256738.0,9.72,264111.0,3381895.0,8966.0,7.81,124.50239792768116,11.487829319772166
2021,MD,3669204.0,27964545.0,2395954.0,13.12,2814081.0,27437050.0,257947.0,10.26,294409.0,3480392.0,8991.0,8.46,127.61805944521473,11.67157007187951
2022,MD,4057913.0,28065379.0,2415655.0,14.46,3494862.0,27623358.0,260799.0,12.65,360419.0,3601623.0,9156.0,10.01,139.98663578477334,11.61812386288605
2023,MD,4333163.0,26107722.0,2432423.0,16.6,3456460.0,27061701.0,260822.0,12.77,343636.0,3455597.0,9226.0,9.94,148.45153029167486,10.733216221027346
2024,MD,4880099.0,27327356.0,2451753.0,17.86,3600554.0,27773337.0,261469.0,12.96,350493.0,3502025.0,9286.0,10.01,165.87107945484993,11.146047746245237
1990,ME,365518.0,3932266.0,568073.0,9.3,214498.0,2672723.0,67236.0,8.03,283011.0,4750044.0,2845.0,5.96,53.61957588784071,6.92211388325092
1991,ME,399075.0,3817137.0,576915.0,10.45,243242.0,2685496.0,69701.0,9.06,315577.0,4708841.0,1291.0,6.7,57.644973696298415,6.616463430488027
1992,ME,435512.0,3829582.0,584606.0,11.37,253128.0,2729542.0,70264.0,9.27,328050.0,4753028.0,1460.0,6.9,62.08055795983392,6.55070594554281
1993,ME,442724.0,3872293.0,590532.0,11.43,271002.0,2868391.0,69707.0,9.45,350840.0,5039630.0,2794.0,6.96,62.47530475345395,6.557295794300733
1994,ME,454673.0,3691828.0,594850.0,12.32,285798.0,2811591.0,70625.0,10.16,355711.0,4951832.0,2874.0,7.18,63.695749628757945,6.206317559048499
1995,ME,453819.0,3628879.0,599385.0,12.51,291503.0,2835160.0,71830.0,10.28,329678.0,4959345.0,2988.0,6.65,63.09508913302802,6.054337362463191
1996,ME,462928.0,3679190.0,606881.0,12.58,332504.0,3211822.0,73228.0,10.35,298641.0,4771700.0,2344.0,6.26,63.566553135348336,6.062457055007489
1997,ME,466370.0,3658971.0,612644.0,12.75,340680.0,3279440.0,74111.0,10.39,315089.0,4957063.0,2493.0,6.36,63.43678656228849,5.972426074522888
1998,ME,467255.0,3589078.0,617973.0,13.02,343348.0,3324367.0,74940.0,10.33,305625.0,4622053.0,2574.0,6.61,63.00909047266898,5.807823319141775
1999,ME,484235.0,3704413.0,625988.0,13.07,366983.0,3491172.0,76264.0,10.51,300998.0,4686582.0,2676.0,6.42,64.462763929447,5.917706090212592
2000,ME,466584.0,3736802.0,650326.0,12.49,379625.0,3712198.0,102433.0,10.23,313552.0,4550515.0,1966.0,6.89,59.788475318532555,5.746044291632197
2001,ME,512318.0,3902940.0,641413.0,13.13,439901.0,3779036.0,79558.0,11.64,315374.0,4412593.0,2944.0,7.15,66.56111844734464,6.084909410941156
2002,ME,515153.0,4043100.0,657224.0,12.74,404652.0,3789180.0,79391.0,10.68,250188.0,3549827.0,3338.0,7.05,65.31930767389302,6.151783866687765
2003,ME,521901.0,4218952.0,657946.0,12.37,409439.0,3959394.0,99925.0,10.34,240892.0,3793491.0,2988.0,6.35,66.10230930805871,6.412307393007937
2004,ME,526569.0,4331109.0,667060.0,12.16,427673.0,4325470.0,91459.0,9.89,243595.0,3711089.0,2832.0,6.56,65.7823134350733,6.492832728690073
2005,ME,595970.0,4503454.0,676430.0,13.23,441798.0,4157213.0,85658.0,10.63,269339.0,3702212.0,2842.0,7.28,73.42099946286632,6.657679286844167
2006,ME,600505.0,4351049.0,685425.0,13.8,513629.0,4133900.0,86406.0,12.42,335570.0,3799819.0,2825.0,8.83,73.00883879831248,6.347957836378889
2007,ME,729194.0,4413151.0,694235.0,16.52,542983.0,4195249.0,87565.0,12.94,458667.0,3251802.0,2820.0,14.11,87.52967895117168,6.356854667367678
2008,ME,706544.0,4351309.0,695368.0,16.24,537237.0,4147833.0,87761.0,12.95,366863.0,3174531.0,2827.0,11.56,84.6726721198943,6.257562901945445
2009,ME,681754.0,4360002.0,696822.0,15.64,513001.0,4071041.0,87923.0,12.6,286111.0,2851924.0,2857.0,10.03,81.53134277237707,6.256980979360582
2010,ME,687037.0,4371835.0,699625.0,15.72,513227.0,4100906.0,88266.0,12.52,280544.0,3058827.0,2821.0,9.17,81.83395866833423,6.248826156869752
2011,ME,674079.0,4381536.0,701335.0,15.38,493871.0,4018070.0,88791.0,12.29,267894.0,3015739.0,2823.0,8.88,80.09474787369801,6.247422415821255
2012,ME,656822.0,4480736.0,703770.0,14.66,467228.0,4053188.0,89048.0,11.53,241624.0,3027135.0,2780.0,7.98,77.7742254808626,6.3667618682239935
2013,ME,669227.0,4662303.0,704775.0,14.35,471461.0,4015604.0,89336.0,11.74,265002.0,3177140.0,2962.0,8.34,79.13010062313032,6.61530701287645
2014,ME,711813.0,4660605.0,706952.0,15.27,506147.0,3984570.0,91541.0,12.7,300412.0,3357486.0,3023.0,8.95,83.90633310323756,6.592533863685229
2015,ME,727922.0,4662301.0,699241.0,15.61,501148.0,4017822.0,97057.0,12.47,290360.0,3208045.0,2993.0,9.05,86.75144430413359,6.667659648104158
2016,ME,725746.0,4585825.0,699321.0,15.83,481742.0,3986488.0,97949.0,12.08,257723.0,2876638.0,3028.0,8.96,86.48222108778849,6.5575393846316645
2017,ME,740677.0,4638535.0,707792.0,15.97,474531.0,3916786.0,99331.0,12.12,244676.0,2658353.0,3100.0,9.2,87.20511581556917,6.553528437733119
2018,ME,820564.0,4872001.0,709848.0,16.84,556411.0,4447245.0,96066.0,12.51,282922.0,3035573.0,3064.0,9.32,96.33095160278445,6.863442596161431
2019,ME,857569.0,4793809.0,710869.0,17.89,532119.0,4148305.0,99738.0,12.83,257281.0,2789926.0,2893.0,9.22,100.53059471341884,6.743589887869636
2020,ME,824665.0,4905263.0,717559.0,16.81,479414.0,3815653.0,97575.0,12.56,232770.0,2625824.0,2681.0,8.86,95.77203175395101,6.836041356877971
2021,ME,861576.0,5062266.0,722038.0,17.02,509428.0,3948896.0,98304.0,12.9,245671.0,2573512.0,2498.0,9.55,99.43797971851897,7.011079749265274
2022,ME,1142540.0,5090874.0,728053.0,22.44,636081.0,4129399.0,106211.0,15.4,292946.0,2655435.0,2155.0,11.03,130.77573564928193,6.992449725500753
2023,ME,1348778.0,4918678.0,731969.0,27.42,718365.0,4017144.0,108745.0,17.88,295183.0,2400208.0,2040.0,12.3,153.5559110654504,6.719790045753304
2024,ME,1190411.0,4901492.0,742549.0,24.29,750189.0,4117961.0,111084.0,18.22,289438.0,2322138.0,1925.0,12.46,133.5951117928469,6.600900411959345
1990,MI,1982483.0,25318849.0,3661732.0,7.83,1678553.0,20609561.0,384526.0,8.14,2051268.0,35062022.0,14653.0,5.85,45.11715130071416,6.914446223808842
1991,MI,2157926.0,26759510.0,3715552.0,8.06,1756557.0,21454734.0,392114.0,8.19,2061464.0,35006636.0,14367.0,5.89,48.39850624258971,7.202028123950358
1992,MI,2081705.0,25670669.0,3745401.0,8.11,1755746.0,21208468.0,397213.0,8.28,2103854.0,35656772.0,14513.0,5.9,46.316914174654904,6.853917377605228
1993,MI,2184506.0,26770174.0,3781048.0,8.16,2319009.0,28930387.0,404806.0,8.02,1632454.0,30571544.0,12397.0,5.34,48.14595494864563,7.080093667152599
1994,MI,2249213.0,27174208.0,3817961.0,8.28,2410662.0,30411630.0,410810.0,7.93,1716262.0,32716794.0,12560.0,5.25,49.09280547042431,7.1174661029800985
1995,MI,2387301.0,28622895.0,3867468.0,8.34,2462154.0,31305837.0,417807.0,7.86,1738782.0,33920578.0,13085.0,5.13,51.43979213273388,7.400939064007769
1996,MI,2448299.0,28901473.0,3914312.0,8.47,2543091.0,32037663.0,423876.0,7.94,1750987.0,34499412.0,13186.0,5.08,52.12280387119541,7.383538409815058
1997,MI,2461915.0,28726279.0,3975175.0,8.57,2539696.0,32410931.0,432196.0,7.84,1760605.0,35429624.0,13137.0,4.97,51.61020164730693,7.226418711125925
1998,MI,2584189.0,29807978.0,4024218.0,8.67,2641974.0,33839513.0,440794.0,7.81,1809150.0,35983417.0,13214.0,5.03,53.513274711592004,7.407147922900797
1999,MI,2676360.0,30661187.0,4058091.0,8.73,2755186.0,35095922.0,450754.0,7.85,1873483.0,37275750.0,13531.0,5.03,54.9593392558225,7.555569108726246
2000,MI,2617706.0,30707267.0,4099153.0,8.52,2832471.0,35867003.0,461175.0,7.9,1898271.0,37267697.0,13670.0,5.09,53.21640023357671,7.49112487384589
2001,MI,2667172.0,32304798.0,4147897.0,8.26,2640082.0,35025499.0,465622.0,7.54,1737746.0,34174112.0,13805.0,5.08,53.58482463121272,7.788235339498546
2002,MI,2844554.0,34336161.0,4188117.0,8.28,2794428.0,35880320.0,471509.0,7.79,1684308.0,33537474.0,13442.0,5.02,56.59970021531554,8.198472248984448
2003,MI,2813077.0,33669474.0,4216573.0,8.35,2671529.0,35391365.0,483168.0,7.55,1975944.0,39812955.0,14224.0,4.96,55.59564208501391,7.985032869109583
2004,MI,2758552.0,33103586.0,4248920.0,8.33,2925172.0,38632100.0,504754.0,7.57,1716747.0,34867337.0,14322.0,4.92,54.1030034298912,7.7910589043804075
2005,MI,3032824.0,36094954.0,4284083.0,8.4,3104565.0,39599845.0,509964.0,7.84,1849998.0,34744739.0,13390.0,5.32,58.99403287315707,8.425362907301283
2006,MI,3381935.0,34622099.0,4299273.0,9.77,3344517.0,39298995.0,514049.0,8.51,2061249.0,34092935.0,13317.0,6.05,65.55245890797507,8.053012451174885
2007,MI,3611793.0,35366081.0,4298455.0,10.21,3513901.0,40046871.0,518058.0,8.77,2192100.0,33878817.0,13227.0,6.47,70.02114713309783,8.227626205229553
2008,MI,3685390.0,34297438.0,4290313.0,10.75,3575202.0,38974426.0,518776.0,9.17,2186015.0,32504511.0,12776.0,6.73,71.58354957629743,7.994157535825475
2009,MI,3812658.0,32854122.0,4253786.0,11.6,3500740.0,37870363.0,520551.0,9.24,1912766.0,27391101.0,13065.0,6.98,74.6914630872357,7.723501370308709
2010,MI,4320775.0,34680715.0,4245158.0,12.46,3740718.0,38123171.0,520233.0,9.81,2183317.0,30840513.0,12827.0,7.08,84.81771075030265,8.1694756708702
2011,MI,4621167.0,34811337.0,4249136.0,13.27,3988981.0,38612718.0,521322.0,10.33,2315040.0,31624220.0,12961.0,7.32,90.62954209985277,8.1925683244782
2012,MI,4871034.0,34461140.0,4250620.0,14.13,4211356.0,38514266.0,521091.0,10.93,2427143.0,31835905.0,13074.0,7.62,95.49653932838032,8.107320814375315
2013,MI,4962369.0,34013168.0,4265264.0,14.59,4170783.0,37697520.0,520327.0,11.06,2416682.0,31321534.0,13419.0,7.72,96.9531428769708,7.97445785301918
2014,MI,4846496.0,33514991.0,4273126.0,14.46,4060031.0,37348927.0,522422.0,10.87,2491113.0,32445935.0,13289.0,7.68,94.51503809311185,7.843202142880879
2015,MI,4810815.0,33357876.0,4282858.0,14.42,4057255.0,38440734.0,532858.0,10.55,2154662.0,30677019.0,6041.0,7.02,93.60601028565505,7.788695305798138
2016,MI,5258083.0,34543262.0,4311008.0,15.22,4146763.0,38985906.0,538677.0,10.64,2137716.0,30934422.0,6191.0,6.91,101.64063331205448,8.012803966033003
2017,MI,5078011.0,32977374.0,4344321.0,15.4,4217018.0,38325322.0,542959.0,11.0,2200758.0,30590574.0,6196.0,7.19,97.40707082495362,7.590915588419916
2018,MI,5426835.0,35131422.0,4365529.0,15.45,4339291.0,38925268.0,543261.0,11.15,2187188.0,30806023.0,5972.0,7.1,103.59254285104966,8.047460456682341
2019,MI,5273119.0,33495725.0,4384305.0,15.74,4313039.0,37860783.0,544690.0,11.39,2114082.0,29886432.0,5726.0,7.07,100.22719298345652,7.63991670287537
2020,MI,5831461.0,35862912.0,4423595.0,16.26,4156478.0,35490797.0,546115.0,11.71,1858134.0,25654081.0,5580.0,7.24,109.85523840526389,8.107187027745534
2021,MI,6289783.0,35868100.0,4458038.0,17.54,4537108.0,36860868.0,550701.0,12.31,2082727.0,27081082.0,5706.0,7.69,117.57382582502288,8.045714280587111
2022,MI,6255971.0,35034971.0,4475317.0,17.86,4657585.0,37114401.0,554487.0,12.55,2372266.0,28485570.0,5689.0,8.33,116.49027692712419,7.828489244449052
2023,MI,6130301.0,32533717.0,4496300.0,18.84,4894750.0,36534334.0,559552.0,13.4,2325536.0,28515187.0,5589.0,8.16,113.61751143532831,7.235664212797189
2024,MI,6466084.0,33504932.0,4516367.0,19.3,5209956.0,37190845.0,564574.0,14.01,2336236.0,28289760.0,5762.0,8.26,119.30835853980274,7.41855832353748
1990,MN,1010592.0,14857556.0,1755161.0,6.8,483355.0,8085873.0,196379.0,5.98,973368.0,23496827.0,9581.0,4.14,47.981923025864866,8.46506730721569
1991,MN,1082883.0,15655101.0,1781196.0,6.92,510518.0,8416648.0,198554.0,6.07,1018591.0,23937844.0,9996.0,4.26,50.66272886307851,8.789095079935056
1992,MN,1040668.0,14847981.0,1811852.0,7.01,507941.0,8290949.0,203439.0,6.13,1020026.0,23556855.0,10599.0,4.33,47.863916773187505,8.194919342197927
1993,MN,1105316.0,15596985.0,1833753.0,7.09,528688.0,8535124.0,203885.0,6.19,1072081.0,24384332.0,10349.0,4.4,50.23013822835827,8.505499377506132
1994,MN,1146132.0,16006557.0,1866391.0,7.16,561857.0,8996867.0,209407.0,6.25,1121512.0,25450840.0,9774.0,4.41,51.174164470360175,8.57620777211206
1995,MN,1216609.0,16974435.0,1893713.0,7.17,600667.0,9699907.0,215414.0,6.19,1143109.0,26577059.0,9387.0,4.3,53.5371956222159,8.96357314968002
1996,MN,1223071.0,17157124.0,1888279.0,7.13,621099.0,10114971.0,211419.0,6.14,1148478.0,26934450.0,9913.0,4.26,53.97644274671981,9.086117040966933
1997,MN,1234992.0,17073458.0,1962628.0,7.23,631658.0,10137365.0,218962.0,6.23,1200868.0,27713011.0,10447.0,4.33,52.437853734890155,8.699283817412164
1998,MN,1272958.0,17378235.0,1988091.0,7.33,655859.0,10435903.0,222109.0,6.28,1256619.0,28213513.0,11007.0,4.45,53.357634702502715,8.741166777577083
1999,MN,1334265.0,17997554.0,2017362.0,7.41,688291.0,10908630.0,224404.0,6.31,1266701.0,27764372.0,11067.0,4.56,55.11591375271271,8.921330926229402
2000,MN,1400071.0,18629364.0,2051355.0,7.52,735968.0,11580320.0,217384.0,6.36,1319129.0,28842085.0,10838.0,4.57,56.875861727167326,9.081491989441126
2001,MN,1476460.0,19399686.0,2078775.0,7.61,1193379.0,19799222.0,231313.0,6.03,902258.0,20767343.0,5139.0,4.34,59.18790313205293,9.332268283003211
2002,MN,1531480.0,20450927.0,2117928.0,7.49,1143281.0,19456717.0,232919.0,5.88,874721.0,21514632.0,5026.0,4.07,60.258579769158025,9.656101151691653
2003,MN,1579058.0,20637751.0,2154095.0,7.65,1256889.0,20533286.0,251068.0,6.12,954789.0,21916302.0,5740.0,4.36,61.0874481704227,9.5807060505688
2004,MN,1624406.0,20507412.0,2204694.0,7.92,1287373.0,20406705.0,254946.0,6.31,1037573.0,22415428.0,7696.0,4.63,61.399526041558,9.301704454223579
2005,MN,1799428.0,21743001.0,2211000.0,8.28,1447868.0,21985392.0,255645.0,6.59,1117590.0,22265880.0,8266.0,5.02,67.82104628373285,9.834012211668927
2006,MN,1905115.0,21909406.0,2240891.0,8.7,1556427.0,22175217.0,260186.0,7.02,1198299.0,22664223.0,8503.0,5.29,70.8466334745123,9.777095806980348
2007,MN,2078498.0,22645637.0,2267167.0,9.18,1684183.0,22523012.0,266164.0,7.48,1310820.0,23041487.0,8726.0,5.69,76.3985038008522,9.98851738755901
2008,MN,2176514.0,22357408.0,2280074.0,9.74,1780913.0,22604482.0,270490.0,7.88,1398768.0,23810379.0,9097.0,5.87,79.54836845938625,9.805562451043256
2009,MN,2212341.0,22033959.0,2290881.0,10.04,1766050.0,22311487.0,273429.0,7.92,1229054.0,19637127.0,9425.0,6.26,80.47635385687865,9.618115912611785
2010,MN,2379113.0,22464797.0,2300291.0,10.59,1887110.0,22515351.0,276463.0,8.38,1433278.0,22797763.0,10150.0,6.29,86.18884161467686,9.766067423643356
2011,MN,2469487.0,22523727.0,2308736.0,10.96,1929925.0,22371109.0,276286.0,8.63,1527529.0,23618724.0,10673.0,6.47,89.13560638086527,9.755869445445473
2012,MN,2504491.0,22059631.0,2317336.0,11.35,1988679.0,22495804.0,278466.0,8.84,1530592.0,23415791.0,11010.0,6.54,90.06358306837392,9.51939252659088
2013,MN,2698103.0,22849542.0,2329734.0,11.81,2170780.0,23041186.0,281187.0,9.42,1587306.0,22734273.0,11383.0,6.98,96.50969452592727,9.807790073888263
2014,MN,2737895.0,22791466.0,2345860.0,12.01,2249026.0,22827840.0,284978.0,9.85,1551691.0,23076348.0,9898.0,6.72,97.25981800562124,9.715612184870368
2015,MN,2630742.0,21713970.0,2374674.0,12.12,2207024.0,23388015.0,289044.0,9.44,1506272.0,21453040.0,9812.0,7.02,92.31940889570525,9.143979342006524
2016,MN,2762790.0,21803791.0,2378681.0,12.67,2316287.0,23501739.0,291569.0,9.86,1564118.0,21216798.0,9000.0,7.37,96.78998571056816,9.166336721905964
2017,MN,2813969.0,21573800.0,2403168.0,13.04,2438774.0,23273897.0,292859.0,10.48,1642588.0,22280917.0,8984.0,7.37,97.57845338597495,8.977233385264784
2018,MN,3001391.0,22837140.0,2420325.0,13.14,2429217.0,23398557.0,295855.0,10.38,1688832.0,22446853.0,9066.0,7.52,103.33980629323197,9.435567537417496
2019,MN,2906625.0,22288152.0,2446111.0,13.04,2369105.0,22904299.0,299995.0,10.34,1636945.0,21748034.0,8998.0,7.53,99.02197815225884,9.11166827670535
2020,MN,3020236.0,22935672.0,2464753.0,13.17,2244659.0,21526677.0,303702.0,10.43,1501592.0,19571847.0,9042.0,7.67,102.11422131683513,9.30546468550804
2021,MN,3138279.0,23246055.0,2496406.0,13.5,2478396.0,22093189.0,306605.0,11.22,1759971.0,21227196.0,9130.0,8.29,104.7599028363175,9.311808656124043
2022,MN,3336372.0,23418313.0,2523110.0,14.25,2773158.0,22548588.0,308250.0,12.3,1911003.0,20648588.0,9234.0,9.25,110.1937688012017,9.28152676656983
2023,MN,3391941.0,23023275.0,2551574.0,14.73,2800843.0,22613856.0,308285.0,12.39,1892556.0,20560640.0,9351.0,9.2,110.77936599134495,9.023165700857588
2024,MN,3408955.0,22062758.0,2581180.0,15.45,2729308.0,22468437.0,308460.0,12.15,1831204.0,20015581.0,9410.0,9.15,110.05802901515328,8.5475472458333
1990,MO,1592730.0,21652354.0,2143649.0,7.36,1192964.0,18468962.0,255089.0,6.46,639876.0,12937381.0,10372.0,4.95,61.916619745116854,10.100699321577366
1991,MO,1727704.0,23386303.0,2164057.0,7.39,1220603.0,19111774.0,258510.0,6.39,642814.0,13113852.0,10978.0,4.9,66.53028701800984,10.806694555642482
1992,MO,1583532.0,21293574.0,2184478.0,7.44,1200406.0,18792385.0,264037.0,6.39,642670.0,13440251.0,11207.0,4.78,60.40848202636968,9.74767152610372
1993,MO,1756698.0,24182047.0,2211954.0,7.26,1246675.0,19914076.0,269019.0,6.26,641842.0,13617994.0,11690.0,4.71,66.1819820846184,10.93243666007521
1994,MO,1754357.0,24056901.0,2243682.0,7.29,1277857.0,20613575.0,272305.0,6.2,652110.0,14106043.0,11432.0,4.62,65.15915208423773,10.722063554460926
1995,MO,1842934.0,25408756.0,2281212.0,7.25,1334356.0,21606492.0,279939.0,6.18,649356.0,14320602.0,10643.0,4.53,67.32291138803993,11.138270358037746
1996,MO,1872810.0,26447604.0,2310322.0,7.08,1359625.0,22522442.0,286455.0,6.04,662102.0,14914972.0,10230.0,4.44,67.55227193438837,11.44758349701903
1997,MO,1884991.0,26595252.0,2340896.0,7.09,1372667.0,22863753.0,294037.0,6.0,680747.0,15267140.0,10370.0,4.46,67.10361474125007,11.361142058425491
1998,MO,2001368.0,28264507.0,2372780.0,7.08,1432010.0,23920444.0,302370.0,5.99,699275.0,15800878.0,9825.0,4.43,70.2891404456657,11.91197961884372
1999,MO,1976459.0,27765928.0,2405251.0,7.12,1437225.0,24111390.0,308179.0,5.96,706586.0,16121804.0,9590.0,4.38,68.47722614673756,11.54387962004797
2000,MO,2083889.0,29581354.0,2440099.0,7.04,1507701.0,25875305.0,316761.0,5.83,712007.0,16079807.0,9541.0,4.43,71.16818484277346,12.123013861322839
2001,MO,2113257.0,30168329.0,2463550.0,7.0,1533319.0,26028729.0,322570.0,5.89,694792.0,15814713.0,9382.0,4.39,71.48413874287105,12.245876479064764
2002,MO,2238090.0,31684209.0,2527727.0,7.06,1575542.0,26796207.0,331088.0,5.88,678501.0,15341437.0,9640.0,4.42,73.78466899313098,12.534664146879786
2003,MO,2185963.0,31421927.0,2555062.0,6.96,1617635.0,27987361.0,349983.0,5.78,666590.0,14830600.0,13518.0,4.49,71.29517144137141,12.297911753217731
2004,MO,2184956.0,31350643.0,2565274.0,6.97,1647846.0,28391148.0,347600.0,5.8,660821.0,14302630.0,10750.0,4.62,70.97864269729732,12.221167407458228
2005,MO,2436857.0,34411988.0,2602899.0,7.08,1755777.0,29640253.0,353952.0,5.92,766288.0,16868838.0,10592.0,4.54,78.01740162283157,13.220638987528906
2006,MO,2519514.0,33880156.0,2641569.0,7.44,1810853.0,29800467.0,359108.0,6.08,838292.0,18315672.0,10528.0,4.58,79.48287551829992,12.825769836033055
2007,MO,2758442.0,35872486.0,2666181.0,7.69,1972801.0,31126108.0,363192.0,6.34,881870.0,18514719.0,10634.0,4.76,86.21701477381568,13.45463267497593
2008,MO,2831571.0,35389941.0,2686746.0,8.0,2057046.0,31117853.0,371220.0,6.61,878561.0,17850130.0,9431.0,4.92,87.82529126311158,13.172045664160288
2009,MO,2924094.0,34220694.0,2687756.0,8.54,2130803.0,30604880.0,368477.0,6.96,815839.0,15050485.0,8982.0,5.42,90.66094541319971,12.73206868480621
2010,MO,3385582.0,37302279.0,2695809.0,9.08,2358019.0,31430653.0,370955.0,7.5,953656.0,17330169.0,8899.0,5.5,104.6557205400432,13.837137200743822
2011,MO,3502911.0,35941243.0,2693261.0,9.75,2490868.0,30962081.0,370920.0,8.04,1013187.0,17329648.0,8759.0,5.85,108.38505811356568,13.34487931173399
2012,MO,3491827.0,34336615.0,2699287.0,10.17,2499371.0,30482745.0,373022.0,8.2,1036772.0,17594410.0,8901.0,5.89,107.80090569596094,12.72062400181974
2013,MO,3745002.0,35318204.0,2708934.0,10.6,2686659.0,30515252.0,371712.0,8.8,1104696.0,17551296.0,10274.0,6.29,115.20528001051336,13.037676074795472
2014,MO,3807788.0,35792644.0,2724541.0,10.64,2728701.0,30665251.0,371495.0,8.9,1106218.0,17398747.0,10282.0,6.36,116.46573373888175,13.137128052027846
2015,MO,3799962.0,33911760.0,2734553.0,11.21,2797527.0,30535443.0,373622.0,9.16,1096388.0,17036256.0,10218.0,6.44,115.80082741128075,12.401207802518364
2016,MO,3850746.0,34354932.0,2751460.0,11.21,2845734.0,30728480.0,376711.0,9.26,962263.0,13513245.0,10169.0,7.12,116.62735420467679,12.486073575483562
2017,MO,3843968.0,33051080.0,2771123.0,11.63,2858219.0,30176974.0,381634.0,9.47,968061.0,13210525.0,8191.0,7.33,115.59597559064201,11.926962462510685
2018,MO,4248638.0,37463390.0,2792459.0,11.34,2931288.0,31179283.0,384493.0,9.4,966201.0,13389587.0,8085.0,7.22,126.78902954946399,13.415914074297957
2019,MO,3975602.0,35691426.0,2811863.0,11.14,2733866.0,30133114.0,384787.0,9.07,924819.0,13009718.0,10096.0,7.11,117.82230025668628,12.6931596596278
2020,MO,3922562.0,34950370.0,2833918.0,11.22,2495141.0,27931047.0,387872.0,8.93,877402.0,12823832.0,10108.0,6.84,115.34566867025323,12.332879779866602
2021,MO,4071545.0,35668409.0,2861933.0,11.42,2657624.0,28987412.0,395150.0,9.17,929932.0,13086588.0,9985.0,7.11,118.55463306327111,12.463048226495868
2022,MO,4373898.0,37244970.0,2882259.0,11.74,2845815.0,29790520.0,398806.0,9.55,1015285.0,13245662.0,9883.0,7.67,126.46035626916249,12.922145442168798
2023,MO,4397847.0,34964573.0,2906438.0,12.58,2958249.0,29174382.0,399085.0,10.14,1011796.0,12813199.0,9831.0,7.9,126.09498293099664,12.030042615737889
2024,MO,4548192.0,35226895.0,2933914.0,12.91,3034339.0,29569769.0,403957.0,10.26,1019598.0,12953946.0,9443.0,7.87,129.18442735540307,12.00679195095698
1990,MS,845126.0,12265641.0,998320.0,6.89,486201.0,6746134.0,144114.0,7.21,578934.0,12454453.0,5841.0,4.65,70.54568341480353,12.286281953682186
1991,MS,861025.0,12517521.0,1006007.0,6.88,490686.0,6831768.0,147142.0,7.18,585267.0,13024289.0,5897.0,4.49,71.32364221455053,12.442777237136522
1992,MS,870925.0,12422486.0,1021050.0,7.01,489272.0,6732155.0,149165.0,7.27,595299.0,13490594.0,7280.0,4.41,71.08083182344971,12.166383624700064
1993,MS,940423.0,13199806.0,1035672.0,7.12,498157.0,6685014.0,151509.0,7.45,653355.0,14229237.0,7899.0,4.59,75.66930778599145,12.745160630006412
1994,MS,963587.0,13641721.0,1056331.0,7.06,512351.0,7093799.0,154960.0,7.22,684021.0,15255933.0,8510.0,4.48,76.01681354297722,12.914248469466484
1995,MS,991325.0,14181239.0,1074678.0,6.99,528714.0,7539403.0,158971.0,7.01,687880.0,15477114.0,8642.0,4.44,76.86992444868757,13.195802835826173
1996,MS,1054159.0,14964600.0,1090120.0,7.04,560770.0,7912999.0,164430.0,7.09,707230.0,16042796.0,8883.0,4.41,80.58432404995169,13.727479543536491
1997,MS,1040393.0,14817360.0,1108850.0,7.02,666164.0,9954827.0,173986.0,6.69,602758.0,14622088.0,4539.0,4.12,78.18858877816356,13.362817333273211
1998,MS,1151597.0,16392306.0,1129152.0,7.03,713214.0,10781116.0,177642.0,6.62,615521.0,14598566.0,4502.0,4.22,84.98981241379961,14.517359930283964
1999,MS,1102038.0,16321419.0,1152329.0,6.75,690480.0,11151248.0,179959.0,6.19,631832.0,15735130.0,4504.0,4.02,79.69642350405137,14.16385337867918
2000,MS,1191491.0,17192809.0,1172984.0,6.93,733680.0,11450760.0,184783.0,6.41,656718.0,15856373.0,4500.0,4.14,84.64814240148772,14.657326101634805
2001,MS,1242778.0,16855661.0,1185264.0,7.37,787812.0,11357412.0,188617.0,6.94,671816.0,15268360.0,4426.0,4.4,87.37701755333269,14.221018271034977
2002,MS,1299120.0,17843742.0,1198383.0,7.28,803953.0,11772999.0,193145.0,6.83,660844.0,15020552.0,4455.0,4.4,90.33839765751016,14.889849071624013
2003,MS,1342600.0,17669709.0,1208789.0,7.6,913348.0,12592850.0,206864.0,7.25,684468.0,15281322.0,4918.0,4.48,92.55819943210382,14.617695065060982
2004,MS,1443559.0,17580026.0,1200554.0,8.21,1018804.0,12750284.0,211921.0,7.99,759039.0,15702228.0,5535.0,4.83,100.20089336534078,14.643261361005003
2005,MS,1564167.0,17953344.0,1202829.0,8.71,1074657.0,12665855.0,212504.0,8.48,820783.0,15281865.0,7748.0,5.37,108.36723258252005,14.925932115038796
2006,MS,1764908.0,18276131.0,1212812.0,9.66,1212977.0,12948500.0,218193.0,9.37,933999.0,15711806.0,7749.0,5.94,121.26831418774441,15.069220126449936
2007,MS,1737497.0,18565875.0,1227001.0,9.36,1195618.0,13400202.0,222387.0,8.92,931331.0,16187104.0,7505.0,5.75,118.0043183882219,15.1311001376527
2008,MS,1901502.0,18293688.0,1238408.0,10.39,1325416.0,13232633.0,224391.0,10.02,1061782.0,16194914.0,7397.0,6.56,127.95338854400165,14.77193945775544
2009,MS,1849917.0,18095194.0,1243260.0,10.22,1236207.0,13013470.0,222861.0,9.5,987999.0,14940490.0,7151.0,6.61,123.99638852693725,14.554633785370719
2010,MS,1991612.0,20174826.0,1250149.0,9.87,1285951.0,13804962.0,224517.0,9.32,992969.0,15707378.0,6797.0,6.32,132.758308542955,16.13793715789078
2011,MS,1966085.0,19336430.0,1251640.0,10.17,1302168.0,13737924.0,226136.0,9.48,1062287.0,16263203.0,6931.0,6.53,130.90059175694822,15.44887507590042
2012,MS,1846707.0,17992708.0,1256392.0,10.26,1266977.0,13584638.0,227384.0,9.33,1048844.0,16810329.0,7125.0,6.24,122.4874481849614,14.320934867461748
2013,MS,1989585.0,18462415.0,1260892.0,10.78,1433114.0,14187814.0,228508.0,10.1,1022567.0,16131761.0,7165.0,6.34,131.49322067234942,14.642344467250169
2014,MS,2141264.0,18922097.0,1263583.0,11.32,1525368.0,14174583.0,230416.0,10.76,1077019.0,16311951.0,10922.0,6.6,141.21641923535427,14.974953762435867
2015,MS,2092177.0,18561101.0,1270397.0,11.27,1517771.0,14391682.0,231388.0,10.55,1032686.0,15738746.0,10860.0,6.56,137.23905466821265,14.610472946645812
2016,MS,1931958.0,18458928.0,1278616.0,10.47,1390347.0,14522538.0,232885.0,9.57,931023.0,16068698.0,11214.0,5.79,125.91466085204627,14.436647124703585
2017,MS,1932657.0,17444016.0,1284578.0,11.08,1449402.0,14256157.0,235245.0,10.17,965966.0,16128614.0,11156.0,5.99,125.3756097333132,13.579569321598221
2018,MS,2146535.0,19310527.0,1290281.0,11.12,1515723.0,14530226.0,236871.0,10.43,993099.0,16549315.0,10988.0,6.0,138.63485292480217,14.966140708884344
2019,MS,2108801.0,18717858.0,1293419.0,11.27,1497763.0,14238982.0,237625.0,10.52,936158.0,15994186.0,10379.0,5.85,135.86735363147338,14.471612060747523
2020,MS,2010535.0,17994833.0,1308149.0,11.17,1368949.0,13185143.0,237370.0,10.38,862202.0,15302064.0,10343.0,5.63,128.0775992133414,13.755950583610888
2021,MS,2145795.0,18569936.0,1321576.0,11.56,1478569.0,13676163.0,241509.0,10.81,938693.0,15769265.0,10795.0,5.95,135.30530972112084,14.051356864834107
2022,MS,2348630.0,18917877.0,1329184.0,12.41,1656441.0,14089632.0,245252.0,11.76,1071425.0,15972024.0,10911.0,6.71,147.2476095609537,14.232699912126538
2023,MS,2452659.0,18544190.0,1335278.0,13.23,1760225.0,14230944.0,246032.0,12.37,1088735.0,15646628.0,11023.0,6.96,153.06793791255453,13.887887016786017
2024,MS,2490447.0,18593201.0,1340459.0,13.39,1746176.0,14172165.0,246813.0,12.32,1084653.0,15919246.0,12415.0,6.81,154.82551126144105,13.870771877394235
1990,MT,183018.0,3358385.0,342822.0,5.45,128107.0,2737526.0,56633.0,4.68,187148.0,6529326.0,3215.0,2.87,44.48810169709062,9.796293703437936
1991,MT,199215.0,3458893.0,345713.0,5.76,140943.0,2818850.0,57292.0,5.0,193273.0,6622098.0,4624.0,2.92,48.020323216078076,10.005099605742336
1992,MT,191815.0,3286365.0,348640.0,5.84,147731.0,2859488.0,58574.0,5.17,185561.0,6414379.0,4374.0,2.89,45.84839184641273,9.426241968793024
1993,MT,207658.0,3597987.0,355175.0,5.77,154222.0,3026077.0,59850.0,5.1,181215.0,5836579.0,4079.0,3.1,48.721991506534344,10.130180896741043
1994,MT,212594.0,3566917.0,364098.0,5.96,160068.0,3096032.0,61720.0,5.17,196466.0,5960540.0,4067.0,3.3,48.65768739918008,9.796584985361084
1995,MT,221648.0,3639879.0,373192.0,6.09,166394.0,3133252.0,63402.0,5.31,218776.0,6367702.0,3963.0,3.44,49.49373691468913,9.753368239404917
1996,MT,243341.0,3910516.0,379121.0,6.22,181896.0,3298600.0,65243.0,5.51,207819.0,6305683.0,4082.0,3.3,53.487980530402346,10.314691088069509
1997,MT,243551.0,3803973.0,385186.0,6.4,190854.0,3292924.0,66730.0,5.8,165875.0,4536674.0,4275.0,3.66,52.69121065320823,9.87567824375756
1998,MT,241910.0,3722471.0,418542.0,6.5,194599.0,3313181.0,74175.0,5.87,221053.0,6773787.0,4717.0,3.19,48.165217986884635,8.893900731587271
1999,MT,248557.0,3664414.0,393329.0,6.78,192204.0,3025111.0,69060.0,6.35,171175.0,6257748.0,4259.0,2.74,52.66096151906758,9.31640941806986
2000,MT,253610.0,3907754.0,401982.0,6.49,212509.0,3791861.0,75861.0,5.6,260567.0,6567934.0,1362.0,3.97,52.574907997538865,9.721216372872417
2001,MT,267229.0,3886224.0,411070.0,6.88,228375.0,3865679.0,77868.0,5.91,221988.0,3370259.0,3947.0,6.59,54.173457886329174,9.453922689566253
2002,MT,291404.0,4030664.0,413252.0,7.23,251251.0,4003108.0,80895.0,6.28,165441.0,4462794.0,698.0,3.71,58.76236936945657,9.753525693765548
2003,MT,311334.0,4120150.0,421938.0,7.56,303797.0,4437530.0,95098.0,6.85,172081.0,4266980.0,1344.0,4.03,61.48889173290863,9.76482326787348
2004,MT,318546.0,4052761.0,430282.0,7.86,321219.0,4330178.0,93109.0,7.42,189813.0,4573843.0,4619.0,4.15,61.69326162842043,9.418848569077953
2005,MT,342060.0,4221448.0,439314.0,8.1,332244.0,4473394.0,95433.0,7.43,231235.0,4783996.0,4547.0,4.83,64.88525291704794,9.60918158765712
2006,MT,363945.0,4393973.0,449308.0,8.28,348776.0,4685992.0,96617.0,7.44,242239.0,4735015.0,4734.0,5.12,67.50102379659387,9.77942302385001
2007,MT,398441.0,4541544.0,459379.0,8.77,391258.0,4827724.0,98720.0,8.1,317808.0,6162717.0,4490.0,5.16,72.2789171178192,9.886268201202057
2008,MT,426218.0,4669467.0,461600.0,9.13,412239.0,4825520.0,100371.0,8.54,344345.0,5831413.0,4879.0,5.91,76.94576834199884,10.115829722703639
2009,MT,428140.0,4790401.0,466160.0,8.94,398707.0,4790862.0,100501.0,8.32,260504.0,4772512.0,5225.0,5.46,76.53666838281562,10.276302128024712
2010,MT,434420.0,4742794.0,467878.0,9.16,409363.0,4789182.0,101129.0,8.55,235469.0,4239477.0,5218.0,5.55,77.3741587906819,10.136817717439161
2011,MT,479166.0,4913110.0,469963.0,9.75,445957.0,4892271.0,101512.0,9.12,210061.0,3982700.0,5877.0,5.27,84.96519938803694,10.454248525947788
2012,MT,481814.0,4778365.0,473033.0,10.08,448886.0,4917509.0,101530.0,9.13,212720.0,4167509.0,7268.0,5.1,84.88026557696115,10.101546826542757
2013,MT,508873.0,4926471.0,477266.0,10.33,466259.0,4889642.0,101216.0,9.54,229520.0,4229061.0,8692.0,5.43,88.85209366125669,10.322275209212473
2014,MT,505962.0,4969243.0,485041.0,10.18,472750.0,4903160.0,103132.0,9.64,232314.0,4229989.0,9597.0,5.49,86.92770301892006,10.24499578386157
2015,MT,525004.0,4825213.0,491422.0,10.88,500514.0,4894095.0,104325.0,10.23,238769.0,4487603.0,9710.0,5.32,89.02803157639124,9.81887868268006
2016,MT,530661.0,4852547.0,497170.0,10.94,492348.0,4831636.0,105934.0,10.19,223302.0,4416418.0,9814.0,5.06,88.94693967858076,9.760337510308345
2017,MT,572287.0,5224588.0,503313.0,10.95,502970.0,4970119.0,107147.0,10.12,236952.0,4514949.0,9893.0,5.25,94.75333109483232,10.380395499420837
2018,MT,569768.0,5197686.0,509526.0,10.96,497390.0,4921231.0,108695.0,10.11,245120.0,4719928.0,9915.0,5.19,93.18595452767214,10.201022126446933
2019,MT,590943.0,5308103.0,516052.0,11.13,515875.0,4956080.0,109459.0,10.41,275675.0,5057088.0,11286.0,5.45,95.42691434196554,10.2859847457233
2020,MT,604844.0,5379965.0,522382.0,11.24,494421.0,4702353.0,110977.0,10.51,232985.0,4501861.0,11414.0,5.18,96.48813831002344,10.298909610208622
2021,MT,623923.0,5559446.0,531398.0,11.22,517065.0,4906132.0,112777.0,10.54,280444.0,4495983.0,11670.0,6.24,97.84301659647446,10.461924960199322
2022,MT,667968.0,5894499.0,540745.0,11.33,535936.0,5019659.0,114645.0,10.68,349566.0,4669625.0,11917.0,7.49,102.93946314806425,10.90069996024004
2023,MT,721681.0,5755522.0,549248.0,12.54,612982.0,5063035.0,116235.0,12.11,365555.0,4686142.0,12019.0,7.8,109.49531601996426,10.478912986483337
2024,MT,721809.0,5700241.0,557432.0,12.66,597479.0,5034278.0,123483.0,11.87,366589.0,4832494.0,11624.0,7.59,107.90688370958252,10.225894817663859
1990,NC,2599408.0,33144040.0,2801451.0,7.84,1530509.0,23834909.0,388208.0,6.42,1491996.0,31264700.0,14687.0,4.77,77.32326331366615,11.831026136098757
1991,NC,2732679.0,34390834.0,2860309.0,7.95,1599952.0,24675721.0,396182.0,6.48,1517630.0,31514220.0,14679.0,4.82,79.61491223500677,12.02346809383182
1992,NC,2819897.0,34761066.0,2917260.0,8.11,1666089.0,25142413.0,402376.0,6.63,1601810.0,32521880.0,13578.0,4.93,80.55209911583701,11.91565578659427
1993,NC,3086158.0,37742397.0,2983653.0,8.18,1763806.0,26747461.0,412420.0,6.59,1641609.0,33487659.0,13150.0,4.9,86.1962947210461,12.649727364408664
1994,NC,3041020.0,37206780.0,3055129.0,8.17,1801707.0,27457860.0,423619.0,6.56,1642484.0,33307132.0,13141.0,4.93,82.9484886999316,12.178464477277391
1995,NC,3207309.0,39506250.0,3133798.0,8.12,1888197.0,29194750.0,435840.0,6.47,1651727.0,34062921.0,12993.0,4.85,85.28812322938492,12.60650814123948
1996,NC,3348297.0,41591843.0,3206116.0,8.05,1959078.0,30662155.0,452013.0,6.39,1633757.0,34141749.0,13686.0,4.79,87.02890038913127,12.972656946910218
1997,NC,3262701.0,40611106.0,3289364.0,8.03,2018399.0,31388363.0,465180.0,6.43,1654506.0,35095124.0,12691.0,4.71,82.65784814328849,12.34618789528918
1998,NC,3434239.0,42890314.0,3383932.0,8.01,2137094.0,33637195.0,480830.0,6.35,1619571.0,34985931.0,12385.0,4.63,84.572202790521,12.674697363895019
1999,NC,3486165.0,43648445.0,3474399.0,7.99,2221310.0,35068684.0,500602.0,6.33,1560387.0,34164871.0,12771.0,4.57,83.61554041432778,12.562876342066643
2000,NC,3709073.0,46536517.0,3561203.0,7.97,2344590.0,36858836.0,513727.0,6.36,1569277.0,34251859.0,12577.0,4.58,86.79354045997003,13.067639502718604
2001,NC,3749927.0,46200716.0,3652769.0,8.12,2423308.0,37744147.0,528310.0,6.42,1517634.0,32931139.0,12142.0,4.61,85.54987097915763,12.64813515445406
2002,NC,4085367.0,49854417.0,3741959.0,8.19,2558701.0,39276813.0,543212.0,6.51,1473598.0,31381089.0,11645.0,4.7,90.98102090375657,13.323079435130103
2003,NC,4106255.0,49348767.0,3778470.0,8.32,2769773.0,41672018.0,575864.0,6.65,1453390.0,30314336.0,11358.0,4.79,90.56256015441876,13.060515764317303
2004,NC,4369008.0,51717380.0,3845187.0,8.45,2871463.0,42864261.0,594424.0,6.7,1515702.0,31075166.0,11444.0,4.88,94.68564207670524,13.449899835820728
2005,NC,4679817.0,54072734.0,3929358.0,8.65,3027755.0,44161328.0,609842.0,6.86,1516421.0,30101279.0,10976.0,5.04,99.24897400542277,13.761213409417008
2006,NC,4818176.0,52851296.0,4011329.0,9.12,3195294.0,44584705.0,621995.0,7.17,1530691.0,29262947.0,10867.0,5.23,100.09517211544271,13.175507668406157
2007,NC,5271039.0,56095471.0,4090510.0,9.4,3477245.0,46806862.0,639991.0,7.43,1583676.0,28978399.0,10748.0,5.47,107.38349252293723,13.7135640788068
2008,NC,5306233.0,55751201.0,4147621.0,9.52,3514841.0,46540296.0,649771.0,7.55,1537281.0,27772662.0,10968.0,5.54,106.61197909195015,13.441729849472745
2009,NC,5627153.0,56311126.0,4175829.0,9.99,3689879.0,46240476.0,650652.0,7.98,1503511.0,25099682.0,11375.0,5.99,112.29612531228331,13.485017226519572
2010,NC,6288493.0,62160107.0,4185540.0,10.12,3910578.0,47931940.0,644609.0,8.16,1623228.0,26315850.0,11016.0,6.17,125.20274166137067,14.851155884306445
2011,NC,5954615.0,58055878.0,4201898.0,10.26,3779923.0,46467228.0,644926.0,8.13,1597233.0,26554615.0,10609.0,6.01,118.09375588523726,13.816584314992891
2012,NC,5962720.0,54671521.0,4230588.0,10.91,4029839.0,46510125.0,652401.0,8.66,1727483.0,26896123.0,10399.0,6.42,117.4525463915024,12.922913079694831
2013,NC,6172487.0,56251297.0,4268019.0,10.97,4085188.0,46648766.0,654747.0,8.76,1732933.0,26872437.0,10276.0,6.45,120.5181881024116,13.179720380813675
2014,NC,6511383.0,58649994.0,4303476.0,11.1,4157748.0,47509563.0,655841.0,8.75,1751829.0,26964549.0,10356.0,6.5,126.08766727175892,13.628516575902829
2015,NC,6531847.0,57901557.0,4336698.0,11.28,4210468.0,48236147.0,665198.0,8.73,1804121.0,27701168.0,10284.0,6.51,125.51498474953371,13.351530819070177
2016,NC,6446114.0,58456809.0,4423532.0,11.03,4189494.0,48604221.0,672610.0,8.62,1725487.0,27336887.0,10052.0,6.31,121.43603045409566,13.214962387522007
2017,NC,6138404.0,56133960.0,4488039.0,10.94,4042918.0,47890455.0,680967.0,8.44,1699347.0,27393364.0,10045.0,6.2,113.97709927802914,12.507458157114945
2018,NC,6834735.0,61622454.0,4550420.0,11.09,4228751.0,49298402.0,691673.0,8.58,1732371.0,27353560.0,10025.0,6.33,125.16674285011054,13.542146439229786
2019,NC,6834017.0,59852793.0,4620856.0,11.42,4330825.0,49173038.0,705587.0,8.81,1726559.0,27391009.0,9871.0,6.3,123.24586974072913,12.952750096518914
2020,NC,6672919.0,58641572.0,4695096.0,11.38,3989150.0,45905051.0,710220.0,8.69,1630155.0,25828233.0,9822.0,6.31,118.43774511390893,12.489962292570802
2021,NC,6897040.0,60914684.0,4774592.0,11.32,4053567.0,47714832.0,731526.0,8.5,1660482.0,27049367.0,9567.0,6.14,120.37747588345418,12.758092000321703
2022,NC,7253470.0,62443953.0,4855658.0,11.62,4307722.0,49228797.0,739530.0,8.75,1801078.0,27519330.0,9152.0,6.54,124.4848449650559,12.86003936026796
2023,NC,7593061.0,58737520.0,4951380.0,12.93,4662157.0,48196906.0,746025.0,9.67,1868337.0,26143974.0,9082.0,7.15,127.79368243466132,11.862858435426084
2024,NC,8726608.0,61744942.0,5067762.0,14.13,5229699.0,49524269.0,751027.0,10.56,1990135.0,25622927.0,8930.0,7.77,143.49871468575938,12.183867750695475
1990,ND,184784.0,2954024.0,262529.0,6.26,115690.0,1794510.0,45370.0,6.45,84329.0,1759711.0,2430.0,4.79,58.655107308779854,11.252181663740005
1991,ND,192380.0,3096207.0,265416.0,6.21,119931.0,1875987.0,43640.0,6.39,85735.0,1762080.0,2532.0,4.87,60.402035546714096,11.665487385839588
1992,ND,191100.0,3020003.0,266404.0,6.33,113530.0,1752214.0,43537.0,6.48,89352.0,1835482.0,2578.0,4.87,59.77763096650201,11.336177384723953
1993,ND,202548.0,3209081.0,269908.0,6.31,118619.0,1830759.0,44168.0,6.48,92386.0,1904643.0,2549.0,4.85,62.53612341983194,11.889536434636987
1994,ND,206572.0,3242829.0,272576.0,6.37,121522.0,1884264.0,43066.0,6.45,94743.0,2011279.0,2441.0,4.71,63.15425178054317,11.896971853721531
1995,ND,210673.0,3383623.0,276198.0,6.23,138695.0,2237223.0,44118.0,6.2,79693.0,1771328.0,1763.0,4.5,63.563397755716316,12.250715066727492
1996,ND,223030.0,3601630.0,281136.0,6.19,144338.0,2377747.0,46050.0,6.07,81426.0,1835276.0,1768.0,4.44,66.10975945212756,12.810988276136817
1997,ND,215606.0,3436886.0,282033.0,6.27,141482.0,2299844.0,46528.0,6.15,90899.0,2076353.0,1868.0,4.38,63.70590202801327,12.186112972595405
1998,ND,212255.0,3272102.0,284751.0,6.49,143037.0,2305227.0,47101.0,6.2,94116.0,2187096.0,1866.0,4.3,62.11713625822795,11.491099241091339
1999,ND,214782.0,3306676.0,286494.0,6.5,145345.0,2349844.0,47679.0,6.19,121601.0,3012524.0,1859.0,4.04,62.47425775059862,11.541868241568759
2000,ND,218161.0,3390036.0,288470.0,6.44,155264.0,2554044.0,46643.0,6.08,120527.0,3031306.0,1860.0,3.98,63.022440230642125,11.751780081117621
2001,ND,225280.0,3479809.0,291483.0,6.47,183811.0,3070650.0,47468.0,5.99,109605.0,2753243.0,1457.0,3.98,64.40627183517849,11.938291426944282
2002,ND,234081.0,3663885.0,294291.0,6.39,199119.0,3403944.0,48085.0,5.85,104821.0,2635775.0,1604.0,3.98,66.2838822797843,12.449871046005484
2003,ND,240596.0,3707436.0,298893.0,6.49,214224.0,3800069.0,53499.0,5.64,117053.0,2953603.0,1931.0,3.96,67.07974648675837,12.403890355411468
2004,ND,248815.0,3662781.0,304774.0,6.79,225367.0,3843141.0,54071.0,5.86,124332.0,3010478.0,2162.0,4.13,68.03265151664293,12.01802319095461
2005,ND,265358.0,3796009.0,306720.0,6.99,243998.0,3993818.0,54240.0,6.11,131874.0,3050163.0,2328.0,4.32,72.09561380629457,12.376137845592071
2006,ND,274953.0,3853040.0,309997.0,7.14,259977.0,4126550.0,53709.0,6.3,163157.0,3265648.0,2331.0,5.0,73.91281205947153,12.429281573692649
2007,ND,297098.0,4067284.0,314466.0,7.3,277519.0,4214689.0,54550.0,6.58,189730.0,3623722.0,2725.0,5.24,78.73082198605466,12.933938804195048
2008,ND,320068.0,4259072.0,318760.0,7.52,303777.0,4460087.0,56510.0,6.81,206593.0,3696915.0,2143.0,5.59,83.67528338980215,13.361375329401431
2009,ND,337306.0,4449220.0,322466.0,7.58,310379.0,4558194.0,57435.0,6.81,191072.0,3641166.0,2488.0,5.25,87.16836296953271,13.79748562639162
2010,ND,357052.0,4392596.0,326409.0,8.13,340008.0,4714115.0,58568.0,7.21,223760.0,3849552.0,2641.0,5.81,91.15659596804419,13.457337267048397
2011,ND,390772.0,4552228.0,330738.0,8.58,370084.0,4866230.0,60017.0,7.61,269476.0,4318558.0,3639.0,6.24,98.45960649617926,13.763849330890311
2012,ND,406332.0,4484758.0,342549.0,9.06,409867.0,5108616.0,63160.0,8.02,335697.0,5123582.0,4602.0,6.55,98.85009151975338,13.092310881071029
2013,ND,459360.0,5038846.0,348486.0,9.12,476912.0,5685146.0,66801.0,8.39,378338.0,5308975.0,6683.0,7.13,109.84659355038652,14.459249439001853
2014,ND,490071.0,5357514.0,360171.0,9.15,474723.0,5403497.0,67871.0,8.79,569870.0,7478721.0,8607.0,7.62,113.388501572864,14.874917747403316
2015,ND,467895.0,4862542.0,371501.0,9.62,554633.0,6278868.0,71210.0,8.83,563700.0,6987538.0,8158.0,8.07,104.95597589239328,13.088906893924916
2016,ND,481747.0,4741298.0,377739.0,10.16,580437.0,6346158.0,73573.0,9.15,593271.0,7432732.0,8634.0,7.98,106.2786297769977,12.551783109501534
2017,ND,498902.0,4848305.0,380101.0,10.29,600239.0,6529910.0,74527.0,9.19,668782.0,8762211.0,8708.0,7.63,109.37926147699339,12.755307142049087
2018,ND,526145.0,5133171.0,382596.0,10.25,621753.0,6835913.0,75148.0,9.1,694475.0,8700422.0,8985.0,7.98,114.5997780077854,13.4166875764514
2019,ND,527970.0,5125431.0,385038.0,10.3,633843.0,7035031.0,76355.0,9.01,746677.0,9398793.0,8803.0,7.94,114.26794238490747,13.3114939304692
2020,ND,526673.0,5046551.0,387506.0,10.44,598966.0,6641700.0,76834.0,9.02,735791.0,10131201.0,8933.0,7.26,113.26125702999867,13.023155770491295
2021,ND,530311.0,4888401.0,391340.0,10.85,624295.0,6808316.0,77174.0,9.17,822740.0,11166390.0,8980.0,7.37,112.92631300999983,12.49144222415291
2022,ND,575541.0,5271904.0,392470.0,10.92,709487.0,8392425.0,76800.0,8.45,854283.0,11728548.0,9142.0,7.28,122.20488190180141,13.43262924554743
2023,ND,557857.0,5067156.0,395002.0,11.01,800557.0,10854668.0,76700.0,7.38,905073.0,12280355.0,10628.0,7.37,117.69075430841701,12.828178085174253
2024,ND,565146.0,4910755.0,397839.0,11.51,812797.0,11309334.0,77191.0,7.19,981888.0,13549609.0,10864.0,7.25,118.3782887047273,12.343573656680215
1990,NE,423391.0,6799606.0,649256.0,6.23,291604.0,5086141.0,104898.0,5.73,193535.0,4618083.0,5458.0,4.19,54.34309938349947,10.472919772786081
1991,NE,434977.0,7138298.0,656450.0,6.09,297023.0,5291350.0,106333.0,5.61,194676.0,4689782.0,5086.0,4.15,55.218346154822655,10.87409246705766
1992,NE,411421.0,6561472.0,665852.0,6.27,297170.0,5266040.0,108498.0,5.64,193151.0,4752476.0,4988.0,4.06,51.49054644775916,9.854249893369698
1993,NE,451557.0,7226029.0,670218.0,6.25,310626.0,5471340.0,108333.0,5.68,200386.0,4962540.0,4464.0,4.04,56.145537720562565,10.781609864253124
1994,NE,465376.0,7379419.0,675939.0,6.31,324310.0,5808823.0,110071.0,5.58,213299.0,5344841.0,5050.0,3.99,57.37401353277934,10.91728543552007
1995,NE,484060.0,7596719.0,685381.0,6.37,332561.0,5986221.0,113183.0,5.56,222881.0,5801512.0,6130.0,3.84,58.855342259755275,11.083935796294323
1996,NE,486974.0,7740905.0,694402.0,6.29,344612.0,6271903.0,115004.0,5.49,227706.0,6193276.0,6173.0,3.68,58.44045188041893,11.147584540367108
1997,NE,509951.0,7988645.0,700557.0,6.38,354896.0,6500198.0,115664.0,5.46,237714.0,6579572.0,6942.0,3.61,60.66018420580576,11.403276250183783
1998,NE,526826.0,8160194.0,710573.0,6.46,359197.0,6594284.0,117059.0,5.45,248765.0,6915665.0,8341.0,3.6,61.78417511876565,11.483962942582957
1999,NE,517099.0,7929449.0,718240.0,6.52,362245.0,6661122.0,117810.0,5.44,245943.0,6883423.0,8421.0,3.57,59.99607837677285,11.040110548006238
2000,NE,544639.0,8346035.0,724701.0,6.53,381501.0,7040699.0,120387.0,5.42,262836.0,7276085.0,8974.0,3.61,62.62801256426213,11.516521986308836
2001,NE,561857.0,8638208.0,732255.0,6.5,396344.0,7232147.0,122346.0,5.48,275815.0,7327582.0,10037.0,3.76,63.941409299583704,11.796721087599265
2002,NE,602900.0,8956037.0,741478.0,6.73,414774.0,7383737.0,125026.0,5.62,293929.0,7563454.0,10642.0,3.89,67.75880965674864,12.078628091460569
2003,NE,607759.0,8852219.0,754840.0,6.87,498626.0,8582936.0,145487.0,5.81,351922.0,8421411.0,30495.0,4.18,67.0957863034992,11.72727862858354
2004,NE,609749.0,8756735.0,763380.0,6.96,496782.0,8501171.0,145319.0,5.84,368933.0,8618024.0,33592.0,4.28,66.56241539818527,11.471003956090021
2005,NE,664983.0,9309209.0,772373.0,7.14,528813.0,8848232.0,146759.0,5.98,390638.0,8818503.0,37130.0,4.43,71.74674671434657,12.052737472697777
2006,NE,688822.0,9293507.0,782903.0,7.41,557784.0,9005505.0,149186.0,6.19,408990.0,8977280.0,38541.0,4.56,73.31921493893027,11.870572727400457
2007,NE,739995.0,9747547.0,790165.0,7.59,600511.0,9396455.0,151342.0,6.39,434831.0,9104398.0,39099.0,4.78,78.04224434137174,12.336090563363348
2008,NE,767610.0,9755626.0,795000.0,7.87,631156.0,9441477.0,153009.0,6.68,496380.0,9623918.0,40777.0,5.16,80.4622641509434,12.271227672955975
2009,NE,820292.0,9626939.0,799623.0,8.52,682811.0,9314288.0,154061.0,7.33,547119.0,9510967.0,41391.0,5.75,85.48736925609528,12.039347292411549
2010,NE,903393.0,10106673.0,801101.0,8.94,727801.0,9532438.0,154015.0,7.64,612988.0,10210349.0,45032.0,6.0,93.97410563711692,12.615978509576196
2011,NE,927342.0,9946973.0,805671.0,9.32,729849.0,9139410.0,148927.0,7.99,681020.0,10589701.0,51373.0,6.43,95.91818496632,12.346197144988462
2012,NE,972315.0,9680143.0,806524.0,10.04,773868.0,9232889.0,147463.0,8.38,834871.0,11914907.0,54160.0,7.01,100.46353239333239,12.00229999355258
2013,NE,1037786.0,10062159.0,810867.0,10.31,807459.0,9387074.0,148648.0,8.6,837384.0,11251372.0,56365.0,7.44,106.65394777030842,12.409136146865022
2014,NE,1043023.0,10028238.0,817425.0,10.4,831284.0,9525524.0,151382.0,8.73,797052.0,10668406.0,57429.0,7.47,106.33218134181526,12.268083310395449
2015,NE,1010527.0,9532132.0,825940.0,10.6,807429.0,9307834.0,149820.0,8.67,808820.0,10655107.0,60556.0,7.59,101.95726485378276,11.540949705789767
2016,NE,1055594.0,9738351.0,834038.0,10.84,818933.0,9306827.0,149812.0,8.8,857693.0,11154176.0,61613.0,7.69,105.47021438671459,11.676147849378566
2017,NE,1060436.0,9667990.0,841965.0,10.97,822118.0,9293401.0,151485.0,8.85,873216.0,11397616.0,62066.0,7.66,104.95646097719818,11.482650704007886
2018,NE,1114442.0,10412008.0,849898.0,10.7,843309.0,9553396.0,153749.0,8.83,833976.0,10974088.0,61968.0,7.6,109.2721322637148,12.250891283424599
2019,NE,1109655.0,10307905.0,855619.0,10.77,836870.0,9456725.0,153814.0,8.85,812630.0,10618560.0,62204.0,7.65,108.075264808285,12.047307271110155
2020,NE,1135271.0,10514944.0,864842.0,10.8,807988.0,9090239.0,155282.0,8.89,853740.0,11566353.0,62716.0,7.38,109.3909831699509,12.158225433084887
2021,NE,1127997.0,10492369.0,869656.0,10.75,815530.0,9260421.0,157335.0,8.81,914411.0,12588380.0,63253.0,7.26,108.08842806810969,12.064964767678255
2022,NE,1185532.0,10983649.0,877619.0,10.79,848420.0,9618755.0,158569.0,8.82,955199.0,13241701.0,63679.0,7.21,112.57086883184313,12.515281688295262
2023,NE,1195237.0,10670550.0,893123.0,11.2,986101.0,11260554.0,160540.0,8.76,888254.0,11640095.0,63824.0,7.63,111.52224646922467,11.94745852474967
2024,NE,1198161.0,10391014.0,905415.0,11.53,1081451.0,12885125.0,161501.0,8.39,912995.0,11914906.0,64672.0,7.66,110.27733138947333,11.476520711496939
1990,NH,356128.0,3444195.0,485545.0,10.34,191075.0,2010427.0,72114.0,9.5,255513.0,3418391.0,1627.0,7.47,61.12169486522018,7.093461986015714
1991,NH,348361.0,3356705.0,488074.0,10.38,194739.0,2029125.0,73456.0,9.6,242791.0,3265025.0,1618.0,7.44,59.47885634828598,6.877450960305199
1992,NH,389430.0,3428234.0,495958.0,11.36,215561.0,2077227.0,75185.0,10.38,272290.0,3332745.0,1666.0,8.17,65.43396819892007,6.912347416515108
1993,NH,420966.0,3420322.0,497966.0,12.31,233797.0,2122570.0,75705.0,11.01,280165.0,3099592.0,1642.0,9.04,70.44758075852569,6.868585405429286
1994,NH,442737.0,3430562.0,501886.0,12.91,351434.0,3220992.0,75322.0,10.91,203447.0,2182353.0,3214.0,9.32,73.51221193657524,6.835341093395711
1995,NH,454227.0,3364430.0,507610.0,13.5,367003.0,3225628.0,76819.0,11.38,218544.0,2286339.0,3364.0,9.56,74.56955142727685,6.627982112251532
1996,NH,460727.0,3429127.0,509671.0,13.44,366644.0,3245865.0,77122.0,11.32,213835.0,2343740.0,3268.0,9.16,75.33078528436319,6.7281187275713155
1997,NH,462136.0,3388586.0,510934.0,13.67,371059.0,3280150.0,78554.0,11.35,213310.0,2371725.0,3248.0,9.06,75.37437973071538,6.632140354722919
1998,NH,472566.0,3400757.0,524906.0,13.92,389225.0,3350640.0,81848.0,11.64,228036.0,2424867.0,3332.0,9.42,75.02390904276194,6.478792393304706
1999,NH,496490.0,3640161.0,535616.0,13.64,402786.0,3603568.0,83698.0,11.18,231351.0,2516311.0,3309.0,9.19,77.24594983470745,6.79621407874298
2000,NH,480832.0,3656134.0,542422.0,13.15,407847.0,3774447.0,85083.0,10.81,238119.0,2597404.0,3307.0,9.17,73.87114337791117,6.740386636235256
2001,NH,473388.0,3789290.0,546402.0,12.49,411913.0,3910770.0,86523.0,10.53,226210.0,2482550.0,3291.0,9.11,72.19775915900748,6.934985596685224
2002,NH,476046.0,4002520.0,554981.0,11.89,405019.0,4024499.0,89822.0,10.06,201963.0,2222292.0,3257.0,9.09,71.48082546970076,7.211994644861716
2003,NH,509432.0,4251834.0,563383.0,11.98,444673.0,4317817.0,95189.0,10.3,234189.0,2402891.0,3201.0,9.75,75.35311975453051,7.546968935874885
2004,NH,534912.0,4281738.0,571826.0,12.49,479678.0,4363073.0,97163.0,10.99,233196.0,2328498.0,3244.0,10.01,77.95378314382347,7.487833711653545
2005,NH,607193.0,4495376.0,580535.0,13.51,551733.0,4575721.0,99217.0,12.06,249478.0,2173531.0,3194.0,11.48,87.1599759991502,7.743505559526988
2006,NH,646112.0,4400597.0,587882.0,14.68,641808.0,4562553.0,100730.0,14.07,247582.0,2131193.0,3183.0,11.62,91.58754081034402,7.485510697725053
2007,NH,668467.0,4492870.0,592238.0,14.88,635856.0,4569789.0,101848.0,13.91,266612.0,2173197.0,3230.0,12.27,94.05945470120683,7.586257551862595
2008,NH,689168.0,4393951.0,594180.0,15.68,645907.0,4518095.0,102942.0,14.3,271233.0,2065243.0,3431.0,13.13,96.65533452264746,7.394983001783971
2009,NH,724703.0,4421522.0,591160.0,16.39,637711.0,4440760.0,92630.0,14.36,252162.0,1836211.0,3197.0,13.73,102.1583271308388,7.479399824074701
2010,NH,732038.0,4485469.0,597411.0,16.32,635979.0,4462438.0,104612.0,14.25,247747.0,1942167.0,3495.0,12.76,102.11256014145482,7.508179461041059
2011,NH,735832.0,4454088.0,599532.0,16.52,628829.0,4478106.0,104610.0,14.04,237521.0,1936413.0,3491.0,12.27,102.27866624856277,7.429274834370809
2012,NH,713388.0,4439208.0,601697.0,16.07,598371.0,4478420.0,104978.0,13.36,231041.0,1952633.0,3444.0,11.83,98.80222105145945,7.377813085323676
2013,NH,743587.0,4553871.0,603628.0,16.33,610718.0,4516866.0,105461.0,13.52,224839.0,1972539.0,3371.0,11.4,102.65525014302408,7.544167931242421
2014,NH,790656.0,4510487.0,606883.0,17.53,640173.0,4464530.0,105840.0,14.34,234900.0,1969064.0,3342.0,11.93,108.56787881683948,7.432218401240437
2015,NH,837549.0,4526948.0,607465.0,18.5,672092.0,4491173.0,105833.0,14.96,252331.0,1981028.0,3277.0,12.74,114.89674302223175,7.452195599746488
2016,NH,815783.0,4438407.0,612716.0,18.38,644623.0,4466192.0,106900.0,14.43,246798.0,2000357.0,3250.0,12.34,110.95175687703058,7.243824218724499
2017,NH,852981.0,4441497.0,618356.0,19.2,649944.0,4389838.0,107436.0,14.81,241347.0,1955926.0,3220.0,12.34,114.952794183286,7.182750713181403
2018,NH,913613.0,4641013.0,622671.0,19.69,702541.0,4442560.0,107805.0,15.81,263361.0,1962711.0,3176.0,13.42,122.27069618894514,7.453395131618463
2019,NH,903574.0,4506830.0,627257.0,20.05,682119.0,4280854.0,108247.0,15.93,251844.0,1923973.0,3193.0,13.09,120.04303392920816,7.184981594466064
2020,NH,911967.0,4790374.0,633234.0,19.04,621042.0,4029709.0,109068.0,15.41,245652.0,1873446.0,3180.0,13.11,120.01448121863324,7.564934921371878
2021,NH,959250.0,4831911.0,638267.0,19.85,662376.0,4106692.0,110003.0,16.13,266332.0,1928665.0,3180.0,13.81,125.24147417930114,7.570360053081234
2022,NH,1224085.0,4808322.0,642870.0,25.46,763434.0,4084625.0,110915.0,18.69,291573.0,1925183.0,3167.0,15.15,158.6745116949513,7.479462410751785
2023,NH,1310466.0,4654978.0,647007.0,28.15,826517.0,4050619.0,111302.0,20.4,303539.0,1925716.0,3125.0,15.76,168.78565456015158,7.1946331337991705
2024,NH,1134518.0,4847443.0,652608.0,23.4,796349.0,4105167.0,112277.0,19.4,317952.0,1961351.0,3116.0,16.21,144.86976357425388,7.427801988329901
1990,NJ,2123447.0,20497980.0,2898533.0,10.36,2400040.0,26838617.0,386093.0,8.94,1107443.0,15040847.0,12124.0,7.36,61.04947456753698,7.071846344340396
1991,NJ,2329103.0,21539103.0,2911150.0,10.81,2558934.0,27627097.0,389142.0,9.26,1152467.0,15031232.0,12945.0,7.67,66.67190514630529,7.398829672122701
1992,NJ,2232823.0,20547017.0,2931411.0,10.87,2557717.0,27403257.0,372185.0,9.33,1131970.0,14687420.0,13902.0,7.71,63.474068744824024,7.009258340096288
1993,NJ,2514344.0,22042043.0,2953736.0,11.41,2773722.0,28493042.0,376711.0,9.73,1180451.0,14595879.0,13868.0,8.09,70.93682938037342,7.462428260345542
1994,NJ,2555916.0,22153557.0,2976377.0,11.54,2888861.0,29357664.0,380778.0,9.84,1132092.0,14251230.0,13658.0,7.94,71.56116311878502,7.443128676239603
1995,NJ,2692070.0,22469707.0,3004951.0,11.98,3048506.0,29791577.0,386324.0,10.23,1140286.0,13988821.0,13583.0,8.15,74.65651408847155,7.477561863737545
1996,NJ,2713991.0,22632226.0,3023701.0,11.99,3111470.0,30152284.0,389987.0,10.32,1109074.0,13602503.0,13327.0,8.15,74.79771203127116,7.48494179814737
1997,NJ,2693102.0,22286447.0,3049903.0,12.08,3079386.0,29752874.0,397331.0,10.35,1084250.0,13369139.0,13209.0,8.11,73.58436208189791,7.307264198238435
1998,NJ,2642039.0,23190705.0,3075812.0,11.39,3140760.0,31127232.0,406894.0,10.09,1058844.0,13339168.0,12990.0,7.94,71.58107084134748,7.539701711287946
1999,NJ,2797643.0,24550826.0,3151285.0,11.4,3162662.0,32506105.0,434515.0,9.73,1007046.0,13121470.0,13438.0,7.67,73.98153980571946,7.79073489068745
2000,NJ,2521947.0,24547336.0,3185052.0,10.27,3027248.0,33112343.0,432580.0,9.14,1013120.0,11811562.0,12463.0,8.58,65.98393056063135,7.707044029422439
2001,NJ,2602692.0,25491423.0,3213276.0,10.21,3131790.0,34445279.0,423431.0,9.09,1058685.0,12706552.0,12687.0,8.33,67.49840349848566,7.933157002386349
2002,NJ,2820455.0,27171374.0,3250958.0,10.38,3154787.0,35429281.0,429278.0,8.9,885537.0,11475853.0,13334.0,7.72,72.29804773444218,8.357959100056044
2003,NJ,2921307.0,27367126.0,3279324.0,10.67,3334501.0,36616281.0,445949.0,9.11,975600.0,12214748.0,12419.0,7.99,74.23549792579202,8.345355933113044
2004,NJ,3147967.0,28020125.0,3311246.0,11.23,3792644.0,38073559.0,452563.0,9.96,1012090.0,11209578.0,12165.0,9.03,79.22412992974044,8.462109127500645
2005,NJ,3517736.0,29973443.0,3341396.0,11.74,4218309.0,39762419.0,455286.0,10.61,1157922.0,11862286.0,13666.0,9.76,87.73119578363854,8.970335452607234
2006,NJ,3676188.0,28621556.0,3372447.0,12.84,4582664.0,39437464.0,461461.0,11.62,1180090.0,11330599.0,13929.0,10.42,90.8387885710287,8.486880890937648
2007,NJ,4206786.0,29751647.0,3394474.0,14.14,5310199.0,40876070.0,465987.0,12.99,1110287.0,11013372.0,13579.0,10.08,103.27535282344188,8.764729675348818
2008,NJ,4559942.0,29111023.0,3409806.0,15.66,5693750.0,40569713.0,469341.0,14.03,1321728.0,10537289.0,13391.0,12.54,111.44187284164163,8.537442599373689
2009,NJ,4540655.0,27832944.0,3430837.0,16.31,5450132.0,39377041.0,476354.0,13.84,981062.0,8250104.0,13255.0,11.89,110.29026347409297,8.112581273899051
2010,NJ,5021997.0,30307268.0,3454840.0,16.57,5571154.0,40122547.0,478687.0,13.89,995278.0,8428639.0,12960.0,11.81,121.13433617765223,8.77240856305936
2011,NJ,4772503.0,29398870.0,3457325.0,16.23,5267798.0,39117745.0,481663.0,13.47,918011.0,8033254.0,12715.0,11.43,115.03361220982504,8.503357364436377
2012,NJ,4523770.0,28662958.0,3455302.0,15.78,4898822.0,38340478.0,489943.0,12.78,816326.0,7762331.0,12729.0,10.52,109.1021373336783,8.295355369805591
2013,NJ,4489692.0,28544638.0,3461109.0,15.73,4883739.0,38231099.0,482105.0,12.77,816914.0,7565722.0,12369.0,10.8,108.09858920941235,8.247251964615966
2014,NJ,4400228.0,27892582.0,3470874.0,15.78,5015629.0,38154090.0,511335.0,13.15,855757.0,7516616.0,12313.0,11.38,105.64649326557709,8.036183969801266
2015,NJ,4607270.0,29142283.0,3489111.0,15.81,4952384.0,38722730.0,512894.0,12.79,778985.0,7320398.0,12191.0,10.64,110.0392525966261,8.352351931480541
2016,NJ,4573774.0,29090726.0,3510141.0,15.72,4740342.0,38672407.0,514579.0,12.26,741084.0,7293070.0,11929.0,10.16,108.58476435372064,8.287623203740248
2017,NJ,4344094.0,27761879.0,3536087.0,15.65,4663077.0,37971404.0,517404.0,12.28,742874.0,7343012.0,11773.0,10.12,102.37526207170053,7.851016957444768
2018,NJ,4550431.0,29530689.0,3568044.0,15.41,4736982.0,38807065.0,521429.0,12.21,741934.0,7369106.0,11877.0,10.07,106.27744033799284,8.276436333184233
2019,NJ,4534973.0,28612555.0,3596834.0,15.85,4650585.0,38012684.0,523796.0,12.23,710108.0,6990063.0,11781.0,10.16,105.06862887380031,7.954927861558248
2020,NJ,4756754.0,29676857.0,3618587.0,16.03,4360716.0,35315617.0,526725.0,12.35,674041.0,6735377.0,11629.0,10.01,109.5444621524,8.201227993136548
2021,NJ,4921080.0,30090371.0,3648914.0,16.35,4585342.0,36137241.0,529178.0,12.69,705553.0,6593424.0,11503.0,10.7,112.38686359831995,8.246390843960697
2022,NJ,5031557.0,30062192.0,3675569.0,16.74,5138269.0,37374037.0,532838.0,13.75,818454.0,6753844.0,11427.0,12.12,114.07660056624339,8.178921957389454
2023,NJ,5030514.0,28414871.0,3702963.0,17.7,5052059.0,36082758.0,539427.0,14.0,727181.0,6223834.0,11246.0,11.68,113.20920570904975,7.673549803225147
2024,NJ,5743701.0,29692962.0,3735638.0,19.34,5431275.0,37086504.0,540221.0,14.64,757878.0,6351180.0,11251.0,11.93,128.12851512914258,7.948565144695498
1990,NM,318673.0,3565532.0,575602.0,8.94,363175.0,4464122.0,84555.0,8.14,219615.0,4412883.0,4964.0,4.98,46.13619016843814,6.194439908130965
1991,NM,332973.0,3665112.0,587595.0,9.08,373238.0,4532876.0,85129.0,8.23,219735.0,4546441.0,5158.0,4.83,47.222576774819395,6.2374798968677405
1992,NM,343593.0,3791300.0,600199.0,9.06,383013.0,4629914.0,86308.0,8.27,221148.0,4608808.0,5291.0,4.8,47.705427699812894,6.316738281803202
1993,NM,356547.0,3884263.0,615019.0,9.18,398181.0,4759364.0,88321.0,8.37,234228.0,4816121.0,5498.0,4.86,48.311109087686724,6.315679678188804
1994,NM,372718.0,4079696.0,645264.0,9.14,412649.0,4969552.0,92132.0,8.3,243500.0,5184192.0,5597.0,4.7,48.13507856215957,6.32252225445709
1995,NM,368148.0,4124028.0,650138.0,8.93,402916.0,5094369.0,94651.0,7.91,248868.0,5650560.0,5760.0,4.4,47.18844306900996,6.3433117276639726
1996,NM,386373.0,4328452.0,667619.0,8.93,420066.0,5295854.0,95988.0,7.93,257587.0,5920823.0,5997.0,4.35,48.22773168528757,6.4834164396160086
1997,NM,401723.0,4501977.0,683179.0,8.92,430683.0,5440427.0,97596.0,7.92,273248.0,6186941.0,5990.0,4.42,49.00167696411433,6.5897473429364775
1998,NM,410736.0,4641931.0,696901.0,8.85,444793.0,5703424.0,99466.0,7.8,276803.0,6185578.0,6048.0,4.47,49.114580119701365,6.660818394578283
1999,NM,400705.0,4649203.0,712334.0,8.62,443237.0,5891731.0,102483.0,7.52,252824.0,5957242.0,6166.0,4.24,46.877003390731495,6.526717803726903
2000,NM,412707.0,4937074.0,728046.0,8.36,470967.0,6673562.0,113364.0,7.06,257378.0,5492381.0,1493.0,4.69,47.23911675910588,6.781266568321232
2001,NM,436866.0,4999477.0,732626.0,8.74,513101.0,6843577.0,110147.0,7.5,287360.0,5271879.0,1429.0,5.45,49.6917936300377,6.824050743489857
2002,NM,445356.0,5238134.0,749590.0,8.5,505453.0,6999541.0,112524.0,7.22,237924.0,5315758.0,1420.0,4.48,49.51106604944036,6.9879987726623884
2003,NM,470965.0,5418038.0,765720.0,8.69,593171.0,8063236.0,124815.0,7.36,289527.0,5849217.0,3774.0,4.95,51.25513677758624,7.075743091469467
2004,NM,488387.0,5634821.0,781683.0,8.67,608971.0,8238750.0,126511.0,7.39,311796.0,5972164.0,4010.0,5.22,52.06575640850149,7.208575599059977
2005,NM,535571.0,5864834.0,797024.0,9.13,656769.0,8410621.0,128500.0,7.81,356998.0,6363496.0,4030.0,5.61,55.99695450408854,7.358415806801301
2006,NM,544295.0,6009427.0,815799.0,9.06,655056.0,8603697.0,130201.0,7.61,379913.0,6821833.0,5497.0,5.57,55.59937762447205,7.366308367624868
2007,NM,582486.0,6387363.0,831081.0,9.12,684594.0,8931612.0,132379.0,7.66,388866.0,6948419.0,5621.0,5.6,58.406460982744164,7.685608262010562
2008,NM,638503.0,6378856.0,841331.0,10.01,765249.0,8828166.0,133782.0,8.67,436092.0,6831086.0,6456.0,6.38,63.24334100768109,7.581862548747163
2009,NM,651891.0,6503772.0,844865.0,10.02,733525.0,8734170.0,135702.0,8.4,366504.0,6409194.0,6837.0,5.72,64.29932592781095,7.698001455853894
2010,NM,710548.0,6752473.0,853811.0,10.52,772589.0,9015729.0,135580.0,8.57,400122.0,6660142.0,7259.0,6.01,69.35063302456086,7.908627319160798
2011,NM,755858.0,6873748.0,856128.0,11.0,840053.0,9257633.0,136678.0,9.07,418868.0,6910284.0,7603.0,6.06,73.57330523784606,8.028878859236002
2012,NM,769384.0,6763820.0,859281.0,11.38,854645.0,9165533.0,137413.0,9.32,422675.0,7249215.0,8238.0,5.83,74.61509486807381,7.8714879067499455
2013,NM,794916.0,6803987.0,865195.0,11.68,874970.0,8982563.0,138801.0,9.74,462597.0,7278476.0,8676.0,6.36,76.56424274296546,7.864108091239547
2014,NM,812034.0,6611970.0,869875.0,12.28,921898.0,8976354.0,139873.0,10.27,497592.0,7526898.0,9112.0,6.61,77.79221152464434,7.6010576232217275
2015,NM,828169.0,6641724.0,871047.0,12.47,914719.0,8877046.0,142031.0,10.3,479753.0,7574783.0,9348.0,6.33,79.23118193775231,7.624989237090536
2016,NM,799336.0,6642511.0,876921.0,12.03,858346.0,8805876.0,141723.0,9.75,443256.0,7591160.0,9325.0,5.84,75.9604723040426,7.574811185956317
2017,NM,836772.0,6497207.0,880867.0,12.88,895321.0,8784312.0,143326.0,10.19,475597.0,7728065.0,9395.0,6.15,79.16178038228246,7.375922812410955
2018,NM,865755.0,6826442.0,889841.0,12.68,905498.0,9035272.0,143874.0,10.02,478397.0,8186897.0,9360.0,5.84,81.07768691260573,7.671530082340553
2019,NM,859664.0,6871561.0,895086.0,12.51,884212.0,9028861.0,144960.0,9.79,492124.0,8979712.0,9456.0,5.48,80.03551241631158,7.676984111023969
2020,NM,942023.0,7282079.0,905885.0,12.94,863824.0,8406884.0,145459.0,10.28,507044.0,9088192.0,9436.0,5.58,86.65770673613832,8.03863514684535
2021,NM,958086.0,7088358.0,914495.0,13.52,935011.0,8655826.0,146312.0,10.8,594168.0,9649559.0,9271.0,6.16,87.30556208617871,7.751117283309368
2022,NM,1008182.0,7282636.0,921109.0,13.84,1006037.0,9084022.0,147142.0,11.07,707421.0,10789520.0,9278.0,6.56,91.21088456053155,7.906378072519105
2023,NM,1015785.0,7336277.0,928216.0,13.85,998732.0,9349407.0,147632.0,10.68,670790.0,11661806.0,9339.0,5.75,91.19509898558094,7.9036312668603
2024,NM,1043283.0,7347620.0,936098.0,14.2,1011137.0,9592789.0,148104.0,10.54,725316.0,13355945.0,9256.0,5.43,92.87515837017065,7.849199549619804
1990,NV,315919.0,5539534.0,487491.0,5.7,239153.0,3865557.0,72146.0,6.19,294048.0,6262803.0,785.0,4.7,54.004244864691515,11.363356451708851
1991,NV,340692.0,5781827.0,515289.0,5.89,252156.0,3986737.0,76047.0,6.32,305520.0,6172512.0,838.0,4.95,55.09723669630052,11.22055196210282
1992,NV,375253.0,6064333.0,535548.0,6.19,264315.0,4174994.0,78424.0,6.33,331097.0,6723203.0,904.0,4.92,58.39081339736743,11.323603113072965
1993,NV,408802.0,6280698.0,557136.0,6.51,279941.0,4297615.0,81141.0,6.51,362033.0,7180913.0,987.0,5.04,61.14635086107043,11.273186439217714
1994,NV,489804.0,6844708.0,585637.0,7.16,321563.0,4611836.0,84314.0,6.97,423479.0,7774863.0,1025.0,5.45,69.69675754776422,11.687629026171502
1995,NV,473281.0,6655122.0,615690.0,7.11,319402.0,4731450.0,87689.0,6.75,428771.0,8495716.0,1091.0,5.05,64.05834646223478,10.809209179944453
1996,NV,519274.0,7526332.0,651884.0,6.9,340491.0,5150392.0,93330.0,6.61,444851.0,9074624.0,1162.0,4.9,66.38118642785118,11.545508096532512
1997,NV,527934.0,7801402.0,689345.0,6.77,344216.0,5453694.0,97908.0,6.31,449695.0,10034363.0,1229.0,4.48,63.82072837258557,11.317122775968492
1998,NV,558188.0,7974769.0,724723.0,7.0,367665.0,5655038.0,102805.0,6.5,480459.0,10518385.0,1286.0,4.57,64.18406296842609,11.003885622506806
1999,NV,597709.0,8385628.0,760262.0,7.13,402593.0,6048821.0,108077.0,6.66,517603.0,10860728.0,1358.0,4.77,65.51568187458183,11.029918633313253
2000,NV,684851.0,9406302.0,794493.0,7.28,441376.0,6548291.0,112192.0,6.74,559967.0,11238847.0,1462.0,4.98,71.8331271221605,11.83937681011664
2001,NV,871875.0,9606869.0,828100.0,9.08,565310.0,6693111.0,115820.0,8.45,737650.0,11238936.0,1909.0,6.56,87.7384977659703,11.601097693515277
2002,NV,914611.0,9702083.0,857619.0,9.43,682672.0,7537882.0,119387.0,9.06,824237.0,11372586.0,1849.0,7.25,88.87114596730406,11.312812565952946
2003,NV,932216.0,10339935.0,891417.0,9.02,717570.0,8167940.0,125534.0,8.79,849020.0,11623785.0,2124.0,7.3,87.14739192394431,11.599436627302374
2004,NV,1034037.0,10672590.0,933650.0,9.69,751651.0,8275330.0,130761.0,9.08,895010.0,12364386.0,2889.0,7.24,92.29341830450382,11.431039468751674
2005,NV,1129616.0,11079816.0,978989.0,10.2,807513.0,8515904.0,136984.0,9.48,994381.0,12896931.0,3360.0,7.71,96.15497892894268,11.317610310228204
2006,NV,1327029.0,11978120.0,1022122.0,11.08,908396.0,8975373.0,143217.0,10.12,1093540.0,13624581.0,3404.0,8.03,108.1923195078474,11.718875046227359
2007,NV,1464211.0,12390180.0,1047485.0,11.82,943809.0,9352037.0,149294.0,10.09,1150536.0,13892692.0,3499.0,8.28,116.48623448864025,11.828503510790132
2008,NV,1438714.0,12060515.0,1054691.0,11.93,936798.0,9303932.0,152735.0,10.07,1103371.0,13819778.0,3608.0,7.98,113.67579066601814,11.435117015315386
2009,NV,1527406.0,11880150.0,1054927.0,12.86,952520.0,8950123.0,153621.0,10.64,1071906.0,13445042.0,3648.0,7.97,120.65653200016051,11.261584924833661
2010,NV,1435699.0,11614669.0,1058519.0,12.36,877691.0,8969727.0,154455.0,9.79,971592.0,13179708.0,3484.0,7.37,113.02733662157537,10.972565442849868
2011,NV,1334069.0,11493279.0,1067944.0,11.61,814444.0,8995162.0,155395.0,9.05,891991.0,13419961.0,3506.0,6.65,104.09948149590865,10.7620614938611
2012,NV,1433832.0,12122718.0,1080583.0,11.83,822471.0,9314611.0,155927.0,8.83,890523.0,13734461.0,3748.0,6.48,110.57549489488544,11.218682877668813
2013,NV,1444315.0,12142431.0,1094770.0,11.89,838527.0,9301939.0,158355.0,9.01,896458.0,13758569.0,3783.0,6.52,109.94052023103787,11.091307763274477
2014,NV,1541121.0,11916521.0,1110535.0,12.93,892029.0,9418091.0,157984.0,9.47,977320.0,13732695.0,3691.0,7.12,115.64403643289046,10.730432629318301
2015,NV,1574103.0,12338538.0,1126220.0,12.76,889432.0,9613997.0,160492.0,9.25,948626.0,14058811.0,3682.0,6.75,116.47391273463444,10.955708476141428
2016,NV,1447619.0,12691942.0,1143667.0,11.41,787864.0,9929076.0,161594.0,7.93,794576.0,13515234.0,3654.0,5.88,105.4808057473606,11.097585223670876
2017,NV,1550498.0,12936791.0,1263101.0,11.99,885747.0,11122755.0,163356.0,7.96,774689.0,12589549.0,3447.0,6.15,102.2944061216535,10.242087529025786
2018,NV,1593360.0,13449743.0,1183660.0,11.85,938631.0,12123896.0,164982.0,7.74,744443.0,12198273.0,3446.0,6.1,112.17748339894904,11.362843215112449
2019,NV,1544743.0,12867637.0,1204996.0,12.0,938867.0,11681186.0,167628.0,8.04,762826.0,12425536.0,3265.0,6.14,106.82905448095539,10.678572377003741
2020,NV,1624395.0,14321607.0,1226566.0,11.34,892503.0,11983740.0,169743.0,7.45,669293.0,11924592.0,3316.0,5.61,110.36197807537467,11.67618130618328
2021,NV,1651794.0,14373357.0,1249392.0,11.49,954732.0,12293815.0,171686.0,7.77,743879.0,12359543.0,3303.0,6.02,110.17318823875934,11.504281282415768
2022,NV,1971542.0,14306529.0,1270155.0,13.78,1260723.0,12427663.0,173757.0,10.14,1068731.0,12578639.0,3386.0,8.5,129.35048609552902,11.26360877215773
2023,NV,2251643.0,13508820.0,1288498.0,16.67,1472654.0,12366846.0,174042.0,11.91,1280856.0,12366508.0,4784.0,10.36,145.62453078442238,10.484160627335083
2024,NV,2194081.0,14631493.0,1311755.0,15.0,1453207.0,14259288.0,177740.0,10.19,1016117.0,11766220.0,4786.0,8.64,139.38584822114902,11.154135490240174
1990,NY,4414188.0,38574310.0,6265737.0,11.44,4911434.0,46921092.0,818952.0,10.47,1846248.0,31929350.0,11874.0,5.78,58.70801790755022,6.156388306754656
1991,NY,4689930.0,39177425.0,6309494.0,11.97,5098821.0,46981962.0,819539.0,10.85,1917863.0,31111530.0,11536.0,6.16,61.94276434845647,6.209281600077597
1992,NY,4812888.0,38719529.0,6355082.0,12.43,5204306.0,46591364.0,817710.0,11.17,2017377.0,31027286.0,11860.0,6.5,63.11075136402646,6.092687553048096
1993,NY,5255743.0,39897465.0,6398401.0,13.17,5563929.0,47728275.0,817583.0,11.66,2011615.0,30187053.0,11991.0,6.66,68.4512557642657,6.23553681615141
1994,NY,5434577.0,40104842.0,6431747.0,13.55,5699518.0,48827585.0,822317.0,11.67,1996349.0,29466764.0,11845.0,6.77,70.41343769689117,6.23545080364635
1995,NY,5543666.0,39887485.0,6468964.0,13.9,6289639.0,52751202.0,824289.0,11.92,1465961.0,25317222.0,15016.0,5.79,71.41362460305339,6.165977272404051
1996,NY,5654401.0,40284542.0,6495366.0,14.04,6389811.0,52915305.0,828392.0,12.08,1459358.0,25947477.0,14575.0,5.62,72.54403883219719,6.202043426036346
1997,NY,5656470.0,40059254.0,6515936.0,14.12,6577455.0,54230715.0,840835.0,12.13,1314146.0,25284881.0,8497.0,5.2,72.34148708642932,6.147889420645016
1998,NY,5523191.0,40563199.0,6544866.0,13.66,6375632.0,55744980.0,846075.0,11.63,1247142.0,25217943.0,9023.0,4.95,70.32472730024827,6.197712680442961
1999,NY,5679614.0,42919230.0,6652168.0,13.23,5851665.0,57894373.0,865427.0,10.11,1224481.0,25835437.0,8969.0,4.74,71.14991182824407,6.45191612719342
2000,NY,6009788.0,43017570.0,6710008.0,13.97,7562390.0,59764162.0,881118.0,12.65,1388596.0,25838297.0,8718.0,5.37,74.63711916091108,6.410956589023441
2001,NY,6209193.0,44235593.0,7498723.0,14.04,7826528.0,60806218.0,1035608.0,12.87,1413986.0,25449717.0,14695.0,5.56,69.00278220705046,5.899083483947867
2002,NY,6294512.0,46457030.0,7437949.0,13.55,7680734.0,62270518.0,1052598.0,12.33,1301942.0,25148005.0,13715.0,5.18,70.52248767323717,6.245946295141309
2003,NY,6742612.0,47115887.0,6875329.0,14.31,9372473.0,72495187.0,977887.0,12.93,1552260.0,21744508.0,23625.0,7.14,81.72471940373084,6.852891985241724
2004,NY,6889582.0,47378876.0,6794431.0,14.54,9654300.0,74377929.0,981964.0,12.98,1455397.0,20675049.0,10132.0,7.04,84.50035526644297,6.973192604354949
2005,NY,7945034.0,50532850.0,6787382.0,15.72,11030745.0,76821809.0,988891.0,14.36,1640646.0,19946551.0,9217.0,8.23,97.54661910389996,7.4451165412525775
2006,NY,8181162.0,48426749.0,6829269.0,16.89,11792954.0,76028586.0,1004967.0,15.51,1406615.0,14976420.0,9115.0,9.39,99.8296450176439,7.091058940568895
2007,NY,8590669.0,50241444.0,6933304.0,17.1,11829257.0,74326104.0,1016069.0,15.92,1760986.0,20212582.0,12834.0,8.71,103.25367001552699,7.246392773200195
2008,NY,8978154.0,49033950.0,6897087.0,18.31,12999868.0,77415596.0,1032105.0,16.79,1379414.0,14685311.0,8779.0,9.39,108.47760801045428,7.109370956173237
2009,NY,8442903.0,48245841.0,6916413.0,17.5,11660183.0,75347118.0,1034835.0,15.48,1123273.0,13416581.0,8565.0,8.37,101.72545364193839,6.975558139746716
2010,NY,9547884.0,50945648.0,6954916.0,18.74,12601107.0,77275676.0,1038260.0,16.31,1184683.0,13480462.0,8364.0,8.79,114.40210061487443,7.32512772260657
2011,NY,9356966.0,51239599.0,6987631.0,18.26,12079373.0,76405800.0,1035992.0,15.81,1051444.0,13420153.0,8222.0,7.83,111.58963125938772,7.332899948494704
2012,NY,8929713.0,50691506.0,7010740.0,17.62,11445525.0,76017962.0,1038268.0,15.06,917700.0,13705330.0,8144.0,6.7,106.14325306601016,7.230549984737703
2013,NY,9543510.0,50777369.0,7027866.0,18.79,11721657.0,76342319.0,1040398.0,15.35,1179389.0,17910950.0,7960.0,6.58,113.16272962518066,7.225147576803542
2014,NY,10031316.0,49974914.0,7046829.0,20.07,12340776.0,76540813.0,1045571.0,16.12,1184255.0,18002976.0,7862.0,6.58,118.62683201195885,7.091830098332172
2015,NY,9456188.0,51012745.0,7079097.0,18.54,11785740.0,77005625.0,1055136.0,15.31,1140573.0,18079200.0,7630.0,6.31,111.31584532132653,7.206109055999656
2016,NY,8933623.0,50831287.0,7118901.0,17.58,11054211.0,76506968.0,1072896.0,14.45,1067777.0,17709218.0,7646.0,6.03,104.57633605711517,7.140327839929225
2017,NY,8849146.0,49080757.0,7144413.0,18.03,11111277.0,75333485.0,1089889.0,14.75,1055297.0,17811455.0,6997.0,5.92,103.2175538190938,6.869809598073347
2018,NY,9658622.0,52153246.0,7190906.0,18.52,11128003.0,76745463.0,1106650.0,14.5,1087828.0,18076792.0,6884.0,6.02,111.93098152954116,7.252666910122313
2019,NY,8995439.0,50141003.0,7235400.0,17.94,10556658.0,75090820.0,1121107.0,14.06,985033.0,17548457.0,7607.0,5.61,103.60448857929993,6.929955911214307
2020,NY,9596805.0,52257144.0,7239162.0,18.36,10044876.0,68988817.0,1143347.0,14.56,920958.0,16610457.0,7535.0,5.54,110.4732495280531,7.218673100560535
2021,NY,10161755.0,52156882.0,7256212.0,19.48,11238347.0,69920488.0,1161852.0,16.07,1071636.0,16891152.0,7313.0,6.34,116.70178829762233,7.187893903871607
2022,NY,11531652.0,52227413.0,7346236.0,22.08,13132991.0,72205589.0,1166974.0,18.19,1221472.0,16177769.0,7333.0,7.55,130.81134338728023,7.109411268573457
2023,NY,11147682.0,50113258.0,7384444.0,22.25,12866330.0,71422184.0,1180841.0,18.01,1042211.0,15173534.0,7178.0,6.87,125.80141443282663,6.7863278535256
2024,NY,12424305.0,50857373.0,7420214.0,24.43,13337112.0,71053178.0,1163769.0,18.77,1450058.0,15804738.0,16605.0,9.17,139.53219543263847,6.853895723223077
1990,OH,3048951.0,37889450.0,4211924.0,8.05,2268893.0,30540857.0,453321.0,7.43,2807913.0,69681659.0,31255.0,4.03,60.323797390456235,8.995758233054538
1991,OH,3339525.0,40942449.0,4251561.0,8.16,2434501.0,32325493.0,459644.0,7.53,2849833.0,67856138.0,31487.0,4.2,65.45684044048762,9.629980376619317
1992,OH,3224509.0,39140657.0,4293939.0,8.24,2409352.0,31818312.0,465403.0,7.57,2884988.0,69674159.0,31973.0,4.14,62.57869134455178,9.115326743113958
1993,OH,3507579.0,41950456.0,4337744.0,8.36,2527869.0,33298608.0,470231.0,7.59,2924264.0,68831023.0,32090.0,4.25,67.38485489231269,9.671030839994247
1994,OH,3576381.0,41791275.0,4385164.0,8.56,2628318.0,34053066.0,477217.0,7.72,3061056.0,74010054.0,31100.0,4.14,67.96364970614555,9.530150981810486
1995,OH,3784436.0,44010400.0,4437166.0,8.6,2730572.0,35549248.0,485465.0,7.68,3103540.0,74473401.0,31437.0,4.17,71.07457027000267,9.918583167724623
1996,OH,3831178.0,44573250.0,4482452.0,8.6,2777827.0,36034487.0,492897.0,7.71,3086447.0,73394154.0,31305.0,4.21,71.22548849007939,9.943943627282568
1997,OH,3764614.0,43634915.0,4543083.0,8.63,2788990.0,36373148.0,499578.0,7.67,3075576.0,73888462.0,31437.0,4.16,69.05395154201086,9.604692452240032
1998,OH,3874682.0,44516171.0,4581539.0,8.7,2949523.0,38471813.0,508912.0,7.67,3142188.0,72998337.0,30795.0,4.3,70.47635448845173,9.716423018553373
1999,OH,4045743.0,46628504.0,4630054.0,8.68,3025175.0,39461042.0,517069.0,7.67,3213686.0,74292951.0,29990.0,4.33,72.81669933007261,10.070833731096872
2000,OH,4002196.0,46488137.0,4684127.0,8.61,3102406.0,40757137.0,527626.0,7.61,3236887.0,74019337.0,29631.0,4.37,71.20138572957849,9.92461071187865
2001,OH,3963002.0,47346163.0,4735568.0,8.37,3332775.0,39372078.0,535664.0,8.46,2780426.0,65098733.0,29512.0,4.27,69.73823766582312,9.997990314994949
2002,OH,4193307.0,50863643.0,4767519.0,8.24,3119398.0,39924173.0,541838.0,7.81,2845281.0,58471510.0,29483.0,4.87,73.29645671050288,10.668786637242558
2003,OH,4100423.0,49620578.0,4791889.0,8.26,3377409.0,44736571.0,583171.0,7.55,2767674.0,57827582.0,22247.0,4.79,71.30839563826846,10.355118409462323
2004,OH,4251139.0,50300038.0,4829559.0,8.45,3510019.0,45313453.0,590980.0,7.75,2863503.0,58558349.0,21860.0,4.89,73.3527809336905,10.415037480647818
2005,OH,4585518.0,53904244.0,4869165.0,8.51,3716338.0,46869755.0,600275.0,7.93,3029490.0,59354379.0,21812.0,5.1,78.47885623099648,11.070531395013314
2006,OH,4800765.0,51375232.0,4892005.0,9.34,3893020.0,46140704.0,605189.0,8.44,3132921.0,55869283.0,21537.0,5.61,81.77909670983574,10.50187642898975
2007,OH,5203953.0,54375759.0,4894635.0,9.57,4174946.0,48128512.0,609250.0,8.67,3413034.0,59218957.0,21346.0,5.76,88.59960957252174,11.109257176479963
2008,OH,5371439.0,53410599.0,4891891.0,10.06,4367404.0,47310241.0,612492.0,9.23,3632274.0,58620567.0,21201.0,6.2,91.50243058699931,10.918190736465714
2009,OH,5484445.0,51405162.0,4880393.0,10.67,4380258.0,45369743.0,613740.0,9.65,3325884.0,49485875.0,21088.0,6.72,93.64759832524418,10.532996420575147
2010,OH,6161970.0,54474377.0,4877229.0,11.31,4528123.0,46525627.0,612974.0,9.73,3397912.0,53109368.0,20693.0,6.4,105.28468111708513,11.169124312186284
2011,OH,6133425.0,53687111.0,4874482.0,11.42,4534851.0,47111763.0,611235.0,9.63,3298277.0,53913437.0,19712.0,6.12,104.85601341845144,11.013911016596225
2012,OH,6148489.0,52287769.0,4869305.0,11.76,4428644.0,46755882.0,613259.0,9.47,3328313.0,53379284.0,19602.0,6.24,105.22530080439269,10.738240672950246
2013,OH,6264302.0,52158094.0,4875346.0,12.01,4367476.0,46717859.0,613964.0,9.35,3196429.0,51387011.0,19360.0,6.22,107.0744859270843,10.698336897524811
2014,OH,6598181.0,52804334.0,4882159.0,12.5,4618293.0,47004594.0,619293.0,9.83,3440917.0,50829251.0,19209.0,6.77,112.62402897297419,10.815775151935854
2015,OH,6590569.0,51492954.0,4892916.0,12.8,4743183.0,47123923.0,620810.0,10.07,3548736.0,50556675.0,19151.0,7.02,112.24678358127001,10.5239807918223
2016,OH,6551231.0,52524141.0,4911597.0,12.47,4762070.0,47742269.0,623730.0,9.97,3508525.0,50290693.0,19095.0,6.98,111.15242489696664,10.693902818166881
2017,OH,6287043.0,49795540.0,4936471.0,12.63,4639989.0,46158399.0,627168.0,10.05,3503104.0,50650671.0,18664.0,6.92,106.13254894032599,10.087274897391275
2018,OH,6839823.0,54451714.0,4964855.0,12.56,4768817.0,47191540.0,630210.0,10.11,3591707.0,51235995.0,18715.0,7.01,114.80400736778819,10.967432885753965
2019,OH,6464453.0,52226097.0,4980931.0,12.38,4469895.0,46008937.0,632794.0,9.72,3292193.0,50249178.0,19798.0,6.55,108.15335861240935,10.485207885834997
2020,OH,6457167.0,52552770.0,5014959.0,12.29,4116142.0,43204165.0,636519.0,9.53,2884078.0,46823365.0,19746.0,6.16,107.29843454353266,10.47920232249157
2021,OH,6789217.0,53171193.0,5041904.0,12.77,4385397.0,44980452.0,640013.0,9.75,3246519.0,49529406.0,19556.0,6.55,112.21318044400158,10.545855890949133
2022,OH,7384055.0,53312216.0,5082414.0,13.85,4789696.0,46090803.0,631665.0,10.39,3729572.0,50062730.0,19383.0,7.45,121.0719781321763,10.489546109388177
2023,OH,7646822.0,49713538.0,5110814.0,15.38,4984353.0,46351291.0,624926.0,10.75,3554411.0,50545890.0,19087.0,7.03,124.68369356949141,9.727127224743455
2024,OH,8340151.0,52174356.0,5142108.0,15.99,5418173.0,50813610.0,627393.0,10.66,3596997.0,50687764.0,18237.0,7.1,135.16102410399262,10.14649167228693
1990,OK,1124493.0,17077366.0,1507884.0,6.58,668063.0,11633983.0,222492.0,5.74,427323.0,11763696.0,14877.0,3.63,62.145198171742656,11.325384446018393
1991,OK,1077660.0,15324941.0,1358653.0,7.03,643299.0,10586713.0,186799.0,6.08,439794.0,11414862.0,15548.0,3.85,66.0985549658375,11.279510662398714
1992,OK,1022185.0,14253849.0,1373881.0,7.17,631126.0,10338403.0,187854.0,6.1,448006.0,11598900.0,16577.0,3.86,62.00106365349935,10.374878901447797
1993,OK,1135886.0,15901344.0,1390297.0,7.14,671884.0,10823963.0,189653.0,6.21,483891.0,11698989.0,16274.0,4.14,68.08413358200922,11.437372014756559
1994,OK,1133624.0,16127874.0,1408287.0,7.03,676875.0,11120787.0,191869.0,6.09,476529.0,11721409.0,16137.0,4.07,67.08055010567212,11.452121620095904
1995,OK,1113032.0,16319162.0,1428063.0,6.82,642246.0,11114527.0,194458.0,5.78,439592.0,11714291.0,16157.0,3.75,64.94998236539051,11.427480440288699
1996,OK,1160217.0,17302792.0,1441768.0,6.71,670158.0,11552577.0,194938.0,5.8,459081.0,12160194.0,17681.0,3.78,67.05985290282486,12.001093102357661
1997,OK,1151872.0,17375599.0,1458764.0,6.63,673038.0,11754259.0,198942.0,5.73,464983.0,12801828.0,15980.0,3.63,65.80182492393104,11.911178915849309
1998,OK,1281560.0,19510723.0,1476051.0,6.57,704635.0,12458949.0,201479.0,5.66,481099.0,13174693.0,15853.0,3.65,72.35296522048809,13.218190292882834
1999,OK,1208052.0,18301131.0,1495399.0,6.6,691895.0,12398450.0,203523.0,5.58,478252.0,13271058.0,15334.0,3.6,67.3204943964788,12.238292923828356
2000,OK,1379786.0,19640229.0,1514670.0,7.03,805464.0,13115234.0,202080.0,6.14,569825.0,13934901.0,15371.0,4.09,75.91235494640198,12.966671948345184
2001,OK,1438610.0,19795853.0,1524652.0,7.27,860733.0,13551964.0,207143.0,6.35,572824.0,13356189.0,10011.0,4.29,78.63051153093734,12.983850085134181
2002,OK,1340804.0,19927272.0,1542470.0,6.73,752626.0,13097069.0,205371.0,5.75,490904.0,12897521.0,15884.0,3.81,72.43814574459579,12.919066173086025
2003,OK,1506985.0,20161967.0,1555022.0,7.47,1082721.0,16958301.0,233102.0,6.38,610925.0,13307900.0,17318.0,4.59,80.75903963630954,12.96571173912652
2004,OK,1520291.0,19699041.0,1569162.0,7.72,1115594.0,17020382.0,238616.0,6.55,676710.0,14222619.0,17420.0,4.76,80.73794590148542,12.553860595655516
2005,OK,1694692.0,21309314.0,1588574.0,7.95,1223298.0,17477404.0,243456.0,7.0,761975.0,14920384.0,17756.0,5.11,88.90006592914987,13.414114797296191
2006,OK,1854266.0,21690395.0,1616987.0,8.55,1336178.0,18196669.0,249947.0,7.34,819271.0,15018250.0,17810.0,5.46,95.56178662331031,13.414081251117047
2007,OK,1833710.0,21360557.0,1617944.0,8.58,1366509.0,18634445.0,258573.0,7.33,822830.0,15198198.0,17579.0,5.41,94.44651153974839,13.20228450428445
2008,OK,1987249.0,21861112.0,1633265.0,9.09,1498558.0,19022303.0,264439.0,7.88,907742.0,15395451.0,17620.0,5.9,101.3944971167161,13.384914266821367
2009,OK,1836899.0,21640955.0,1643674.0,8.49,1261400.0,18670167.0,266111.0,6.76,686053.0,14233458.0,17752.0,4.82,93.12973051022688,13.166208749423548
2010,OK,2164328.0,23688861.0,1660653.0,9.14,1415038.0,19005132.0,261932.0,7.45,810789.0,15151987.0,18356.0,5.35,108.60828039732964,14.264786803745274
2011,OK,2313030.0,24425027.0,1667223.0,9.47,1489888.0,19612922.0,264782.0,7.6,863213.0,15808845.0,18242.0,5.46,115.61290841117234,14.650125987945223
2012,OK,2168292.0,22809680.0,1679296.0,9.51,1461115.0,19961143.0,268014.0,7.32,842885.0,16569801.0,18242.0,5.09,107.59925587865392,13.582882350699341
2013,OK,2244427.0,23199968.0,1693151.0,9.67,1541200.0,19843129.0,271698.0,7.77,927308.0,16886075.0,18471.0,5.49,110.4659793091894,13.7022439227216
2014,OK,2343199.0,23351144.0,1710352.0,10.03,1654314.0,20448774.0,275276.0,8.09,1038884.0,17773456.0,18238.0,5.85,114.1674832627046,13.652829359102688
2015,OK,2293592.0,22615824.0,1723938.0,10.14,1588067.0,20691105.0,277386.0,7.68,964329.0,18029456.0,18688.0,5.35,110.8698031290375,13.118699164355098
2016,OK,2323581.0,22789715.0,1736819.0,10.2,1585720.0,20695703.0,278027.0,7.66,904809.0,18031136.0,19096.0,5.02,111.48643007705466,13.12152561665896
2017,OK,2316983.0,21837596.0,1751034.0,10.61,1661847.0,20498860.0,281267.0,8.11,984080.0,18155672.0,18782.0,5.42,110.26737154542212,12.47125755410803
2018,OK,2484031.0,24116808.0,1764980.0,10.3,1712885.0,21229143.0,282875.0,8.07,1027324.0,19229365.0,18700.0,5.34,117.28324589136042,13.664068714659656
2019,OK,2429743.0,23805972.0,1777156.0,10.21,1603441.0,20085991.0,285641.0,7.98,1059116.0,20903983.0,19905.0,5.07,113.93405155953296,13.395544341633487
2020,OK,2350122.0,23232473.0,1795629.0,10.12,1463053.0,18698988.0,290192.0,7.82,938950.0,20367844.0,20468.0,4.61,109.06679497824996,12.938348066332187
2021,OK,2612424.0,23745867.0,1818813.0,11.0,1739517.0,19999312.0,296856.0,8.7,1143471.0,20779958.0,20174.0,5.5,119.69454803764874,13.05569456563154
2022,OK,3170141.0,25479144.0,1839083.0,12.44,2296387.0,22211526.0,300361.0,10.34,1516985.0,21796272.0,20064.0,6.96,143.64681565033587,13.854265413795897
2023,OK,2877138.0,23817506.0,1857151.0,12.08,2158268.0,23117487.0,304896.0,9.34,1379920.0,22043847.0,19874.0,6.26,129.10178009219499,12.8247546914602
2024,OK,2977075.0,24328279.0,1878818.0,12.24,2267616.0,25412391.0,298476.0,8.92,1305145.0,22343103.0,20002.0,5.84,132.04556446304716,12.948715096406358
1990,OR,727264.0,15379614.0,1173617.0,4.73,542607.0,11319208.0,166965.0,4.79,489503.0,15498134.0,6922.0,3.16,51.639788221654364,13.104457416687046
1991,OR,767601.0,15949119.0,1200648.0,4.81,563116.0,11614083.0,169473.0,4.85,481756.0,15296762.0,6924.0,3.15,53.27685549803106,13.283759269994203
1992,OR,749656.0,15202148.0,1223643.0,4.93,576313.0,11818379.0,172879.0,4.88,486231.0,15123151.0,6898.0,3.22,51.05356164611192,12.42367912863474
1993,OR,838082.0,16696260.0,1243257.0,5.02,601479.0,12205080.0,175811.0,4.93,499306.0,15012281.0,6591.0,3.33,56.175164641475305,13.42945183497861
1994,OR,876863.0,16462155.0,1271254.0,5.33,629124.0,12659575.0,180525.0,4.97,523110.0,15071945.0,7084.0,3.47,57.480186230813565,12.949540375094198
1995,OR,895128.0,16314688.0,1298550.0,5.49,652891.0,12899706.0,184477.0,5.06,550266.0,15839121.0,7056.0,3.47,57.44407223441531,12.563773439605715
1996,OR,984324.0,17284645.0,1324368.0,5.69,688950.0,13387964.0,190387.0,5.15,538927.0,17028787.0,8336.0,3.41,61.936712454544356,13.051240289707996
1997,OR,956224.0,17184524.0,1351353.0,5.56,697959.0,14047426.0,195353.0,4.97,557124.0,16879914.0,12004.0,3.23,58.9670747268355,12.71653224583066
1998,OR,1021676.0,17528598.0,1375692.0,5.82,721888.0,14324216.0,197536.0,5.0,527557.0,14640063.0,11882.0,3.5,61.88861072585046,12.741658743381512
1999,OR,1038068.0,18057849.0,1408927.0,5.75,736939.0,14912422.0,203161.0,4.94,490339.0,14105808.0,11866.0,3.48,61.39826028365321,12.816738553523354
2000,OR,1070881.0,18211761.0,1434298.0,5.88,773729.0,15289497.0,208840.0,5.06,581852.0,16353314.0,11896.0,3.56,62.21864865832159,12.697334166261125
2001,OR,1100132.0,17502996.0,1454426.0,6.29,807730.0,14816355.0,210665.0,5.45,551114.0,13084361.0,12328.0,4.21,63.033572465472055,12.03429806672873
2002,OR,1248978.0,17553984.0,1474289.0,7.12,982155.0,14901886.0,216668.0,6.59,580824.0,12295887.0,11460.0,4.72,70.59775932669918,11.906745556671725
2003,OR,1252144.0,17735560.0,1498424.0,7.06,987527.0,15483362.0,223471.0,6.38,554251.0,11960528.0,17721.0,4.63,69.63672053659934,11.836142507060751
2004,OR,1293043.0,18000708.0,1525368.0,7.18,1009880.0,15666621.0,223012.0,6.45,529070.0,11953569.0,19651.0,4.43,70.64104093788079,11.800895259373476
2005,OR,1330449.0,18338815.0,1548208.0,7.25,1000655.0,15379662.0,225251.0,6.51,613100.0,12683813.0,21772.0,4.83,71.61230919876398,11.84518811425855
2006,OR,1418754.0,18977579.0,1577005.0,7.48,1088309.0,16082634.0,228472.0,6.77,630296.0,12990969.0,21780.0,4.85,74.97091004784386,12.03393711497427
2007,OR,1585853.0,19374458.0,1599912.0,8.19,1165414.0,16186580.0,230792.0,7.2,663797.0,13117448.0,22278.0,5.06,82.60105347460777,12.1097022836256
2008,OR,1690828.0,19909844.0,1616598.0,8.49,1189023.0,16313369.0,234526.0,7.29,680995.0,12945224.0,22394.0,5.26,87.15978451868266,12.315890530608105
2009,OR,1718695.0,19804315.0,1623388.0,8.68,1198379.0,15977598.0,236230.0,7.5,635686.0,11761280.0,22485.0,5.4,88.2257250474522,12.199372546797193
2010,OR,1671727.0,18838666.0,1629076.0,8.87,1173041.0,15453588.0,238450.0,7.59,631878.0,11708420.0,22638.0,5.4,85.51509158156729,11.564019112674915
2011,OR,1852603.0,19429175.0,1633551.0,9.54,1284342.0,15754249.0,238908.0,8.15,653955.0,11963131.0,23300.0,5.47,94.50796659139098,11.893828230645997
2012,OR,1848670.0,18854659.0,1642444.0,9.8,1313512.0,15803814.0,237780.0,8.31,670720.0,12005579.0,23303.0,5.59,93.79670377396936,11.479635835377035
2013,OR,1913137.0,19328558.0,1650803.0,9.9,1395822.0,16080354.0,235191.0,8.68,707974.0,12209593.0,23392.0,5.8,96.576080448929,11.708579400449358
2014,OR,1948732.0,18617613.0,1669124.0,10.47,1403691.0,16039418.0,229832.0,8.75,755416.0,12654475.0,23356.0,5.97,97.29315097819774,11.154122162283928
2015,OR,1948315.0,18269007.0,1686973.0,10.66,1410427.0,16021066.0,229116.0,8.8,773009.0,12949776.0,25242.0,5.97,96.24314279679244,10.82946022254061
2016,OR,1980615.0,18573242.0,1706622.0,10.66,1430623.0,16060478.0,231692.0,8.91,768364.0,12691616.0,24628.0,6.05,96.712247937739,10.88304381403732
2017,OR,2138505.0,20065930.0,1725884.0,10.66,1467501.0,16570754.0,233823.0,8.86,800856.0,13381811.0,24383.0,5.98,103.2565050721833,11.626465046318293
2018,OR,2079228.0,18930583.0,1750240.0,10.98,1467790.0,16470027.0,237942.0,8.91,814163.0,13899298.0,24821.0,5.86,98.99728037297741,10.815992663863241
2019,OR,2123882.0,19286182.0,1763783.0,11.01,1453026.0,16422975.0,240488.0,8.85,858920.0,14668288.0,25169.0,5.86,100.34690586464814,10.934554874380805
2020,OR,2191867.0,19628011.0,1785131.0,11.17,1417933.0,15748914.0,239645.0,9.0,889561.0,15616782.0,26353.0,5.7,102.32054865067794,10.995277657494045
2021,OR,2307363.0,20285346.0,1805684.0,11.37,1503117.0,16508755.0,242237.0,9.11,1034702.0,17318508.0,26447.0,5.97,106.48610166562919,11.234161680559833
2022,OR,2367526.0,20725899.0,1826286.0,11.42,1557988.0,16654576.0,244617.0,9.35,1288904.0,18923722.0,26560.0,6.81,108.03008583175546,11.348660067481216
2023,OR,2603098.0,20444544.0,1843683.0,12.73,2290636.0,23084137.0,244410.0,9.92,1085221.0,14433651.0,26545.0,7.52,117.65842248007566,11.088969199151915
2024,OR,2905555.0,19767745.0,1868012.0,14.7,2494169.0,24662444.0,247412.0,10.11,1226001.0,15228350.0,26616.0,8.05,129.618858622607,10.5822366237476
1990,PA,3519365.0,38164153.0,4635946.0,9.22,2359835.0,29159185.0,527747.0,8.09,2747624.0,45991878.0,29805.0,5.97,63.26225902257418,8.232225526354275
1991,PA,3794765.0,39597640.0,4674345.0,9.58,2539489.0,30552517.0,535790.0,8.31,2812919.0,44728178.0,28709.0,6.29,67.65234843954964,8.471270306320992
1992,PA,3793344.0,39245065.0,4711412.0,9.67,2606075.0,30779060.0,541946.0,8.47,2788107.0,44869414.0,28877.0,6.21,67.09496006717306,8.32978839464687
1993,PA,3959185.0,41455430.0,4751028.0,9.55,2673892.0,32251642.0,547525.0,8.29,2712719.0,44949311.0,28950.0,6.04,69.4443567441264,8.725570550205134
1994,PA,4035417.0,42238893.0,4790703.0,9.55,2764728.0,33394877.0,555903.0,8.28,2733284.0,46075599.0,28608.0,5.93,70.19528240427344,8.816846504573546
1995,PA,4160637.0,42801877.0,4826836.0,9.72,2877404.0,34543587.0,565029.0,8.33,2812952.0,47527881.0,28780.0,5.92,71.83168228628443,8.867481099419992
1996,PA,4247796.0,43644620.0,4850128.0,9.73,2952313.0,35396258.0,571944.0,8.34,2799681.0,47207540.0,28862.0,5.93,72.98425938449459,8.998653231419873
1997,PA,4232598.0,42784957.0,4884572.0,9.9,3020764.0,35925184.0,580954.0,8.41,2827184.0,48062592.0,28921.0,5.89,72.21031852944331,8.759202853392273
1998,PA,4234996.0,42922599.0,4908255.0,9.93,3067686.0,37246066.0,588871.0,8.26,2735275.0,48814719.0,28838.0,5.63,71.90260761377176,8.744981464899439
1999,PA,3909172.0,44126364.0,4956852.0,8.86,2456698.0,37596034.0,585294.0,6.53,2170886.0,46059033.0,42349.0,4.71,65.72000401329984,8.902094313084191
2000,PA,4290918.0,45007795.0,4933000.0,9.53,3238124.0,42002203.0,651658.0,7.71,2559018.0,45448582.0,35180.0,5.63,72.48662071761605,9.123818163389418
2001,PA,4454110.0,46029989.0,5021433.0,9.68,3496556.0,40552670.0,615588.0,8.62,2731392.0,47383320.0,28616.0,5.76,73.9183084456834,9.166703807458946
2002,PA,4747365.0,48729956.0,5048925.0,9.74,3622688.0,42631879.0,624663.0,8.5,2747360.0,47089551.0,28414.0,5.83,78.35603618592076,9.651550775660166
2003,PA,4760155.0,49651001.0,5082234.0,9.59,3724216.0,43217826.0,637255.0,8.62,2715079.0,46773439.0,28355.0,5.8,78.05220761840823,9.76952281221211
2004,PA,4852579.0,50663389.0,5121901.0,9.58,3773901.0,44355434.0,646781.0,8.51,2798823.0,47659216.0,28350.0,5.87,78.9514641796734,9.891520550670542
2005,PA,5289436.0,53661476.0,5154728.0,9.86,3890067.0,45781817.0,655717.0,8.5,3018190.0,47950070.0,28326.0,6.29,85.51107513981987,10.410146956347647
2006,PA,5358994.0,51790117.0,5190697.0,10.35,4080968.0,45623570.0,665763.0,8.94,3178945.0,47920390.0,28272.0,6.63,86.03523444603553,9.97748799438688
2007,PA,5976913.0,54586820.0,5207370.0,10.95,4374768.0,47531366.0,667419.0,9.2,3337533.0,48579169.0,27857.0,6.87,95.64829910940328,10.482608303231766
2008,PA,6136991.0,54059762.0,5231696.0,11.35,4443770.0,47346950.0,676337.0,9.39,3384092.0,48130823.0,27540.0,7.03,97.753370353833,10.333123713610272
2009,PA,6162229.0,52905995.0,5235331.0,11.65,4430833.0,46411160.0,679215.0,9.55,3142036.0,43551745.0,27412.0,7.21,98.08722377502652,10.10556830122107
2010,PA,7017223.0,55252837.0,5244278.0,12.7,4783808.0,47366366.0,678774.0,10.1,3480921.0,45457627.0,27293.0,7.66,111.50602300895058,10.53583295927485
2011,PA,7265435.0,54795633.0,5249827.0,13.26,4365429.0,43535836.0,684757.0,10.03,3833723.0,49585444.0,25047.0,7.73,115.32816541700645,10.437607372585802
2012,PA,6741627.0,52876058.0,5261381.0,12.75,4050398.0,42919768.0,687750.0,9.44,3472258.0,48038858.0,24963.0,7.23,106.77847698161376,10.049843947815221
2013,PA,6938374.0,54251847.0,5272857.0,12.79,3990880.0,43145011.0,689355.0,9.25,3347992.0,48043117.0,24601.0,6.97,109.65551186640057,10.288890254372534
2014,PA,7217831.0,54195335.0,5289211.0,13.32,4215606.0,43347918.0,690549.0,9.73,3580987.0,48317693.0,24222.0,7.41,113.71940288762666,10.246393082068384
2015,PA,7423145.0,54418663.0,5304279.0,13.64,4199202.0,43745173.0,690881.0,9.6,3411815.0,47404272.0,23731.0,7.2,116.62196062210654,10.259389259124568
2016,PA,7470000.0,53877130.0,5335555.0,13.86,4013869.0,43535432.0,696080.0,9.22,3262271.0,47127932.0,23372.0,6.92,116.67014959081108,10.09775552871257
2017,PA,7359033.0,51724498.0,5356693.0,14.23,3826399.0,42622565.0,698453.0,8.98,3241741.0,47889117.0,22726.0,6.77,114.48346022443324,9.65605047741209
2018,PA,7764870.0,55896453.0,5390428.0,13.89,3864304.0,43221520.0,716936.0,8.94,3361585.0,49155499.0,11743.0,6.84,120.04102457170377,10.3695760336656
2019,PA,7508619.0,54396182.0,5418870.0,13.8,3498024.0,40142710.0,716992.0,8.71,3230283.0,50422724.0,13788.0,6.41,115.470245641619,10.038288794527272
2020,PA,7511991.0,55307093.0,5448109.0,13.58,3006398.0,35381006.0,720919.0,8.5,2994347.0,48607303.0,15462.0,6.16,114.90211557808406,10.151612788951175
2021,PA,7697613.0,55945176.0,5477367.0,13.76,3295183.0,36988112.0,725725.0,8.91,3268118.0,49999765.0,15006.0,6.54,117.1124282889936,10.21388123162096
2022,PA,8994501.0,56413218.0,5504325.0,15.94,3995009.0,37219047.0,730432.0,10.73,4178366.0,50882779.0,15351.0,8.21,136.17323650038833,10.248889373356405
2023,PA,9472222.0,52327643.0,5516157.0,18.1,4033022.0,35802263.0,735043.0,11.26,3886297.0,50146824.0,15565.0,7.75,143.0981448376711,9.486249756850649
2024,PA,9641603.0,54272558.0,5534580.0,17.77,4252003.0,38548336.0,740697.0,11.03,3840646.0,48830820.0,12961.0,7.87,145.17215699595394,9.806084291852317
1990,RI,233826.0,2376295.0,386421.0,9.84,222638.0,2492124.0,44944.0,8.93,113025.0,1354202.0,2578.0,8.35,50.425572109176265,6.149497568713915
1991,RI,260404.0,2368833.0,388785.0,10.99,244375.0,2474170.0,44854.0,9.88,126362.0,1363158.0,2526.0,9.27,55.81576792657467,6.0929125352058335
1992,RI,264055.0,2363314.0,391296.0,11.17,249389.0,2480537.0,44824.0,10.05,125351.0,1359067.0,2523.0,9.22,56.235134868062374,6.039709069349035
1993,RI,274582.0,2411808.0,393807.0,11.38,257590.0,2532213.0,44827.0,10.17,128093.0,1418673.0,2496.0,9.03,58.10418132062998,6.124340095529028
1994,RI,276552.0,2456722.0,396065.0,11.26,255064.0,2562933.0,44790.0,9.95,122114.0,1378453.0,2589.0,8.86,58.187418731773825,6.202825293828034
1995,RI,283487.0,2471630.0,400981.0,11.47,264614.0,2625223.0,43521.0,10.08,121897.0,1373804.0,2603.0,8.87,58.91530188878443,6.163957893266764
1996,RI,292848.0,2480612.0,403644.0,11.81,264499.0,2607368.0,43865.0,10.14,115005.0,1350838.0,2596.0,8.51,60.45921653734479,6.1455440933099466
1997,RI,301306.0,2486430.0,413804.0,12.12,279304.0,2697348.0,44439.0,10.4,117940.0,1386358.0,2549.0,8.52,60.6780826993778,6.00871427052421
1998,RI,275084.0,2522050.0,416561.0,10.91,252957.0,2730649.0,45025.0,9.26,110275.0,1457709.0,2515.0,7.61,55.0307557996708,6.054455409891949
1999,RI,269808.0,2667402.0,419847.0,10.12,244979.0,3170561.0,45623.0,7.73,84677.0,1158272.0,2499.0,7.31,53.55284186858546,6.353271548921393
2000,RI,300523.0,2664399.0,413746.0,11.28,300747.0,3165650.0,49665.0,9.5,122128.0,1393540.0,2492.0,8.76,60.528883260099995,6.439697302209568
2001,RI,327363.0,2699059.0,417502.0,12.13,374014.0,3240057.0,50367.0,11.54,129685.0,1385911.0,2384.0,9.36,65.34160315399687,6.464781007037092
2002,RI,288681.0,2828887.0,418330.0,10.2,286973.0,3315843.0,50839.0,8.65,105945.0,1331242.0,2371.0,7.96,57.50663351899218,6.762333564410872
2003,RI,348084.0,2998209.0,421219.0,11.61,352122.0,3489537.0,52499.0,10.09,116198.0,1308880.0,2598.0,8.88,68.86441494804366,7.1179339013672225
2004,RI,365737.0,3000355.0,422973.0,12.19,372960.0,3542437.0,53121.0,10.53,126054.0,1344783.0,2548.0,9.37,72.05680583236598,7.0934906010549135
2005,RI,413450.0,3171377.0,426325.0,13.04,424963.0,3628138.0,53916.0,11.71,125027.0,1249597.0,2500.0,10.01,80.81666959870209,7.4388717527707735
2006,RI,454735.0,3008443.0,427599.0,15.12,486200.0,3599332.0,54897.0,13.51,149048.0,1191351.0,2290.0,12.51,88.62177725704066,7.035664255529129
2007,RI,439939.0,3131775.0,429504.0,14.05,470096.0,3710200.0,55660.0,12.67,141013.0,1171047.0,2252.0,12.04,85.35795553320419,7.2916084599910596
2008,RI,531034.0,3042684.0,430152.0,17.45,569743.0,3700448.0,55906.0,15.4,153017.0,1075462.0,2048.0,14.23,102.87719999752026,7.073508899179825
2009,RI,458178.0,2936699.0,432102.0,15.6,504096.0,3690676.0,56385.0,13.66,120961.0,990254.0,2014.0,12.22,88.3622385455286,6.796309667624774
2010,RI,496481.0,3117808.0,430623.0,15.92,483825.0,3693289.0,56664.0,13.1,113621.0,960833.0,1975.0,11.83,96.07804661308539,7.240226369701572
2011,RI,448530.0,3129446.0,432430.0,14.33,452707.0,3660143.0,57409.0,12.37,103254.0,915857.0,1958.0,11.27,86.4359549522466,7.236884582475777
2012,RI,449604.0,3121367.0,435448.0,14.4,431952.0,3639866.0,57824.0,11.87,98597.0,923478.0,1927.0,10.68,86.04242067939225,7.168173926622696
2013,RI,481014.0,3164692.0,438198.0,15.2,473699.0,3667095.0,58317.0,12.92,109106.0,922911.0,1913.0,11.82,91.47577122670573,7.222059434319646
2014,RI,527116.0,3070347.0,438879.0,17.17,532579.0,3657679.0,58346.0,14.56,114111.0,887150.0,1884.0,12.86,100.08757159338528,6.995884970572755
2015,RI,604825.0,3135506.0,440191.0,19.29,584484.0,3704812.0,58903.0,15.78,109866.0,798532.0,1853.0,13.76,114.50048577397843,7.123057945301017
2016,RI,573662.0,3081562.0,438507.0,18.62,543194.0,3651317.0,58907.0,14.88,103047.0,764295.0,1821.0,13.48,109.01802403762464,7.027395229722672
2017,RI,554752.0,3028267.0,437124.0,18.32,547549.0,3603085.0,59447.0,15.2,105708.0,725767.0,1784.0,14.57,105.75793901349122,6.927707012197912
2018,RI,642041.0,3124168.0,442005.0,20.55,613083.0,3697587.0,60128.0,16.58,113051.0,734618.0,1773.0,15.39,121.04708468607066,7.068173436952071
2019,RI,648292.0,2983012.0,444216.0,21.73,597112.0,3644482.0,60672.0,16.38,108412.0,695416.0,1758.0,15.59,121.61726127229396,6.715228627514542
2020,RI,692840.0,3148021.0,441573.0,22.01,566168.0,3551262.0,60057.0,15.94,100013.0,634692.0,1692.0,15.76,130.7522576486032,7.129106625631549
2021,RI,698380.0,3131533.0,446320.0,22.3,558933.0,3604518.0,60091.0,15.51,103366.0,643779.0,1650.0,16.06,130.39597896875188,7.016340293959491
2022,RI,735413.0,3168339.0,448184.0,23.21,607915.0,3745633.0,60133.0,16.23,114833.0,639343.0,1628.0,17.96,136.7394120867025,7.069281812826874
2023,RI,809152.0,2995162.0,450190.0,27.02,645446.0,3650574.0,60297.0,17.68,119383.0,628838.0,1606.0,18.98,149.7797226356279,6.653106466158733
2024,RI,891368.0,3111332.0,457383.0,28.65,773340.0,3666320.0,62629.0,21.09,121071.0,614681.0,1649.0,19.7,162.40364566821825,6.80246532993137
1990,SC,1305102.0,18257716.0,1421991.0,7.15,733904.0,11926737.0,204997.0,6.15,1031925.0,24701257.0,4418.0,4.18,76.48325481666198,12.839543991487991
1991,SC,1350525.0,18706762.0,1449397.0,7.22,759906.0,12208945.0,209639.0,6.22,1055633.0,25360811.0,4254.0,4.16,77.64867044708937,12.906582530528214
1992,SC,1361359.0,18939700.0,1476086.0,7.19,763411.0,12375104.0,213229.0,6.17,1061117.0,26304750.0,4221.0,4.03,76.85635073656503,12.831027460459621
1993,SC,1516484.0,20686869.0,1505304.0,7.33,820184.0,13176636.0,217696.0,6.22,1089797.0,26866871.0,4379.0,4.06,83.95225593412803,13.742651982589564
1994,SC,1491683.0,19903087.0,1536458.0,7.49,852806.0,13392964.0,222395.0,6.37,1117894.0,27760265.0,4342.0,4.03,80.90485823020653,12.95387638321386
1995,SC,1610543.0,21392287.0,1567196.0,7.53,889987.0,14020035.0,228523.0,6.35,1152935.0,28818612.0,4498.0,4.0,85.6382460564388,13.650039305868571
1996,SC,1688342.0,22513555.0,1608129.0,7.5,927659.0,14544887.0,239495.0,6.38,1134724.0,29184592.0,4681.0,3.89,87.48997541034747,13.999843917994141
1997,SC,1622819.0,21611334.0,1641416.0,7.51,936873.0,14805904.0,248801.0,6.33,1160461.0,31277693.0,6091.0,3.71,82.38917901779114,13.166274728648922
1998,SC,1766700.0,23558044.0,1683858.0,7.5,1021426.0,16370078.0,262630.0,6.24,1165190.0,31605580.0,4751.0,3.69,87.4331446000791,13.990517015092722
1999,SC,1790295.0,23698794.0,1724911.0,7.55,1045120.0,16585192.0,266724.0,6.3,1196059.0,32116915.0,4900.0,3.72,86.49214365262903,13.739140164333117
2000,SC,1916222.0,25270116.0,1764298.0,7.58,1109685.0,17483353.0,274003.0,6.35,1246054.0,33307512.0,5077.0,3.74,90.50918079976663,14.3230429326565
2001,SC,1912045.0,24874643.0,1791811.0,7.69,1127116.0,17484201.0,255700.0,6.45,1217606.0,31527678.0,5353.0,3.86,88.92516193579196,13.882403333833759
2002,SC,2069025.0,26786631.0,1836612.0,7.72,1177276.0,18156632.0,286840.0,6.48,1229013.0,31926073.0,5136.0,3.85,93.87870165282597,14.584806698420788
2003,SC,2117182.0,26421639.0,1867922.0,8.01,1316126.0,19336129.0,304528.0,6.81,1251102.0,31296330.0,5024.0,4.0,94.45353357010266,14.144936994157144
2004,SC,2266566.0,27909738.0,1892678.0,8.12,1389587.0,20112912.0,310804.0,6.91,1315384.0,31885690.0,5001.0,4.13,99.79536931268815,14.746162844392972
2005,SC,2487104.0,28675763.0,1944546.0,8.67,1514948.0,20497870.0,320291.0,7.39,1459564.0,32080455.0,4786.0,4.55,106.58460466693339,14.74676505467086
2006,SC,2576252.0,28539117.0,1989801.0,9.03,1591080.0,20922510.0,329528.0,7.6,1480768.0,31415694.0,4462.0,4.71,107.89403898513804,14.342699094030007
2007,SC,2716414.0,29569241.0,2035713.0,9.19,1684145.0,21746491.0,337586.0,7.74,1479251.0,30632426.0,4657.0,4.83,111.19830414863655,14.525250366824793
2008,SC,2938992.0,29727267.0,2068598.0,9.89,1825840.0,21676238.0,342187.0,8.42,1569684.0,29247067.0,4691.0,5.37,118.39709793783037,14.37073177098692
2009,SC,3086901.0,29556323.0,2083432.0,10.44,1873077.0,21439771.0,343793.0,8.74,1471887.0,25421385.0,4501.0,5.79,123.47019245168549,14.186363173840087
2010,SC,3449574.0,32852086.0,2089302.0,10.5,1986442.0,22320133.0,340365.0,8.9,1567886.0,27307074.0,4477.0,5.74,137.58877366699502,15.723952784231289
2011,SC,3404928.0,30801731.0,2101585.0,11.05,2007503.0,21592794.0,340193.0,9.3,1668821.0,28094021.0,4459.0,5.94,135.01428683588816,14.656428838234
2012,SC,3338098.0,28366263.0,2113144.0,11.77,2045995.0,21250734.0,342761.0,9.63,1695628.0,28163956.0,4392.0,6.02,131.6402636703099,13.423724554502675
2013,SC,3455720.0,28812518.0,2135432.0,11.99,2086085.0,21120198.0,346026.0,9.88,1722902.0,28669378.0,4479.0,6.01,134.85639751894072,13.492594472687493
2014,SC,3824288.0,30715986.0,2157091.0,12.45,2225574.0,21655593.0,349432.0,10.28,1839963.0,29248186.0,4566.0,6.29,147.74094679671217,14.239541122743546
2015,SC,3778451.0,30059188.0,2185965.0,12.57,2239686.0,21927007.0,357724.0,10.21,1774038.0,29342051.0,4290.0,6.05,144.04206685224452,13.750992353491478
2016,SC,3873817.0,30615596.0,2209783.0,12.65,2288955.0,22274962.0,369409.0,10.28,1625453.0,26686992.0,4062.0,6.09,146.0858750987465,13.854571240705535
2017,SC,3804261.0,29224971.0,2251558.0,13.02,2300878.0,21758082.0,373073.0,10.57,1677448.0,27113704.0,4379.0,6.19,140.80105864472512,12.979888148562019
2018,SC,3962861.0,31852419.0,2290200.0,12.44,2247543.0,22232833.0,376842.0,10.11,1680837.0,27555886.0,4324.0,6.1,144.1963220097226,13.908138590516112
2019,SC,4048095.0,31159957.0,2330903.0,12.99,2344564.0,22168328.0,385285.0,10.58,1643068.0,26877335.0,3703.0,6.11,144.72556344043488,13.368191211732105
2020,SC,3940889.0,30826017.0,2377020.0,12.78,2156567.0,20834372.0,395288.0,10.35,1499264.0,25076787.0,3714.0,5.98,138.15929889806003,12.968345659691547
2021,SC,4037454.0,31385796.0,2426703.0,12.86,2253779.0,21114323.0,402005.0,10.67,1656154.0,27292017.0,3652.0,6.07,138.64675652521137,12.933513495471015
2022,SC,4386983.0,32287075.0,2472265.0,13.59,2619552.0,24130625.0,403966.0,10.86,1878229.0,26340732.0,3635.0,7.13,147.87327275460626,13.05971447235632
2023,SC,4228055.0,30898329.0,2518272.0,13.68,2618036.0,25193823.0,410802.0,10.39,1677090.0,25110033.0,3634.0,6.68,139.91257364838535,12.269655144480025
2024,SC,4632121.0,32544816.0,2581882.0,14.23,2797768.0,26306224.0,413387.0,10.64,1718300.0,25110388.0,3604.0,6.84,149.5072522033669,12.605074902725995
1990,SD,199166.0,2866175.0,282794.0,6.95,96920.0,1450044.0,41204.0,6.68,77146.0,1656961.0,2065.0,4.66,58.68995334648778,10.135204424422017
1991,SD,209968.0,3039891.0,285905.0,6.91,102412.0,1521975.0,41574.0,6.73,80008.0,1726158.0,1802.0,4.64,61.19981578962709,10.632521292037564
1992,SD,201731.0,2842524.0,289324.0,7.1,102941.0,1517974.0,42442.0,6.78,82765.0,1777307.0,1937.0,4.66,58.10412087025849,9.824708631154
1993,SD,218896.0,3109114.0,293897.0,7.04,109332.0,1620793.0,43111.0,6.75,84946.0,1847336.0,2283.0,4.6,62.06709606880415,10.57892390871632
1994,SD,222055.0,3147027.0,296893.0,7.06,126725.0,1919411.0,43336.0,6.6,79483.0,1762095.0,1985.0,4.51,62.32744905852726,10.599869313186906
1995,SD,231376.0,3268121.0,302772.0,7.08,136832.0,2088316.0,44545.0,6.55,76221.0,1721838.0,1796.0,4.43,63.68268311909071,10.79400010569009
1996,SD,239968.0,3426185.0,306200.0,7.0,143082.0,2179182.0,46911.0,6.57,79452.0,1784753.0,1927.0,4.45,65.30807750925321,11.189369693011104
1997,SD,239116.0,3376342.0,310605.0,7.08,146362.0,2206528.0,47704.0,6.63,81413.0,1840765.0,1970.0,4.42,64.15329223075396,10.870211361697333
1998,SD,240048.0,3303404.0,314471.0,7.27,149689.0,2262750.0,48630.0,6.62,82959.0,1868077.0,1509.0,4.44,63.61158898594783,10.504637947537292
1999,SD,245035.0,3302179.0,318578.0,7.42,153394.0,2290577.0,50131.0,6.7,88692.0,1948975.0,1884.0,4.55,64.0960246260989,10.36537049011545
2000,SD,253946.0,3423322.0,322175.0,7.42,160851.0,2421678.0,50621.0,6.64,89964.0,2002713.0,1720.0,4.49,65.68531595147564,10.625659967409018
2001,SD,265619.0,3580418.0,327661.0,7.42,190857.0,2915072.0,51852.0,6.55,74254.0,1666098.0,1589.0,4.46,67.55432189569912,10.927202199834586
2002,SD,276301.0,3733016.0,331203.0,7.4,191210.0,3062101.0,52994.0,6.24,72835.0,1603878.0,1493.0,4.54,69.51954944047407,11.271081481749864
2003,SD,279509.0,3739838.0,336745.0,7.47,224117.0,3713371.0,61596.0,6.04,73367.0,1626781.0,1893.0,4.51,69.16930219206422,11.10584566957193
2004,SD,282665.0,3695725.0,344647.0,7.65,224235.0,3627165.0,61259.0,6.18,86770.0,1890954.0,2378.0,4.59,68.34650139611448,10.72321824939721
2005,SD,308728.0,3972979.0,347660.0,7.77,247995.0,3998480.0,62491.0,6.2,91064.0,1839558.0,2317.0,4.95,74.00141901091105,11.427771385836737
2006,SD,317311.0,4050931.0,353053.0,7.83,262161.0,4053792.0,64084.0,6.47,94431.0,1951664.0,2359.0,4.84,74.89692293602755,11.47400248687874
2007,SD,343975.0,4260638.0,358396.0,8.07,276376.0,4181172.0,64767.0,6.61,110043.0,2161491.0,2956.0,5.09,79.98019881174268,11.888073527606334
2008,SD,364507.0,4405631.0,363517.0,8.27,295452.0,4240373.0,65007.0,6.97,123552.0,2328082.0,2984.0,5.31,83.56028282950545,12.119463463882019
2009,SD,382820.0,4511308.0,367206.0,8.49,302622.0,4238348.0,65971.0,7.14,127747.0,2260462.0,3052.0,5.65,86.87675764194121,12.285496424350365
2010,SD,415338.0,4628123.0,370566.0,8.97,329832.0,4367781.0,66278.0,7.55,143156.0,2360245.0,3290.0,6.07,93.40171521402395,12.48933523312986
2011,SD,434655.0,4646384.0,374260.0,9.35,344870.0,4446864.0,68775.0,7.76,160315.0,2586352.0,2905.0,6.2,96.7809811361086,12.414855982472078
2012,SD,448375.0,4453732.0,378633.0,10.07,368926.0,4556608.0,68880.0,8.1,178980.0,2723870.0,2891.0,6.57,98.68284944348045,11.76266199723743
2013,SD,494855.0,4824150.0,381081.0,10.26,396838.0,4661845.0,69446.0,8.51,189746.0,2723804.0,3535.0,6.97,108.21299583728045,12.659119714706323
2014,SD,505345.0,4827368.0,384749.0,10.47,406420.0,4572324.0,69703.0,8.89,206414.0,2955034.0,3801.0,6.99,109.45339255809199,12.546798042360084
2015,SD,506522.0,4571325.0,388374.0,11.08,434765.0,4748637.0,69872.0,9.16,204932.0,2782017.0,3748.0,7.37,108.68432661987327,11.77041975003476
2016,SD,529582.0,4618724.0,392187.0,11.47,450258.0,4698053.0,70745.0,9.58,212936.0,2812753.0,3851.0,7.57,112.52752725953012,11.776841149757642
2017,SD,547554.0,4652890.0,396564.0,11.77,459762.0,4722666.0,71263.0,9.74,230254.0,2938119.0,3892.0,7.84,115.06213372872979,11.733011569380983
2018,SD,581764.0,5018360.0,400150.0,11.59,471755.0,4903243.0,72106.0,9.62,228011.0,2935335.0,3923.0,7.77,121.15540005831146,12.541197051105835
2019,SD,584266.0,5057032.0,403717.0,11.55,468846.0,4888034.0,73549.0,9.59,228300.0,2923865.0,4089.0,7.81,120.60139487149002,12.5261804680011
2020,SD,595509.0,5070024.0,407532.0,11.75,453276.0,4696475.0,74236.0,9.65,228209.0,2929346.0,4109.0,7.79,121.77141917689899,12.440799740879244
2021,SD,616517.0,5043964.0,412657.0,12.22,486369.0,4791689.0,74987.0,10.15,257176.0,3205738.0,4151.0,8.02,124.50150286234492,12.22313931424888
2022,SD,643720.0,5322906.0,419358.0,12.09,503834.0,4936093.0,76157.0,10.21,257919.0,3208065.0,4201.0,8.04,127.917753645652,12.692987852860801
2023,SD,646524.0,5245819.0,426548.0,12.32,511213.0,5032841.0,77048.0,10.16,258552.0,3227339.0,4237.0,8.01,126.30934853756202,12.29830874837064
2024,SD,664939.0,5170067.0,433548.0,12.86,539258.0,5111478.0,78291.0,10.55,277782.0,3355659.0,4317.0,8.28,127.80956972084597,11.925016376502716
1990,TN,1636628.0,28756837.0,1990131.0,5.69,738773.0,12127834.0,282191.0,6.09,1656023.0,35312603.0,16475.0,4.69,68.53099955061585,14.449720646530304
1991,TN,1671412.0,29605275.0,2007370.0,5.65,734742.0,12096992.0,286229.0,6.07,1606856.0,35667296.0,15938.0,4.51,69.3864774970899,14.74829005116147
1992,TN,1681849.0,29498153.0,2045803.0,5.7,420451.0,6469565.0,276705.0,6.5,1919676.0,41694780.0,29310.0,4.6,68.50810333806986,14.418862911042755
1993,TN,1738169.0,30199490.0,2081691.0,5.76,345810.0,5174642.0,279386.0,6.68,2011554.0,43530194.0,33145.0,4.62,69.58161257682657,14.507191509210541
1994,TN,1927929.0,32796716.0,2124561.0,5.88,341550.0,5153895.0,285933.0,6.63,1969869.0,43614204.0,36938.0,4.52,75.62068116660336,15.436937795619896
1995,TN,1831548.0,30966826.0,2169915.0,5.91,344443.0,5176066.0,295620.0,6.65,2018140.0,44827805.0,36750.0,4.5,70.33869990299159,14.270985729855777
1996,TN,2078304.0,35333276.0,2192585.0,5.88,368649.0,5548085.0,299917.0,6.64,2067419.0,45781283.0,38039.0,4.52,78.98986812369874,16.11489451948271
1997,TN,2010823.0,33366969.0,2262770.0,6.03,1461914.0,24745253.0,349182.0,5.91,1055916.0,27710271.0,3118.0,3.81,74.05462478879132,14.746071849989173
1998,TN,2237736.0,35427693.0,2312191.0,6.32,1559611.0,24840012.0,359663.0,6.28,1269146.0,30461384.0,1711.0,4.17,80.64991170712108,15.32213082742732
1999,TN,2246612.0,35424922.0,2363365.0,6.34,1586422.0,25227579.0,370445.0,6.29,1318701.0,31493221.0,1758.0,4.19,79.21656903045728,14.989187874069389
2000,TN,2316446.0,36622145.0,2383247.0,6.33,1617108.0,25756513.0,375756.0,6.28,1319569.0,32289069.0,1779.0,4.09,80.99754942172031,15.366491597387933
2001,TN,2334726.0,36931534.0,2433410.0,6.32,1638631.0,25973834.0,387520.0,6.31,1301193.0,32148645.0,1855.0,4.05,79.95385076908535,15.176864564541118
2002,TN,2483253.0,38751810.0,2478186.0,6.41,1711585.0,26523396.0,402139.0,6.45,1322006.0,31845313.0,1896.0,4.15,83.50372005975338,15.6371676702233
2003,TN,2467451.0,37696941.0,2489391.0,6.55,1835631.0,27481018.0,432039.0,6.68,1383846.0,32277849.0,2185.0,4.29,82.59888328778672,15.143037393482984
2004,TN,2656585.0,38525656.0,2529600.0,6.9,1991739.0,28248753.0,431248.0,7.05,1466347.0,32885218.0,1973.0,4.46,87.51663635884461,15.22993991144845
2005,TN,2872418.0,41132286.0,2572659.0,6.98,2089676.0,29146413.0,440290.0,7.17,1591009.0,33625413.0,1998.0,4.73,93.0430992473805,15.988238627816589
2006,TN,3164295.0,40815857.0,2613978.0,7.75,2323118.0,29033129.0,448593.0,8.0,1760574.0,34081327.0,2043.0,5.17,100.87737922813427,15.614460795002865
2007,TN,3362582.0,42879972.0,2658103.0,7.84,2425992.0,29985091.0,456863.0,8.09,1758177.0,33850338.0,2067.0,5.19,105.41922817387689,16.131794742340684
2008,TN,3738895.0,41946552.0,2685425.0,8.91,2717940.0,29417546.0,460419.0,9.24,2063404.0,32803763.0,2094.0,6.29,116.02431024263694,15.620079503244366
2009,TN,3755443.0,40274908.0,2693821.0,9.32,2694671.0,28048799.0,458054.0,9.61,1798386.0,26584323.0,2040.0,6.76,116.17460229663862,14.950847884844613
2010,TN,4172362.0,45191027.0,2704054.0,9.23,2838715.0,29399025.0,460404.0,9.66,1903857.0,28929637.0,2027.0,6.58,128.58353913543638,16.7123241621654
2011,TN,4298018.0,43067861.0,2708113.0,9.98,2980031.0,29025334.0,463992.0,10.27,2070122.0,28638453.0,2017.0,7.23,132.25746734595884,15.903273238598242
2012,TN,4015594.0,39753631.0,2721099.0,10.1,2901670.0,28150141.0,466513.0,10.31,2015274.0,28475956.0,1957.0,7.08,122.97708879145277,14.609402671494127
2013,TN,4083088.0,40905924.0,2738547.0,9.98,3356761.0,33574605.0,469382.0,10.0,1412984.0,22461702.0,1191.0,6.29,124.24739591226053,14.937090362151901
2014,TN,4392023.0,42538248.0,2756932.0,10.32,3476761.0,33497350.0,471794.0,10.38,1548714.0,24182470.0,1271.0,6.4,132.7569619659341,15.429560105218409
2015,TN,4291880.0,41667411.0,2783058.0,10.3,3553029.0,34981552.0,476405.0,10.16,1418464.0,22983145.0,1245.0,6.17,128.51211389294318,14.971808348945656
2016,TN,4349574.0,41773888.0,2812287.0,10.41,3612206.0,35438903.0,480032.0,10.19,1337298.0,23545648.0,1193.0,5.68,128.88602763515956,14.854062903252762
2017,TN,4213506.0,39292528.0,2847696.0,10.72,3558682.0,33727208.0,484324.0,10.55,1412830.0,24220149.0,1167.0,5.83,123.30160944145723,13.79800652878678
2018,TN,4751657.0,44381957.0,2882992.0,10.71,3881859.0,36930451.0,491567.0,10.51,1227684.0,21598775.0,1010.0,5.68,137.34738655766878,15.39440865600737
2019,TN,4628861.0,42573183.0,2914916.0,10.87,3850725.0,36151394.0,497497.0,10.65,1198249.0,21104523.0,1016.0,5.68,132.3326012367652,14.605286395903004
2020,TN,4420255.0,41084911.0,2930482.0,10.76,3535442.0,33480189.0,501589.0,10.56,1089955.0,20438788.0,1015.0,5.33,125.69760992674014,14.019847588212452
2021,TN,4741606.0,42840442.0,3016642.0,11.07,3789845.0,34863397.0,519798.0,10.87,1206803.0,21917298.0,1016.0,5.51,130.98466219502788,14.20136761339264
2022,TN,5339495.0,43603987.0,3058391.0,12.25,4293143.0,35719452.0,528291.0,12.02,1491695.0,22788612.0,1023.0,6.55,145.48758372185463,14.257165614206947
2023,TN,5041363.0,41350567.0,3106778.0,12.19,4139606.0,35094425.0,531644.0,11.8,1407569.0,22601013.0,1013.0,6.23,135.22484816531252,13.309791365845902
2024,TN,5445100.0,43827503.0,3166103.0,12.42,4338477.0,35996043.0,542965.0,12.05,1436732.0,23138889.0,1006.0,6.21,143.31761579877008,13.842728110866892
1990,TX,5947366.0,82547572.0,6497003.0,7.2,3843077.0,62238153.0,863765.0,6.17,3390549.0,84086943.0,60592.0,4.03,76.28345459180692,12.705484667315067
1991,TX,6361303.0,84088111.0,6581535.0,7.57,4041272.0,61447400.0,855081.0,6.58,3488789.0,84122423.0,60693.0,4.15,80.5448247761857,12.776367671067616
1992,TX,6342651.0,81933581.0,6705826.0,7.74,4151699.0,61695680.0,874071.0,6.73,3587258.0,85421159.0,58866.0,4.2,78.8201557869232,12.218268264043832
1993,TX,7017263.0,87685723.0,6829038.0,8.0,4466563.0,64331490.0,885522.0,6.94,3756859.0,86932759.0,58276.0,4.32,85.6302039418534,12.840128141035384
1994,TX,7254686.0,89792702.0,6972035.0,8.08,4678149.0,66467121.0,905857.0,7.04,3857650.0,90329333.0,73143.0,4.27,86.71172285662173,12.878980383776042
1995,TX,7161922.0,92831137.0,7107146.0,7.71,4556245.0,68579803.0,921410.0,6.64,3589628.0,90093116.0,70769.0,3.98,83.97559770593334,13.061661741576717
1996,TX,7739870.0,99656148.0,7283526.0,7.77,4756418.0,70865539.0,949290.0,6.71,3841763.0,95308450.0,69779.0,4.03,88.55452244787301,13.682404373925486
1997,TX,7904554.0,101094027.0,7431328.0,7.82,4852372.0,72042446.0,990295.0,6.74,4070966.0,100428660.0,69615.0,4.05,88.6399891558189,13.603763284301271
1998,TX,8448240.0,110433808.0,7626517.0,7.65,5074233.0,77231316.0,1004824.0,6.57,4046789.0,102702147.0,69696.0,3.94,92.31212623009954,14.48024150473932
1999,TX,8201199.0,108591468.0,7832319.0,7.55,5179341.0,79387673.0,1040684.0,6.52,3963869.0,99741189.0,65431.0,3.97,87.25809686760715,13.864535905649399
2000,TX,9304786.0,116895281.0,8023266.0,7.96,5835485.0,84847757.0,1093414.0,6.88,4491031.0,101588420.0,61280.0,4.42,96.64378986479238,14.569538265339826
2001,TX,10399342.0,117342779.0,8302025.0,8.86,6807161.0,87912113.0,1143697.0,7.74,5174013.0,98208408.0,65290.0,5.27,104.38559668675212,14.13423580391531
2002,TX,9778332.0,121435110.0,8663500.0,8.05,6094634.0,87745805.0,1325901.0,6.95,4761411.0,102251054.0,94054.0,4.66,94.05678998095458,14.016865008368443
2003,TX,11111340.0,121354826.0,8493309.0,9.16,7581181.0,96694234.0,1501389.0,7.84,5512229.0,104546895.0,119168.0,5.27,109.02052427387252,14.288285755292785
2004,TX,11707073.0,120329880.0,8562931.0,9.73,7867462.0,99615578.0,1443587.0,7.9,5902053.0,100588036.0,132084.0,5.87,113.93171528144588,14.052417332336322
2005,TX,13831781.0,126561913.0,8823252.0,10.93,9809780.0,110784312.0,1461530.0,8.85,6916247.0,96841431.0,113955.0,7.14,130.6375944681923,14.344134452920533
2006,TX,16307430.0,126843225.0,9102596.0,12.86,10950528.0,111130364.0,1489895.0,9.85,8185081.0,104688870.0,139100.0,7.82,149.29285008364647,13.934840676220277
2007,TX,15418549.0,124921214.0,9166849.0,12.34,10909827.0,110540053.0,1413358.0,9.87,8438746.0,108300296.0,168586.0,7.79,140.16583924676118,13.627497736681383
2008,TX,16712267.0,128240048.0,9461508.0,13.03,12211719.0,113637612.0,1418297.0,10.75,9306585.0,105868443.0,161115.0,8.79,147.19523744699754,13.55386984823138
2009,TX,16074305.0,129814900.0,9491971.0,12.38,11447722.0,118534735.0,1435745.0,9.66,6533768.0,96930878.0,136221.0,6.74,141.12194576518056,13.676284935973783
2010,TX,15905877.0,137161402.0,9536778.0,11.6,11163356.0,121467292.0,1459667.0,9.19,6420039.0,99754412.0,127608.0,6.44,138.98716631549985,14.38236289027594
2011,TX,16141983.0,145654228.0,9621481.0,11.08,11315395.0,128213690.0,1363629.0,8.83,6368043.0,102128869.0,99033.0,6.24,139.8085440276814,15.138441576717764
2012,TX,15087710.0,137411633.0,9802110.0,10.98,10856843.0,133104994.0,1355155.0,8.16,5265840.0,94517323.0,92377.0,5.57,128.26923658953703,14.018576918643026
2013,TX,15926136.0,140272607.0,9954303.0,11.35,10944864.0,136516037.0,1366825.0,8.02,5920133.0,101967843.0,95881.0,5.81,133.32706468750249,14.091655337395295
2014,TX,16715817.0,140899744.0,10138874.0,11.86,11379847.0,139432095.0,1432478.0,8.16,6727425.0,109165495.0,101641.0,6.16,137.39047846930535,13.896981459676883
2015,TX,16838434.0,145651913.0,10318006.0,11.56,11115260.0,136323562.0,1425780.0,8.15,6161020.0,110182265.0,105936.0,5.59,135.99554345416482,14.116284968239018
2016,TX,16048319.0,145973181.0,10521732.0,10.99,11483766.0,139104274.0,1447247.0,8.26,6041600.0,113402713.0,105552.0,5.33,127.10454102676886,13.873493546499759
2017,TX,15886368.0,144242131.0,10809494.0,11.01,11352259.0,137485841.0,1514712.0,8.26,6424254.0,119970143.0,114857.0,5.35,122.4723377430988,13.344022486158927
2018,TX,17609632.0,157267913.0,11148784.0,11.2,11714651.0,143524631.0,1591150.0,8.16,6654236.0,123438829.0,125714.0,5.39,131.62595430437378,14.106283967830034
2019,TX,18286991.0,155481342.0,11366639.0,11.76,11440049.0,142001524.0,1537111.0,8.06,7171361.0,131673922.0,232427.0,5.45,134.0691753003387,13.678743734185629
2020,TX,18322011.0,156414819.0,11515333.0,11.71,11030926.0,145167577.0,1539553.0,7.6,6341506.0,125107209.0,264126.0,5.07,132.59141094747324,13.58317809827992
2021,TX,18772300.0,155075136.0,11815251.0,12.11,12897917.0,147843231.0,1552641.0,8.72,8115251.0,132529561.0,293034.0,6.12,132.40161663373325,13.124997175261026
2022,TX,23474681.0,170596460.0,12063147.0,13.76,14538636.0,160719198.0,1574976.0,9.05,10259466.0,143905882.0,322120.0,7.13,162.16526389562082,14.141953173579001
2023,TX,24388838.0,168610875.0,12257008.0,14.46,14629032.0,165791834.0,1589559.0,8.82,10440918.0,158248978.0,344534.0,6.6,165.81560252442247,13.756283344189708
2024,TX,24652422.0,165051743.0,12547863.0,14.94,14046066.0,164232987.0,1557087.0,8.55,10782108.0,176135056.0,376098.0,6.12,163.7225796934506,13.153773116585668
1990,UT,302855.0,4246106.0,564148.0,7.13,282530.0,4514613.0,59203.0,6.26,219382.0,5766212.0,7606.0,3.8,44.73633987298842,7.52658167714855
1991,UT,317477.0,4460042.0,572082.0,7.12,288399.0,4733977.0,60278.0,6.09,226081.0,5875925.0,8646.0,3.85,46.24584704057577,7.796158592649306
1992,UT,314029.0,4505460.0,587837.0,6.97,296029.0,4955704.0,62072.0,5.97,228697.0,6211696.0,9633.0,3.68,44.51758452314729,7.664471613729656
1993,UT,323723.0,4725974.0,605605.0,6.85,299296.0,5019969.0,65562.0,5.96,234969.0,6221086.0,10933.0,3.78,44.54539950407719,7.803723549178095
1994,UT,346269.0,5008938.0,623036.0,6.91,323026.0,5499542.0,65999.0,5.87,248848.0,6497934.0,12051.0,3.83,46.314739437207486,8.03956432694098
1995,UT,349871.0,5040743.0,640828.0,6.94,333855.0,5642481.0,68780.0,5.92,259013.0,6957294.0,12234.0,3.72,45.49725771449854,7.86598432028563
1996,UT,381360.0,5481283.0,663667.0,6.96,348782.0,5911250.0,71083.0,5.9,283251.0,7659819.0,13212.0,3.7,47.885460630105165,8.259086258620664
1997,UT,389887.0,5660706.0,691481.0,6.89,370009.0,6469491.0,74883.0,5.72,259089.0,7429910.0,10058.0,3.49,46.98695023194178,8.186350745718249
1998,UT,393891.0,5755763.0,716411.0,6.84,382900.0,6708937.0,77299.0,5.71,259440.0,7511167.0,8931.0,3.45,45.81762424083382,8.034163350367317
1999,UT,391213.0,6236407.0,738880.0,6.27,385090.0,7282205.0,80840.0,5.29,254101.0,7568121.0,8731.0,3.36,44.12229771185218,8.44035161325249
2000,UT,409622.0,6513506.0,759649.0,6.29,412187.0,7884214.0,84998.0,5.23,265191.0,7917344.0,8441.0,3.35,44.93544606346703,8.574362633268786
2001,UT,449767.0,6692983.0,771928.0,6.72,460635.0,8262123.0,87659.0,5.58,261685.0,7411434.0,8645.0,3.53,48.55450681065246,8.670475743851759
2002,UT,471282.0,6938291.0,799194.0,6.79,474278.0,8462993.0,92103.0,5.6,269309.0,7019410.0,8624.0,3.84,49.14138494533242,8.681610472551096
2003,UT,494434.0,7166407.0,812901.0,6.9,504133.0,9023642.0,101655.0,5.59,289882.0,7645673.0,15336.0,3.79,50.686163915819186,8.815842273536385
2004,UT,528323.0,7324848.0,840060.0,7.21,551497.0,9345111.0,102866.0,5.9,313597.0,7816391.0,8865.0,4.01,52.40925251370934,8.719434326119563
2005,UT,568712.0,7567279.0,859329.0,7.52,571175.0,9416776.0,104495.0,6.07,338766.0,7988772.0,8986.0,4.24,55.15078237399956,8.806032381078726
2006,UT,625218.0,8232050.0,886169.0,7.59,599153.0,9748790.0,108003.0,6.15,351937.0,8355671.0,9164.0,4.21,58.794090066341745,9.28948090037002
2007,UT,713613.0,8751547.0,909388.0,8.15,669324.0,10240612.0,111576.0,6.54,396334.0,8759331.0,9461.0,4.52,65.39315451710381,9.62355672166336
2008,UT,725308.0,8786278.0,924826.0,8.26,685506.0,10286114.0,115149.0,6.66,417041.0,9086145.0,9427.0,4.59,65.35535693561094,9.500466033610646
2009,UT,739909.0,8725274.0,932016.0,8.48,711998.0,10235285.0,117905.0,6.96,413620.0,8593799.0,9480.0,4.81,66.15667899835769,9.361721258004154
2010,UT,769145.0,8834230.0,936602.0,8.71,741023.0,10367847.0,122340.0,7.15,434488.0,8808211.0,9431.0,4.93,68.4339950872053,9.432213469542026
2011,UT,801966.0,8946741.0,946468.0,8.96,775447.0,10544326.0,122363.0,7.35,475870.0,9332992.0,9378.0,5.1,70.6104168339553,9.452766496067484
2012,UT,912330.0,9188204.0,966063.0,9.93,870218.0,10802800.0,115880.0,8.06,544855.0,9694190.0,9417.0,5.62,78.69828365230839,9.510978062507311
2013,UT,974822.0,9401748.0,981194.0,10.37,915606.0,11007765.0,116263.0,8.32,587626.0,10010410.0,9629.0,5.87,82.79215595149039,9.581946077941772
2014,UT,954231.0,8963971.0,1000416.0,10.65,943134.0,11053251.0,117921.0,8.53,606015.0,9965115.0,9658.0,6.08,79.48618374756101,8.960243538687905
2015,UT,992264.0,9117153.0,1021839.0,10.88,1001542.0,11614593.0,121310.0,8.62,580074.0,9404984.0,9570.0,6.17,80.92142369460029,8.922298914016787
2016,UT,1032342.0,9370656.0,1041823.0,11.02,1012493.0,11565312.0,124540.0,8.75,581252.0,9186991.0,9570.0,6.33,82.57496714893028,8.994479868461342
2017,UT,1041820.0,9510783.0,1063292.0,10.95,1014847.0,11739121.0,127113.0,8.65,569088.0,9283036.0,9594.0,6.13,81.65050929879406,8.94465772337232
2018,UT,1011446.0,9714507.0,1091162.0,10.41,994353.0,12083833.0,130053.0,8.23,553971.0,9392709.0,9666.0,5.9,77.2453280692204,8.902900760840279
2019,UT,1013001.0,9739525.0,1116145.0,10.4,979491.0,11860449.0,132082.0,8.26,567343.0,9490843.0,10343.0,5.98,75.63242231072128,8.726039179497288
2020,UT,1100682.0,10546793.0,1143136.0,10.44,942516.0,11395032.0,135113.0,8.27,570991.0,9672119.0,11001.0,5.9,80.2384843098284,9.226192683985108
2021,UT,1142206.0,10950415.0,1176949.0,10.43,992418.0,12206510.0,139168.0,8.13,586304.0,9471737.0,10180.0,6.19,80.87337117694423,9.30406925023939
2022,UT,1230161.0,11344265.0,1207878.0,10.84,1079393.0,12870552.0,141960.0,8.39,622535.0,9104680.0,10380.0,6.84,84.8706712653651,9.391896367017198
2023,UT,1268526.0,11328264.0,1244066.0,11.2,1134662.0,13337953.0,142545.0,8.51,602610.0,8622963.0,10719.0,6.99,84.97177802463857,9.105838436224445
2024,UT,1444461.0,11825248.0,1272861.0,12.22,1326484.0,14128942.0,145854.0,9.39,681891.0,8680830.0,10805.0,7.86,94.56786719052592,9.290290141657259
1990,VA,2038635.0,28129556.0,2329007.0,7.25,1225466.0,20213040.0,252756.0,6.06,699743.0,16398544.0,4946.0,4.27,72.94364078768334,12.077918185733234
1991,VA,2173237.0,29607347.0,2345972.0,7.34,1284045.0,21230493.0,253677.0,6.05,677829.0,16028804.0,4380.0,4.23,77.19746157811488,12.620503143260022
1992,VA,2273321.0,29780325.0,2400745.0,7.63,1346642.0,21609574.0,260606.0,6.23,715373.0,16713730.0,4661.0,4.28,78.91026188398463,12.40461814978267
1993,VA,2458741.0,32472064.0,2441669.0,7.57,1395465.0,22726975.0,264391.0,6.14,729047.0,17390106.0,4893.0,4.19,83.91599489256461,13.29912613052793
1994,VA,2507237.0,32343035.0,2483915.0,7.75,1339129.0,22947822.0,268878.0,5.84,754950.0,18153521.0,5096.0,4.16,84.11576751485725,13.020991056457246
1995,VA,2625754.0,33471693.0,2530909.0,7.84,1458299.0,24027876.0,274785.0,6.07,772389.0,18554114.0,5151.0,4.16,86.4562231725176,13.225166531076384
1996,VA,2632866.0,34650534.0,2576806.0,7.6,1450684.0,24564931.0,280587.0,5.91,758728.0,19020734.0,5225.0,3.99,85.14630127374743,13.447086819884772
1997,VA,2628143.0,33923494.0,2621111.0,7.75,1486605.0,24905199.0,286509.0,5.97,770461.0,19249298.0,5003.0,4.0,83.55690265183988,12.942410298533714
1998,VA,2607610.0,34703132.0,2663334.0,7.51,1468599.0,26176251.0,292541.0,5.61,764004.0,20024370.0,5220.0,3.82,81.58977932671355,13.02995869087392
1999,VA,2677381.0,35778745.0,2715550.0,7.48,1497523.0,26968087.0,299282.0,5.55,778452.0,20269126.0,5284.0,3.84,82.16202365389454,13.175505882786176
2000,VA,2822623.0,37541300.0,2767245.0,7.52,1597907.0,28298795.0,306821.0,5.65,803559.0,20618946.0,5371.0,3.9,85.00099677958885,13.566308729440292
2001,VA,2907600.0,37325231.0,2819326.0,7.79,1701360.0,29065836.0,314238.0,5.85,819781.0,19701918.0,5366.0,4.16,85.94252668900297,13.239061747382175
2002,VA,3144111.0,40358373.0,2875235.0,7.79,1761586.0,29998990.0,321046.0,5.87,806898.0,19520908.0,5450.0,4.13,91.12620359727117,14.036547621324866
2003,VA,3173954.0,40876706.0,2924097.0,7.76,2365003.0,41179139.0,372190.0,5.74,815395.0,19282214.0,5616.0,4.23,90.45396464845957,13.97925787003646
2004,VA,3397449.0,42503395.0,2981192.0,7.99,2529644.0,43024672.0,375478.0,5.88,842859.0,19734461.0,5528.0,4.27,94.9689754970495,14.257181355645661
2005,VA,3644951.0,44661839.0,3038649.0,8.16,2704508.0,44670192.0,384758.0,6.05,862603.0,19354048.0,5197.0,4.46,99.96084334408702,14.697926282370883
2006,VA,3641809.0,42906018.0,3095982.0,8.49,2774956.0,44653831.0,392080.0,6.21,891170.0,18998109.0,5178.0,4.69,98.0251446337005,13.858613519070847
2007,VA,3975897.0,45480519.0,3139055.0,8.74,2995928.0,46971480.0,400520.0,6.38,958560.0,18924871.0,5175.0,5.07,105.54920190949186,14.488602143001636
2008,VA,4288127.0,44596588.0,3169282.0,9.62,3433338.0,46877973.0,404316.0,7.32,1072332.0,18437713.0,5284.0,5.82,112.75232581596293,14.071511465372915
2009,VA,4747648.0,44763019.0,3189118.0,10.61,3772481.0,46828102.0,407458.0,8.06,1152700.0,16677928.0,5284.0,6.91,124.05854325030724,14.036175205809256
2010,VA,5061603.0,48438958.0,3258959.0,10.45,3676236.0,48036984.0,419950.0,7.65,1141321.0,17141224.0,5380.0,6.66,129.42790934160266,14.86332230629474
2011,VA,4871349.0,45771144.0,3225395.0,10.64,3742884.0,47051425.0,414137.0,7.95,1118027.0,17218005.0,4082.0,6.49,125.8592358455321,14.190864684790546
2012,VA,4822893.0,43534675.0,3248518.0,11.08,3777882.0,46756658.0,419052.0,8.08,1162772.0,17315739.0,3973.0,6.72,123.72033955175868,13.401395651801836
2013,VA,4924510.0,45416253.0,3273502.0,10.84,3820166.0,47750595.0,422713.0,8.0,1136239.0,17150375.0,3585.0,6.63,125.36293954710685,13.873904155244139
2014,VA,5155281.0,46443716.0,3303676.0,11.1,3892715.0,47751655.0,422931.0,8.15,1219659.0,17700993.0,3653.0,6.89,130.03900806253398,14.058193357944303
2015,VA,5221259.0,45928411.0,3332083.0,11.37,3969545.0,48347037.0,428369.0,8.21,1218736.0,17537165.0,3714.0,6.95,130.58045572894392,13.783693563455651
2016,VA,5131025.0,45186057.0,3362985.0,11.36,3908785.0,49263847.0,430877.0,7.93,1156879.0,17648014.0,3708.0,6.56,127.14461012067157,13.436294541902507
2017,VA,5078889.0,43982440.0,3398529.0,11.55,4023032.0,50200525.0,422256.0,8.01,1117710.0,17168820.0,3692.0,6.51,124.53645385989056,12.941610914604524
2018,VA,5624478.0,47962606.0,3431574.0,11.73,4346838.0,52268211.0,431058.0,8.32,1216724.0,17736936.0,3704.0,6.86,136.58644691911059,13.976853187487725
2019,VA,5632066.0,46666163.0,3464677.0,12.07,4417182.0,53981176.0,434175.0,8.18,1206041.0,17598247.0,3723.0,6.85,135.46395041538744,13.469123673000398
2020,VA,5542948.0,46088846.0,3506844.0,12.03,4085686.0,53526846.0,437477.0,7.63,1096748.0,17474236.0,3693.0,6.28,131.7173884362502,13.142542411353341
2021,VA,5579585.0,46634411.0,3551532.0,11.96,4575242.0,58723978.0,442263.0,7.79,1279924.0,19712199.0,3687.0,6.49,130.91967541519173,13.130787220838782
2022,VA,6233144.0,46717547.0,3583371.0,13.34,6620629.0,68556082.0,437391.0,9.66,1347186.0,16861186.0,3663.0,7.99,144.95531349298375,13.037317933309167
2023,VA,6145511.0,43095838.0,3615939.0,14.26,6604437.0,73807035.0,441468.0,8.95,1353014.0,15176022.0,3673.0,8.92,141.6301316661223,11.918297847391784
2024,VA,6524033.0,45272825.0,3654481.0,14.41,6865114.0,78710662.0,445756.0,8.72,1238977.0,13775530.0,3794.0,8.99,148.76788705883726,12.38830493303974
1990,VT,167609.0,1808617.0,256646.0,9.27,126185.0,1484125.0,35440.0,8.5,91377.0,1381171.0,1074.0,6.62,54.42288859622463,7.047127171278726
1991,VT,169923.0,1783451.0,257683.0,9.53,133098.0,1491488.0,35575.0,8.92,97503.0,1389670.0,1019.0,7.02,54.95220872156875,6.921104613032291
1992,VT,184250.0,1927133.0,263349.0,9.56,141116.0,1527001.0,36131.0,9.24,105107.0,1440227.0,1039.0,7.3,58.30349333647239,7.317791220016025
1993,VT,193967.0,1971082.0,265242.0,9.84,146187.0,1569895.0,36779.0,9.31,107308.0,1430964.0,1027.0,7.5,60.9402608435567,7.431259001213986
1994,VT,200039.0,2009429.0,267769.0,9.96,149350.0,1586168.0,37078.0,9.42,107551.0,1434727.0,1136.0,7.5,62.25484154874786,7.504337694057191
1995,VT,207546.0,1973274.0,270884.0,10.52,157259.0,1604646.0,37526.0,9.8,112167.0,1484095.0,1162.0,7.56,63.848363136988525,7.284571993916215
1996,VT,220572.0,2006213.0,274709.0,10.99,167240.0,1648630.0,37951.0,10.14,116547.0,1537130.0,1139.0,7.58,66.91080379601688,7.30304795256071
1997,VT,228142.0,1992280.0,276662.0,11.45,172987.0,1674921.0,38351.0,10.33,116158.0,1560518.0,1137.0,7.44,68.7186289889227,7.201133513095401
1998,VT,226627.0,1951338.0,278932.0,11.61,180776.0,1786461.0,39272.0,10.12,111532.0,1533905.0,787.0,7.27,67.70676485069241,6.995748067629386
1999,VT,243174.0,1998569.0,280314.0,12.17,202441.0,1896438.0,40164.0,10.67,116673.0,1587448.0,440.0,7.35,72.29214381015575,7.1297509221801265
2000,VT,250503.0,2036934.0,283494.0,12.3,202547.0,1909516.0,41125.0,10.61,120389.0,1645857.0,388.0,7.31,73.63559722604359,7.185104446654956
2001,VT,254582.0,2009403.0,285905.0,12.67,217246.0,1925563.0,42425.0,11.28,126906.0,1608429.0,412.0,7.89,74.2035524620649,7.028219163708225
2002,VT,261528.0,2046818.0,289218.0,12.78,215994.0,1945838.0,43258.0,11.1,125731.0,1591682.0,446.0,7.9,75.35492258434813,7.077076807114357
2003,VT,257866.0,2011389.0,274314.0,12.82,212355.0,1881027.0,42364.0,11.29,117483.0,1460013.0,448.0,8.05,78.33662639651398,7.332432905356635
2004,VT,273020.0,2109494.0,296182.0,12.94,225759.0,1977540.0,46526.0,11.42,125553.0,1576738.0,452.0,7.96,76.81650696756274,7.122289673241453
2005,VT,283731.0,2188639.0,299971.0,12.96,232432.0,2050800.0,47515.0,11.33,127789.0,1643614.0,367.0,7.77,78.82178610599024,7.296168629634198
2006,VT,286876.0,2142237.0,306684.0,13.39,236627.0,2027095.0,48436.0,11.67,135417.0,1625697.0,401.0,8.33,77.95102885489081,6.985160621356184
2007,VT,306927.0,2169646.0,305328.0,14.15,253041.0,2058960.0,48940.0,12.29,145890.0,1635400.0,403.0,8.92,83.76974925326206,7.105951632342923
2008,VT,308843.0,2133497.0,306174.0,14.48,255186.0,2042917.0,49643.0,12.49,143849.0,1564790.0,315.0,9.19,84.05977211215409,6.968250080019858
2009,VT,316099.0,2121828.0,306919.0,14.9,257532.0,1991194.0,50081.0,12.93,127424.0,1383491.0,225.0,9.21,85.82584764492695,6.9133158911634665
2010,VT,331390.0,2127935.0,307839.0,15.57,271532.0,2020937.0,50620.0,13.44,137851.0,1445961.0,219.0,9.53,89.70868971551147,6.912493218857909
2011,VT,345525.0,2124533.0,308992.0,16.26,281101.0,2008547.0,50796.0,14.0,139239.0,1417104.0,221.0,9.83,93.18606954225352,6.875689338235294
2012,VT,356325.0,2095283.0,309019.0,17.01,285449.0,1993892.0,51216.0,14.32,141870.0,1421589.0,221.0,9.98,96.0903698478087,6.780434212783033
2013,VT,364245.0,2125435.0,311308.0,17.14,295636.0,2016501.0,51733.0,14.66,156753.0,1445776.0,223.0,10.84,97.50391894843692,6.827434566410115
2014,VT,370673.0,2121347.0,310932.0,17.47,295698.0,2030520.0,52453.0,14.56,145111.0,1417994.0,224.0,10.23,99.34460482249067,6.822543192723811
2015,VT,356986.0,2088940.0,312060.0,17.09,292344.0,2010568.0,53610.0,14.54,146022.0,1421601.0,231.0,10.27,95.33049199940183,6.694033198743831
2016,VT,357128.0,2056402.0,312239.0,17.37,292867.0,2014045.0,55601.0,14.54,147875.0,1446003.0,230.0,10.23,95.31373936845387,6.585987016356061
2017,VT,357641.0,2023424.0,313670.0,17.68,288831.0,1976594.0,56388.0,14.61,145424.0,1423644.0,187.0,10.21,95.01519643786996,6.450804986131922
2018,VT,381309.0,2116045.0,315138.0,18.02,305338.0,2003515.0,57037.0,15.24,150385.0,1411388.0,204.0,10.66,100.83122314668493,6.714661513368746
2019,VT,368721.0,2081545.0,316180.0,17.71,309173.0,1934464.0,58320.0,15.98,155930.0,1411655.0,242.0,11.05,97.1811942564362,6.5834176734771335
2020,VT,421376.0,2157001.0,316948.0,19.54,295914.0,1805738.0,59554.0,16.39,153298.0,1368719.0,252.0,11.2,110.78999289052673,6.805535923873948
2021,VT,418734.0,2174489.0,319444.0,19.26,309772.0,1867111.0,60403.0,16.59,155980.0,1371096.0,248.0,11.38,109.23510850102052,6.807105470755437
2022,VT,435861.0,2186667.0,320849.0,19.93,331274.0,1916375.0,61583.0,17.29,162496.0,1367429.0,253.0,11.88,113.20512141225312,6.8152526577922945
2023,VT,453095.0,2176314.0,322405.0,20.82,342606.0,1903595.0,62485.0,18.0,144712.0,1284114.0,257.0,11.27,117.11330986388755,6.750248910531784
2024,VT,488488.0,2230155.0,323960.0,21.9,368759.0,1952123.0,64308.0,18.89,147815.0,1276669.0,243.0,11.58,125.65543071161049,6.884044326460057
1990,WA,1265910.0,28808844.0,1994038.0,4.39,733561.0,17682979.0,228335.0,4.15,972037.0,40711980.0,10411.0,2.39,52.90395669490752,14.447489967593397
1991,WA,1303938.0,29889138.0,2046916.0,4.36,760388.0,18143350.0,232785.0,4.19,936907.0,40838988.0,10474.0,2.29,53.08547102079421,14.602034475278908
1992,WA,1267676.0,28435824.0,2090082.0,4.46,806845.0,18727289.0,238882.0,4.31,858307.0,38331617.0,10755.0,2.24,50.54331201678531,13.60512362672852
1993,WA,1422153.0,30932034.0,2135403.0,4.6,878643.0,19530991.0,245265.0,4.5,875803.0,36562815.0,11404.0,2.4,55.49900885219324,14.48533789640644
1994,WA,1475512.0,29672858.0,2181124.0,4.97,932312.0,19752439.0,241684.0,4.72,951249.0,34065131.0,13686.0,2.79,56.374297533443006,13.604388379569434
1995,WA,1496997.0,30147253.0,2225791.0,4.97,982359.0,20401343.0,249201.0,4.82,1014474.0,34276432.0,12871.0,2.96,56.0473782129589,13.544512040887936
1996,WA,1611706.0,32012445.0,2269636.0,5.03,1047268.0,21451061.0,255722.0,4.88,863254.0,31247488.0,16458.0,2.85,59.17637600625534,14.104660394882703
1997,WA,1572222.0,31749220.0,2303189.0,4.95,1035890.0,21600223.0,260853.0,4.79,928990.0,33956083.0,18684.0,2.59,56.88569196883105,13.784895638178195
1998,WA,1577059.0,31362243.0,2345641.0,5.03,1070927.0,22248421.0,267214.0,4.81,1061548.0,37616473.0,20008.0,2.64,56.028004001180626,13.370436055645344
1999,WA,1673433.0,32817020.0,2390364.0,5.1,1119207.0,23008805.0,272983.0,4.86,1044789.0,39498771.0,19396.0,2.65,58.33954577629181,13.72887978567281
2000,WA,1695061.0,33035778.0,2429513.0,5.13,1166378.0,23990574.0,279466.0,4.86,1169579.0,35409826.0,14863.0,3.3,58.14131611287255,13.597695505230885
2001,WA,1801592.0,31608471.0,2468000.0,5.7,1298408.0,23840525.0,284113.0,5.45,919122.0,19338924.0,19179.0,4.75,60.831712587790385,12.807322123176661
2002,WA,2017833.0,32065997.0,2503721.0,6.29,1484854.0,24309634.0,291081.0,6.11,770280.0,15791500.0,19870.0,4.88,67.16113736314868,12.80733636056094
2003,WA,2010273.0,31872045.0,2553169.0,6.31,1701266.0,28039324.0,320979.0,6.07,866186.0,18180029.0,20839.0,4.76,65.61365503027805,12.483327582310455
2004,WA,2068792.0,32454682.0,2604485.0,6.37,1742153.0,28225786.0,331501.0,6.17,824832.0,19259409.0,21919.0,4.28,66.19325253680991,12.461074646235245
2005,WA,2173380.0,33212197.0,2657197.0,6.54,1777761.0,28099583.0,337117.0,6.33,943101.0,22111773.0,24705.0,4.27,68.16017028470226,12.498959241636959
2006,WA,2349887.0,34438565.0,2704101.0,6.82,1896054.0,28580249.0,337999.0,6.63,976349.0,22013391.0,25829.0,4.44,72.41738258543843,12.73567999124293
2007,WA,2569667.0,35388779.0,2748270.0,7.26,1939517.0,29599032.0,345048.0,6.55,948353.0,20752603.0,26114.0,4.57,77.91771429541735,12.876747553915736
2008,WA,2740943.0,36335847.0,2789188.0,7.54,2023574.0,29878288.0,349689.0,6.77,954717.0,21117186.0,26034.0,4.52,81.89190426269819,13.027392560128611
2009,WA,2821815.0,36768184.0,2809302.0,7.67,2096841.0,30068674.0,351007.0,6.97,1028697.0,23370520.0,28650.0,4.4,83.70451094257577,13.08801403337911
2010,WA,2805591.0,34906926.0,2825281.0,8.04,2125160.0,28833281.0,353330.0,7.37,1085311.0,26632814.0,27970.0,4.08,82.7525651430778,12.35520502208453
2011,WA,3010493.0,36376143.0,2837631.0,8.28,2203291.0,29408904.0,354185.0,7.49,1141672.0,27932787.0,27845.0,4.09,88.40980968514464,12.819194250415222
2012,WA,3028281.0,35510961.0,2852760.0,8.53,2244298.0,29239604.0,356028.0,7.68,1138881.0,27578904.0,27690.0,4.13,88.46056100057488,12.447931476885543
2013,WA,3129362.0,35983486.0,2880008.0,8.7,2307207.0,29658670.0,360855.0,7.78,1152363.0,27234626.0,27808.0,4.23,90.54841745809965,12.494231266024261
2014,WA,3040586.0,35082958.0,2907705.0,8.67,2313564.0,29040310.0,359219.0,7.97,1211294.0,28012775.0,30308.0,4.32,87.14163461103057,12.06551489920745
2015,WA,3098110.0,34071987.0,2945760.0,9.09,2405629.0,29266512.0,365095.0,8.22,1164912.0,26772299.0,29163.0,4.35,87.64320017018811,11.566450423659768
2016,WA,3244682.0,34211748.0,2985799.0,9.48,2443432.0,28989062.0,367847.0,8.43,1138532.0,25678420.0,29012.0,4.43,90.55873039902106,11.458155086795863
2017,WA,3600615.0,37282901.0,3037674.0,9.66,2553289.0,29799505.0,381028.0,8.57,1143982.0,24858604.0,27825.0,4.6,98.77664621022534,12.273503015794322
2018,WA,3446381.0,35338978.0,3076868.0,9.75,2562244.0,29396404.0,384366.0,8.72,1191154.0,25263272.0,27284.0,4.72,93.34115622336306,11.485373438184544
2019,WA,3544716.0,36512424.0,3126192.0,9.71,2561371.0,29269638.0,389147.0,8.75,1209353.0,25171873.0,26829.0,4.8,94.48971784202634,11.679520643645688
2020,WA,3639303.0,36858798.0,3168238.0,9.87,2436452.0,27307412.0,389802.0,8.92,1140241.0,22442186.0,26741.0,5.08,95.72363250488127,11.633847583420184
2021,WA,3843746.0,38021233.0,3220813.0,10.11,2618513.0,28637381.0,394023.0,9.14,1245305.0,21436480.0,26243.0,5.81,99.45071839522092,11.804855792621304
2022,WA,4079234.0,39775849.0,3273505.0,10.26,2827193.0,29780448.0,398253.0,9.49,1309410.0,21227090.0,26379.0,6.17,103.84470671853768,12.150844125791775
2023,WA,4276679.0,38940142.0,3319836.0,10.98,3012115.0,30369642.0,401423.0,9.92,1279330.0,20156469.0,26546.0,6.35,107.35166335525811,11.729537844640518
2024,WA,4595906.0,38626766.0,3368978.0,11.9,3307355.0,33101746.0,405313.0,9.99,1200155.0,18159320.0,26385.0,6.61,113.68200287050455,11.465425419815743
1990,WI,1087157.0,16385266.0,2012002.0,6.63,733469.0,12697935.0,230192.0,5.78,774243.0,19405054.0,6864.0,3.99,45.02799533333797,8.143762282542463
1991,WI,1168339.0,17349467.0,2039917.0,6.73,773961.0,13308794.0,235269.0,5.82,793316.0,19685677.0,6453.0,4.03,47.728208222850895,8.504986722499003
1992,WI,1147577.0,16614668.0,2052778.0,6.91,782128.0,13242758.0,236788.0,5.91,814778.0,20381550.0,5441.0,4.0,46.58634137089674,8.093748081867597
1993,WI,1221881.0,17373396.0,2083296.0,7.03,815272.0,13710449.0,241679.0,5.95,852544.0,21410441.0,5460.0,3.98,48.87611585999621,8.339379521681028
1994,WI,1249921.0,17660152.0,2118484.0,7.08,844038.0,14377866.0,246140.0,5.87,882694.0,22714163.0,6322.0,3.89,49.16727401922003,8.336221562211469
1995,WI,1298061.0,18634995.0,2170483.0,6.97,860614.0,14893291.0,254407.0,5.78,896038.0,23690037.0,6852.0,3.78,49.83763982486847,8.585644301291463
1996,WI,1284813.0,18684891.0,2182879.0,6.88,875851.0,15433148.0,256765.0,5.68,872553.0,23870906.0,5087.0,3.66,49.04887078028603,8.55974655489379
1997,WI,1272627.0,18510446.0,2219757.0,6.88,880613.0,15729539.0,260938.0,5.6,932950.0,25103437.0,5959.0,3.72,47.77651337511268,8.338951515864125
1998,WI,1368985.0,19087369.0,2252821.0,7.17,950933.0,16192557.0,265507.0,5.87,1004077.0,26040150.0,6052.0,3.86,50.63965727118725,8.472652287953636
1999,WI,1425681.0,19501670.0,2282906.0,7.31,1036965.0,17637957.0,271363.0,5.88,999326.0,25664668.0,5367.0,3.89,52.04189309590495,8.542476124728745
2000,WI,1501604.0,19929345.0,2329049.0,7.53,1104022.0,18321478.0,278371.0,6.03,1057492.0,26161878.0,5608.0,4.04,53.727365403933824,8.556859473544781
2001,WI,1612031.0,20417899.0,2364921.0,7.9,1185035.0,18677917.0,284113.0,6.34,1107335.0,25370339.0,5422.0,4.36,56.80355355069648,8.633649496114247
2002,WI,1764624.0,21575371.0,2403723.0,8.18,1252923.0,19143997.0,289842.0,6.54,1130832.0,25533710.0,5697.0,4.43,61.17676620808638,8.975814184912322
2003,WI,1853291.0,21364143.0,2446109.0,8.67,1397390.0,20056103.0,301434.0,6.97,1217362.0,25821248.0,5704.0,4.71,63.137381313206674,8.733929272980067
2004,WI,1922131.0,21192325.0,2485581.0,9.07,1401389.0,19348875.0,302202.0,7.24,1352998.0,27434509.0,9057.0,4.93,64.4427131255563,8.52610516414472
2005,WI,2170508.0,22458357.0,2526303.0,9.66,1725682.0,22501289.0,311844.0,7.67,1367832.0,25376037.0,7145.0,5.39,71.59698051526941,8.889811317169793
2006,WI,2288770.0,21779468.0,2550249.0,10.51,1904968.0,22755677.0,323822.0,8.37,1480313.0,25285604.0,6921.0,5.85,74.78910229288722,8.5401339241776
2007,WI,2430999.0,22374048.0,2572557.0,10.87,2047231.0,23491055.0,329915.0,8.71,1567160.0,25436197.0,7040.0,6.16,78.7478178326078,8.697202044502804
2008,WI,2529650.0,21976106.0,2579776.0,11.51,2177171.0,23473454.0,333653.0,9.28,1606244.0,24672267.0,4683.0,6.51,81.7141359043059,8.518610142896128
2009,WI,2556653.0,21421045.0,2589296.0,11.94,2149957.0,22475846.0,336725.0,9.57,1507860.0,22389548.0,4507.0,6.73,82.28275819630767,8.27292244687359
2010,WI,2820621.0,22299493.0,2594698.0,12.65,2296381.0,23001117.0,338406.0,9.98,1606232.0,23451807.0,4496.0,6.85,90.5892516200344,8.594253743595594
2011,WI,2884512.0,22149941.0,2601879.0,13.02,2403002.0,23054970.0,340623.0,10.42,1715020.0,23406711.0,4527.0,7.33,92.385541372216,8.513055757012529
2012,WI,2905404.0,22026353.0,2609168.0,13.19,2441891.0,23232827.0,341896.0,10.51,1730531.0,23560910.0,4572.0,7.34,92.79471463700305,8.441906768747739
2013,WI,2993098.0,22095922.0,2619676.0,13.55,2542086.0,23658373.0,341657.0,10.75,1729642.0,23369748.0,4725.0,7.4,95.21209238597953,8.434601072804423
2014,WI,2996152.0,21925712.0,2631430.0,13.67,2558476.0,23757494.0,345907.0,10.77,1790586.0,23811549.0,5465.0,7.52,94.88351707373305,8.332242164906534
2015,WI,2994383.0,21214787.0,2647224.0,14.11,2561808.0,23514103.0,347456.0,10.89,1816081.0,23969851.0,5529.0,7.58,94.26173103094663,8.013975016847837
2016,WI,3069410.0,21814249.0,2662284.0,14.07,2572429.0,23884088.0,349324.0,10.77,1801630.0,24037811.0,5537.0,7.5,96.07696499196429,8.193809901573236
2017,WI,3045972.0,21233154.0,2681341.0,14.35,2570834.0,23641127.0,351707.0,10.87,1813523.0,24204631.0,5666.0,7.49,94.66569153270696,7.91885627378241
2018,WI,3146091.0,22441335.0,2700245.0,14.02,2571408.0,24093421.0,354557.0,10.67,1790668.0,24424585.0,5789.0,7.33,97.09276380476587,8.310851422741269
2019,WI,3117985.0,21995360.0,2720287.0,14.18,2525071.0,23546114.0,356561.0,10.72,1727052.0,23614832.0,5522.0,7.31,95.51642283822748,8.085676254012904
2020,WI,3271758.0,22846734.0,2742424.0,14.32,2412932.0,22436275.0,360316.0,10.75,1615656.0,22164389.0,5621.0,7.29,99.4180695618183,8.33085401819704
2021,WI,3320221.0,22864047.0,2761990.0,14.52,2547820.0,23266013.0,361589.0,10.95,1777080.0,23295516.0,5665.0,7.63,100.17599025823169,8.278106365338035
2022,WI,3575870.0,22887928.0,2786457.0,15.62,2775141.0,23426668.0,363517.0,11.85,1999968.0,23560174.0,5587.0,8.49,106.94195771428257,8.2139893061332
2023,WI,3749633.0,22218861.0,2813580.0,16.88,2962531.0,23212820.0,365168.0,12.76,2006873.0,23131084.0,5591.0,8.68,111.05759092212294,7.897007015972533
2024,WI,3783445.0,22016559.0,2843874.0,17.18,2943282.0,23296259.0,369433.0,12.63,1961925.0,22977299.0,5739.0,8.54,110.86534893364943,7.741749107027949
1990,WV,446792.0,7577864.0,749789.0,5.9,267445.0,4991118.0,95603.0,5.36,372929.0,10469459.0,10528.0,3.56,49.65752587283445,10.106662007578132
1991,WV,479403.0,8106273.0,756803.0,5.91,282411.0,5218905.0,97393.0,5.41,374433.0,10205954.0,10658.0,3.67,52.788176051099164,10.711206218791416
1992,WV,502013.0,8138301.0,764385.0,6.17,294551.0,5227517.0,99082.0,5.63,398383.0,10369859.0,10777.0,3.84,54.729510216274086,10.6468612021429
1993,WV,547030.0,8682375.0,772820.0,6.3,316853.0,5480458.0,101069.0,5.78,403650.0,10187147.0,11094.0,3.96,58.9863530101878,11.234666545896845
1994,WV,551261.0,8662897.0,780042.0,6.36,323116.0,5539452.0,103082.0,5.83,417216.0,10481537.0,11140.0,3.98,58.89223486256723,11.105680206963214
1995,WV,595840.0,9165753.0,788503.0,6.5,343157.0,5851560.0,105315.0,5.86,438330.0,10867084.0,11216.0,4.03,62.97164796244698,11.62424619817553
1996,WV,591591.0,9276528.0,794286.0,6.38,339044.0,5936377.0,107275.0,5.71,422723.0,10820337.0,11206.0,3.91,62.067378752741455,11.679077813281362
1997,WV,564833.0,9026671.0,800394.0,6.26,329384.0,5944201.0,109641.0,5.54,414814.0,11180299.0,11180.0,3.71,58.80780798789929,11.277784441162728
1998,WV,569797.0,9053002.0,807210.0,6.29,344926.0,6207810.0,113518.0,5.56,421628.0,11161136.0,11168.0,3.78,58.8237055206617,11.215175728744688
1999,WV,593022.0,9452188.0,813330.0,6.27,358303.0,6473498.0,116154.0,5.53,423248.0,11126327.0,11201.0,3.8,60.76069983893377,11.621590252419068
2000,WV,610082.0,9737791.0,819808.0,6.27,370783.0,6796303.0,117499.0,5.46,416913.0,11082978.0,11233.0,3.76,62.01472377272077,11.878136100160038
2001,WV,615509.0,9828180.0,824784.0,6.26,368974.0,6785667.0,120134.0,5.44,410395.0,10978083.0,11326.0,3.74,62.18890844956579,11.916065297095967
2002,WV,651154.0,10444146.0,831636.0,6.23,380748.0,7039028.0,122593.0,5.41,414888.0,10902031.0,11390.0,3.81,65.24829773282221,12.55855446373173
2003,WV,653515.0,10473404.0,835585.0,6.24,389170.0,7136440.0,127546.0,5.45,407592.0,10687149.0,11379.0,3.81,65.1753960797924,12.534217344734527
2004,WV,669935.0,10755869.0,841046.0,6.23,394156.0,7216779.0,128534.0,5.46,418859.0,10941528.0,11439.0,3.83,66.37914771209502,12.788680999612387
2005,WV,706482.0,11384443.0,846783.0,6.21,412061.0,7451627.0,130706.0,5.53,435472.0,11311577.0,11620.0,3.85,69.52607692879994,13.444345245476114
2006,WV,699628.0,11014418.0,853995.0,6.35,412635.0,7377472.0,132024.0,5.59,516186.0,13915886.0,11768.0,3.71,68.27011087106287,12.897520477286166
2007,WV,790901.0,11749310.0,860068.0,6.73,454212.0,7768978.0,134682.0,5.85,579746.0,14661094.0,11858.0,3.95,76.63163455292683,13.66090820725803
2008,WV,830683.0,11762543.0,863650.0,7.06,468984.0,7715876.0,135756.0,6.08,619659.0,14738253.0,12015.0,4.2,80.15235724348211,13.619571585711805
2009,WV,915790.0,11587693.0,865647.0,7.9,520726.0,7694450.0,136653.0,6.77,575931.0,10985114.0,12207.0,5.24,88.16045493524882,13.386164337195185
2010,WV,1094174.0,12442583.0,867948.0,8.79,610027.0,7961906.0,137209.0,7.66,681014.0,11622934.0,12348.0,5.86,105.05372057619428,14.33563185812975
2011,WV,1103040.0,11746151.0,868036.0,9.39,632491.0,7767926.0,137965.0,8.14,724244.0,11720437.0,12446.0,6.18,105.89422558511399,13.531870797985338
2012,WV,1102691.0,11194679.0,865673.0,9.85,653726.0,7762823.0,138687.0,8.42,750338.0,11855567.0,12472.0,6.33,106.14968546629808,12.931764072577058
2013,WV,1103102.0,11581825.0,863641.0,9.52,636469.0,7793517.0,139514.0,8.17,745335.0,12020526.0,12314.0,6.2,106.43909525678687,13.410462217518623
2014,WV,1119698.0,11990728.0,862869.0,9.34,629468.0,7876429.0,140698.0,7.99,753085.0,12828949.0,12146.0,5.87,108.13711776256497,13.89634811309712
2015,WV,1153344.0,11437451.0,861334.0,10.08,671690.0,7800740.0,141681.0,8.61,795823.0,13064835.0,11949.0,6.09,111.5850529527454,13.278764103123759
2016,WV,1301903.0,11375581.0,860375.0,11.44,731809.0,7825670.0,142711.0,9.35,845770.0,12874895.0,11704.0,6.57,126.09840670250377,13.22165451111434
2017,WV,1229699.0,10573463.0,858961.0,11.63,722937.0,7549430.0,143951.0,9.58,902668.0,13586126.0,11529.0,6.64,119.30101211424811,12.309596128345758
2018,WV,1306097.0,11679455.0,859039.0,11.18,718595.0,7774429.0,144478.0,9.24,907954.0,14192929.0,11515.0,6.4,126.70136823434869,13.595954316393085
2019,WV,1254560.0,11153219.0,857666.0,11.25,693448.0,7567130.0,145225.0,9.16,875173.0,14526664.0,11562.0,6.02,121.89671348364827,13.004151965916803
2020,WV,1283976.0,10877499.0,862279.0,11.8,654036.0,6955844.0,146769.0,9.4,867943.0,14243240.0,11444.0,6.09,124.08744733433146,12.614825363948327
2021,WV,1343207.0,11050705.0,863647.0,12.15,679560.0,7156304.0,148231.0,9.5,884516.0,14570979.0,11343.0,6.07,129.60609678105368,12.795395572496634
2022,WV,1473398.0,11136970.0,863905.0,13.23,758145.0,7275035.0,149706.0,10.42,981970.0,14574283.0,11224.0,6.74,142.12577386016594,12.891429034442444
2023,WV,1437864.0,10233824.0,864768.0,14.05,791496.0,7173973.0,150864.0,11.03,1061249.0,14662890.0,11095.0,7.24,138.55970618709296,11.834184428656009
2024,WV,1609064.0,10674503.0,866456.0,15.07,890697.0,7665085.0,152012.0,11.62,1144146.0,14650982.0,11005.0,7.81,154.75530975221668,12.319728872556714
1990,WY,102695.0,1719933.0,194820.0,5.97,112468.0,2175801.0,38257.0,5.17,268439.0,7729470.0,3270.0,3.47,43.92730041405742,8.828318447797967
1991,WY,109223.0,1819415.0,196427.0,6.0,120033.0,2310467.0,38762.0,5.2,261503.0,7498103.0,3203.0,3.49,46.33740100223832,9.262550464040077
1992,WY,107241.0,1762625.0,198637.0,6.08,121389.0,2349801.0,39265.0,5.17,261973.0,7441811.0,3162.0,3.52,44.99035929862009,8.873598574283744
1993,WY,113616.0,1906135.0,200668.0,5.96,125702.0,2493448.0,40373.0,5.04,257607.0,7363451.0,3097.0,3.5,47.18241074810134,9.49894851197002
1994,WY,112623.0,1864918.0,205202.0,6.04,121975.0,2427844.0,39884.0,5.02,254668.0,7259550.0,3568.0,3.51,45.736639993762246,9.088205767974971
1995,WY,118197.0,1939252.0,207392.0,6.09,119068.0,2329722.0,42019.0,5.11,238595.0,6816611.0,3291.0,3.5,47.49339415213702,9.350659620428946
1996,WY,123879.0,2022027.0,210771.0,6.13,123260.0,2424519.0,43153.0,5.08,237481.0,6890808.0,3361.0,3.45,48.97851222416747,9.593478229927268
1997,WY,124929.0,2007299.0,211971.0,6.22,126195.0,2393863.0,44148.0,5.27,249548.0,7210826.0,3950.0,3.46,49.114029749352504,9.469686891131333
1998,WY,126403.0,2012635.0,215763.0,6.28,130836.0,2490006.0,44617.0,5.25,235229.0,6950163.0,3631.0,3.38,48.82015606630114,9.327989507005372
1999,WY,128341.0,2025096.0,218808.0,6.34,132737.0,2514240.0,45501.0,5.28,235679.0,7064582.0,3805.0,3.34,48.878849645960535,9.255127783262038
2000,WY,136579.0,2102532.0,221778.0,6.5,145252.0,2748285.0,48052.0,5.29,245649.0,7320553.0,3582.0,3.36,51.3197131064999,9.48034521007494
2001,WY,145295.0,2145532.0,224499.0,6.77,157716.0,2915188.0,50134.0,5.41,264489.0,7700184.0,3573.0,3.43,53.9330538963054,9.556977982084552
2002,WY,155596.0,2232285.0,228088.0,6.97,172726.0,3027372.0,51157.0,5.71,264409.0,7452648.0,3534.0,3.55,56.84794173009248,9.786946266353338
2003,WY,160946.0,2286201.0,232199.0,7.04,188529.0,3282183.0,55132.0,5.74,280795.0,7685452.0,3640.0,3.65,57.76151777857211,9.845869275922807
2004,WY,163124.0,2261814.0,236352.0,7.21,202962.0,3393334.0,55433.0,5.98,308119.0,7884365.0,4278.0,3.91,57.514498149652496,9.56968419983753
2005,WY,177700.0,2376532.0,239874.0,7.48,231777.0,3754053.0,53069.0,6.17,319485.0,8007142.0,8651.0,3.99,61.73379913343394,9.90741806114877
2006,WY,191176.0,2467935.0,243240.0,7.75,258440.0,4116620.0,55566.0,6.28,337969.0,8362057.0,8060.0,4.04,65.4963547662117,10.14609028120375
2007,WY,200930.0,2592119.0,247939.0,7.75,263277.0,4213547.0,57138.0,6.25,358315.0,8729886.0,8217.0,4.1,67.53341211615223,10.454664252094265
2008,WY,223326.0,2718705.0,252986.0,8.21,295926.0,4411371.0,59288.0,6.71,427630.0,9560173.0,8888.0,4.47,73.56335923727005,10.746464231222282
2009,WY,233286.0,2719524.0,255383.0,8.58,312231.0,4288145.0,59347.0,7.28,461867.0,9554268.0,8935.0,4.83,76.1229212594417,10.648805911121727
2010,WY,239198.0,2727201.0,257447.0,8.77,320135.0,4317140.0,59642.0,7.42,501285.0,10069117.0,8933.0,4.98,77.42629227245479,10.593252203366129
2011,WY,255263.0,2802726.0,258528.0,9.11,335841.0,4353082.0,59872.0,7.72,555109.0,10261954.0,9067.0,5.41,82.2809005858811,10.841092647604901
2012,WY,267506.0,2716528.0,261191.0,9.85,349824.0,4245450.0,59268.0,8.24,603310.0,10009376.0,9163.0,6.03,85.34814241940444,10.400542132003016
2013,WY,287380.0,2829496.0,263614.0,10.16,348530.0,4066842.0,58015.0,8.57,652083.0,10157176.0,10134.0,6.42,90.84621201200746,10.73348152981253
2014,WY,288879.0,2752313.0,265720.0,10.5,355296.0,4000291.0,58178.0,8.88,686237.0,10381471.0,10323.0,6.61,90.59630438055096,10.357944452807466
2015,WY,293517.0,2676702.0,268226.0,10.97,358000.0,3924590.0,57686.0,9.12,697582.0,10323470.0,10559.0,6.76,91.19082415574927,9.979278667988934
2016,WY,306298.0,2751073.0,269647.0,11.13,353660.0,3762315.0,57434.0,9.4,695166.0,10041482.0,10654.0,6.92,94.66017917252309,10.202498080824189
2017,WY,315284.0,2772371.0,270576.0,11.37,364808.0,3762086.0,57863.0,9.7,708573.0,10243610.0,10931.0,6.92,97.1027240652041,10.246182218674235
2018,WY,310226.0,2748356.0,272427.0,11.29,359772.0,3757211.0,58318.0,9.58,694804.0,10359111.0,10940.0,6.71,94.89575800734387,10.088412675689268
2019,WY,318423.0,2849378.0,274881.0,11.18,344712.0,3575477.0,58325.0,9.64,695295.0,10338641.0,11294.0,6.73,96.53359089933463,10.3658601358406
2020,WY,319940.0,2879528.0,276029.0,11.11,320504.0,3320024.0,57958.0,9.65,628104.0,9131466.0,11334.0,6.88,96.59009258689002,10.431976350311018
2021,WY,323702.0,2897498.0,278599.0,11.17,333214.0,3443297.0,58019.0,9.68,644772.0,9443917.0,11618.0,6.83,96.82434849610611,10.400245514161933
2022,WY,333636.0,3008680.0,281464.0,11.09,344774.0,3610790.0,58407.0,9.55,680771.0,9879959.0,11730.0,6.89,98.77995054429697,10.689395446664582
2023,WY,337897.0,2947863.0,283729.0,11.46,450907.0,5045931.0,58591.0,8.94,620644.0,8796321.0,11780.0,7.06,99.24288082407274,10.389713423724752
2024,WY,370054.0,2968051.0,286475.0,12.47,489048.0,5274652.0,58983.0,9.27,714083.0,8974198.0,11995.0,7.96,107.64580969834482,10.3605934200192
