state,year,rev_obl,mwh_obl,p_obl,p_exm,n_exm,mwh_exm,p_public,p_exm_all,residential_revenue_k,residential_sales_mwh,obligated_share,exempt_bal_share
AK,2000,22228.0,167163.0,13.297200935613743,10.903275230456993,8.0,1377155.0,9.256812697070584,11.271799763598283,212474.0,1854968.0,0.09011637936611305,0.742414424399774
AK,2001,22910.0,168109.0,13.62806274500473,11.713158830152775,8.0,1409449.0,9.364064196934958,11.968429096897397,229169.0,1891468.0,0.08887752793068664,0.7451614301695826
AK,2002,23234.0,169304.0,13.723243396493881,11.689205390444062,8.0,1442998.0,9.272046808286332,11.885725500918083,232769.0,1932217.0,0.08762162841958228,0.7468094939647048
AK,2003,23315.0,170376.0,13.684439122881157,11.469186436847318,8.0,1504370.0,9.480466353037432,11.821319991434704,238065.0,1987009.0,0.08574495636406276,0.7571027609839713
AK,2004,23820.0,169966.0,14.014567619406234,11.872800886875211,8.0,1576772.0,9.455697900596954,12.296432390262053,256461.0,2061905.0,0.08243153782545752,0.7647161241667293
AK,2005,25000.0,171340.0,14.590871950507761,12.82285323644466,8.0,1579820.0,9.663120567375886,13.180469679079431,274152.0,2061652.0,0.08310810941904842,0.7662883939675561
AK,2006,26642.0,180100.0,14.792892837312605,14.79901274607415,8.0,1623088.0,10.0320239455432,14.830575304846935,314378.0,2120254.0,0.08494265309722326,0.7655158297071954
AK,2007,27797.0,181802.0,15.2897107842598,15.177353871187988,8.0,1612567.0,10.01515807708965,15.169606147815387,320973.0,2114456.0,0.08598050751588115,0.7626391847359321
AK,2008,34996.9,168219.0,20.80436811537341,16.17239970275491,8.0,1632323.0,10.222736391992619,16.183272669419573,352595.0,2129811.0,0.07898306469447289,0.7664168322916917
AK,2009,29573.3,170172.0,17.378475894976848,17.21275556866429,8.0,1613852.0,10.205155793361154,17.11718749197525,362944.0,2117393.0,0.08036864200457827,0.7621882191921858
AK,2010,28441.0,171261.0,16.60681649645862,16.011614747900634,8.0,1597624.0,10.182127354902223,16.228217503418392,340340.0,2093217.0,0.08181712646132723,0.7632385939919273
AK,2011,33307.0,180816.0,18.420383151933457,17.461807911902863,8.0,1622391.0,10.200522488173409,17.541827778989212,376005.0,2134422.0,0.08471426924947363,0.7601078886930513
AK,2012,30430.0,177323.0,17.160774406027418,17.837758853582617,8.0,1639054.0,10.177451059590165,17.332926469708937,386304.0,2160196.0,0.08208653288868233,0.7587524465372587
AK,2013,31218.0,175991.0,17.73840707763465,17.917168001542507,8.0,1597402.0,10.175243511063565,17.544181735069742,381181.0,2103966.0,0.08364726426187495,0.7592337518762186
AK,2014,26095.7,168865.0,15.453587185029463,19.203202533036322,8.0,1556393.0,10.112455637747466,18.87570415700711,391068.0,2043614.0,0.0826305750498871,0.7615885387357887
AK,2015,24008.0,164828.0,14.565486446477541,20.1790193944596,8.0,1565808.0,10.252223356174369,19.77131044951725,405270.0,2044184.0,0.08063266320448649,0.7659819272629078
AK,2016,24408.4,165173.0,14.777475737560014,20.802115814224624,8.0,1533594.0,10.61202092330497,20.34690562426024,407365.0,2006392.0,0.08232339443139726,0.7643541242189961
AK,2017,26045.6,177281.0,14.69170413073031,21.762358463984416,8.0,1568682.0,10.616524125436282,21.429957806137995,438240.0,2060349.0,0.08604416047960807,0.7613671276079926
AK,2018,27153.0,173861.0,15.617648581337965,22.406507982804317,8.0,1498283.0,11.096918565054832,22.038303411419065,433247.0,1974906.0,0.0880350760998245,0.7586604121917702
AK,2019,30565.8,172652.0,17.703704561777446,23.237119383983153,8.0,1464895.0,11.293533059048503,23.279538095991665,441887.0,1928208.0,0.08954013259980251,0.759718349887564
AK,2020,27342.0,183861.0,14.87101669195751,23.187569612814535,8.0,1609797.0,11.568765103751806,23.070323524069874,471526.0,2089046.0,0.08801194420802605,0.7705895418291412
AK,2021,27794.1,186819.0,14.877555280779792,22.989885163440206,8.0,1705119.0,11.816746289828307,22.989885163440206,469886.0,2083911.0,0.08964826232982119,0.8182302411187425
AK,2022,30031.7,189732.0,15.828484388505892,23.392034236015736,8.0,1663745.0,11.788962300816168,23.392034236015736,473751.0,2050472.0,0.09253089044863817,0.8113961078229793
AK,2023,30720.0,189012.0,16.252936321503398,24.242717145008324,8.0,1670842.0,11.782052270449464,24.242717145008324,490072.0,2050667.0,0.09217098631811016,0.8147797765312457
AK,2024,32464.7,198593.0,16.347353632806797,25.191719662081507,8.0,1693071.0,12.483917266832407,25.191719662081507,513968.0,2070594.0,0.0959111250201633,0.8176740587483592
AL,2000,1222509.0,16771821.0,7.289065391289354,6.652514937672928,43.0,11256104.0,6.100432287926512,6.71956979693589,2027802.0,28756115.0,0.583243633571503,0.3914334046862728
AL,2001,1138499.0,15880971.0,7.1689508154129875,6.750087170020589,43.0,11190774.0,6.084218253480376,6.8076833643759755,1950059.0,27802207.0,0.5712126019348033,0.40251387236991654
AL,2002,1264431.0,17402645.0,7.265740351538516,6.851162872784408,43.0,11842267.0,6.142669552360049,6.92571382564138,2138395.0,30021763.0,0.5796676564264397,0.3944560817431008
AL,2003,1276800.0,16959566.0,7.5284945381267425,7.139419302688606,43.0,11680922.0,6.391588376949317,7.210698176393201,2175026.0,29416418.0,0.5765340293981409,0.3970885238304677
AL,2004,1346669.0,17368321.0,7.753593453276227,7.372857688379023,43.0,11970189.0,6.619465895924042,7.444449694422499,2295151.0,30109115.0,0.5768459484777284,0.39756030690373995
AL,2005,1476211.0,18073783.0,8.167692397324899,7.699516985391548,43.0,12456145.0,6.752039868852119,7.7620073592377565,2504003.0,31315100.0,0.5771587189566695,0.39776800968223
AL,2006,1664304.0,18632935.0,8.932054987579788,8.448267333962981,43.0,12837875.0,7.449049994442018,8.504642429853442,2824690.0,32277083.0,0.5772806359236365,0.3977396284540335
AL,2007,1833563.0,18874039.0,9.71473567475409,8.711724925688918,43.0,13096970.0,7.603268200562685,8.794243894688522,3056790.0,32783444.0,0.5757186157744745,0.39949951567016573
AL,2008,1997603.0,18379801.0,10.868469141749685,9.708613138820771,43.0,13011122.0,8.684737723084192,9.778983144846128,3347566.0,32184540.0,0.5710754604539944,0.4042662098013518
AL,2009,1961678.0,18071471.0,10.855109691955901,10.320890486084455,43.0,12645498.0,8.928675235693358,10.39178890351276,3356042.0,31489411.0,0.5738904103350806,0.40157937536526167
AL,2010,2283420.0,20417032.0,11.183897835885254,9.887400585989917,43.0,14267481.0,8.737180514846232,9.974113732823549,3790734.0,35529292.0,0.5746534999909371,0.4015695274760893
AL,2011,2143734.0,18650366.0,11.494326706510746,10.495307241778077,43.0,13558231.0,9.462324090542442,10.574749995627924,3661470.0,33002815.0,0.5651144000898105,0.4108204406199895
AL,2012,2068491.0,17612420.0,11.744501891278995,10.84408131954058,43.0,12295249.0,9.755013260917975,10.927867630673758,3491380.0,30632261.0,0.5749631083386237,0.40138235306887726
AL,2013,2078503.0,17919762.0,11.598943110963193,10.710548416316898,43.0,12726536.0,9.657987236500208,10.798137737785467,3532584.0,31378659.0,0.5710811924754337,0.4055793461409552
AL,2014,2208880.0,18726485.0,11.79548644606823,10.981638983732662,43.0,13433788.0,9.959809807550519,11.06821890980307,3781917.0,32929598.0,0.5686824661509685,0.4079548131744578
AL,2015,2206679.0,18082378.0,12.20347788327398,10.923771814538199,43.0,13069667.0,9.980411196834712,11.014621955892482,3731831.0,31908530.0,0.5666941723733434,0.40959790375802335
AL,2016,2321848.0,18342899.0,12.658020959500456,11.001987327386537,43.0,12972699.0,10.136730545420537,11.084939689485884,3843395.0,32055546.0,0.5722223230888034,0.4046943702035211
AL,2017,2302495.0,17218624.0,13.372119630465246,11.365766762249333,43.0,12255709.0,10.445497369829623,11.441997659806562,3786699.0,30181045.0,0.570511193366565,0.4060730501544927
AL,2018,2385939.0,18626138.0,12.80962806138342,11.274824185527452,43.0,13691990.0,10.51081371050937,11.347664858075111,4027603.0,33080380.0,0.563056954001133,0.41390062629268465
AL,2019,2448683.0,18264230.0,13.406987318928856,11.344514705821993,43.0,13399965.0,10.51678262623112,11.394610263736151,4061182.0,32415646.0,0.5634387172169883,0.41337954517395703
AL,2020,2379707.4,17620060.0,13.505671376828454,11.316624044387764,43.0,12983038.0,10.401462665444303,11.31659203804847,3939867.0,31331041.0,0.5623834841619211,0.4143825926498899
AL,2021,2451698.0,17466982.0,14.03618552993299,11.572679230905209,43.0,13395904.0,10.702752205283055,11.572693131105558,4092368.0,31585153.0,0.5530124232736818,0.4241202820831674
AL,2022,2853361.0,18413315.0,15.496183061007754,12.641731788664012,43.0,13765190.0,11.821307486562532,12.641447170860504,4690788.0,32923573.0,0.5592745052306444,0.418095265662691
AL,2023,2761434.0,17365015.0,15.90228398881314,12.953234375441772,43.0,13334089.0,11.784518369918933,12.953019862530255,4593824.0,31409652.0,0.552856013813843,0.42452202272091394
AL,2024,3028741.0,18058325.0,16.771992972770178,13.172262168108247,43.0,14099213.0,11.869716838964191,13.172319274310821,4993058.0,32899071.0,0.5489007577144047,0.42855960887163047
AR,2000,664413.0,8466072.0,7.847948848060825,6.9188423096827005,24.0,6100457.0,6.340594918741452,6.934011792892882,1108516.0,14870777.0,0.5693093239176407,0.4102312206013176
AR,2001,691603.0,8592142.0,8.04925011714192,7.265179001331067,24.0,6207803.0,6.431993476266522,7.275664316677837,1165380.0,15103946.0,0.5688673675078023,0.41100537568129547
AR,2002,658809.0,8755897.0,7.524174850389401,6.888802524350438,24.0,6455839.0,6.372089608319909,6.903235438885785,1126260.0,15527374.0,0.5639006956359781,0.41577146270837556
AR,2003,640391.0,8784178.0,7.290278043090657,7.154038793917077,24.0,6505556.0,6.302297740588274,7.182670462508528,1129827.0,15598301.0,0.5631496661078665,0.4170682435221631
AR,2004,652779.0,8735037.0,7.473110875202933,7.196248100610054,24.0,6578428.0,6.339162630204055,7.2205985741594,1149871.0,15619397.0,0.5592429080328774,0.42117042034337177
AR,2005,755983.0,9519541.0,7.9413807871619015,8.048512711287044,24.0,7287657.0,6.635241338839622,8.076237511412957,1370920.0,17133693.0,0.5556035701118258,0.4253407015055073
AR,2006,838008.0,9499905.0,8.821225054355807,8.85372341893361,24.0,7247640.0,7.078628760568884,8.892073363527828,1510709.0,17065081.0,0.5566867804495039,0.42470586573834607
AR,2007,828790.0,9612478.0,8.622022333887266,8.835055600287832,24.0,7476580.0,7.984135617900864,8.865823541505065,1520509.0,17414562.0,0.5519793147826514,0.4293292016187372
AR,2008,900051.0,9560960.0,9.413814093982193,9.070931146886739,24.0,7507097.0,7.996632942750425,9.100533269011954,1612760.0,17392467.0,0.5497184499473249,0.43162922200743575
AR,2009,895719.0,9284421.0,9.647548296226551,8.497744755713706,24.0,7381462.0,8.161083161083162,8.527582730010822,1552437.0,16985526.0,0.5466078000763709,0.4345736481755113
AR,2010,929930.4,10531167.0,8.830269237967645,8.847581002320043,24.0,8347693.0,8.210935122991536,8.885358664814362,1702938.0,19230961.0,0.5476152231809944,0.4340757073970458
AR,2011,911219.2,10262077.0,8.879481220029824,9.12391289263645,24.0,8185944.0,8.391378863381052,9.17996164814448,1693836.0,18787349.0,0.5462227267934395,0.43571575744933466
AR,2012,911989.6,9767668.0,9.336820211333965,9.1798203588528,24.0,7823152.0,8.559329442770714,9.206073560594666,1664696.0,17909301.0,0.5453963837002908,0.43682062186569987
AR,2013,930070.7,9850108.0,9.442238602866079,9.685643199417115,24.0,8050979.0,8.584832539235267,9.712795742062783,1746489.0,18219287.0,0.5406417935015788,0.44189319812570055
AR,2014,912104.7999999999,9972207.0,9.146468780682149,9.864599788837854,24.0,8150135.0,8.559940626276742,9.88794209638941,1753284.0,18441119.0,0.5407593216008204,0.4419544714179221
AR,2015,974731.1,9894218.0,9.851522373976398,9.716894365235952,24.0,8058900.0,8.487279596126815,9.739959580231705,1794303.0,18273389.0,0.541455008701451,0.44101835735013356
AR,2016,947716.2999999999,9501693.0,9.974183548131895,9.791492993504509,24.0,7962754.0,8.334205913490186,9.80798952519975,1764930.0,17784233.0,0.5342762322108577,0.44774233445996797
AR,2017,929302.9999999999,9103374.0,10.208335942256133,10.283047177020308,24.0,7628057.0,8.788985548852986,10.299721148324226,1749676.0,17026779.0,0.5346503880739862,0.44800352433070284
AR,2018,980211.0,10259156.0,9.55449941496162,10.023011227269683,24.0,8672723.0,8.62695624500938,10.038839246929328,1888657.0,19259204.0,0.5326884745600078,0.45031575552136005
AR,2019,955562.2000000001,9953855.0,9.599920834691686,9.979871549841041,24.0,8464139.0,8.528595932730397,10.016529093197542,1834859.0,18732316.0,0.5313734297456866,0.45184690456855414
AR,2020,1016946.5,9455040.0,10.755602303110297,9.99507126590734,24.0,8194802.0,8.658551692745595,9.99507126590734,1871422.0,17980206.0,0.525858268809601,0.455767970622806
AR,2021,1141944.5,9993567.0,11.426795857775307,11.081685540057002,24.0,8583955.0,9.024930149871771,11.081685540057002,2131723.0,18918015.0,0.528256637918936,0.4537450150028954
AR,2022,1204442.0,10067779.0,11.96333372037666,12.160217732975653,24.0,8830633.0,10.237547307980138,12.160217732975653,2320527.0,19250661.0,0.5229835484610112,0.45871843049960725
AR,2023,1216337.9999999998,9564516.0,12.717193426201595,11.731591976082905,24.0,8475611.0,10.119268733119636,11.731591976082905,2251157.0,18373971.0,0.5205470281845987,0.4612835733767077
AR,2024,1216478.0,9583157.0,12.693917046334521,11.89915718447212,24.0,8656224.0,9.479587424556346,11.89915718447212,2288691.0,18580638.0,0.515760384546537,0.46587334622201887
AZ,2000,1208720.0,13395840.0,9.023099708566242,7.550169689808782,6.0,10274630.0,7.550169689808782,7.751129484986991,2096080.0,24843978.0,0.5391986742219784,0.41356621713318215
AZ,2001,1251945.0,14090854.0,8.884805704466174,7.42313458708245,6.0,10888675.0,7.42313458708245,7.617439726993709,2174365.0,26200172.0,0.5378153242658101,0.4155955541055227
AZ,2002,1257173.0,14286385.0,8.799797849490966,7.449550719756121,6.0,10851245.0,7.449550719756121,7.6489319144476005,2184700.0,26412614.0,0.5408925068908363,0.41083570902902683
AZ,2003,1299183.0,14833973.0,8.758159395328548,7.669584613635354,6.0,11547731.0,7.669584613635354,7.875439074519737,2315709.0,27741520.0,0.5347209886120154,0.41626165401174847
AZ,2004,1370588.0,15693478.0,8.733487885859335,7.971524471533675,6.0,11789351.0,7.971524471533675,8.135094324388136,2446631.0,28920651.0,0.5426391681155448,0.40764473109543764
AZ,2005,1486775.0,16617220.0,8.947194536751635,8.618398579524172,6.0,12359802.0,8.618398579524172,8.764489091780554,2707355.0,30543645.0,0.5440483609601932,0.4046603475125513
AZ,2006,1696689.0,17499969.0,9.695382888963975,8.816854414247901,6.0,13116991.0,8.816854414247901,9.046971294311232,3041748.0,32367475.0,0.5406652511510397,0.4052522169245516
AZ,2007,1869123.0,18648579.0,10.022870911504839,8.98032967396513,6.0,13844102.0,8.98032967396513,9.237774224322935,3327590.0,34436657.0,0.5415327916411863,0.4020164326636003
AZ,2008,1900511.0,18061800.0,10.522267991008647,9.698838795838512,6.0,13241513.0,9.698838795838512,9.9626302425703,3412297.0,33236370.0,0.5434347974823965,0.39840430829239176
AZ,2009,1957649.8,17952196.0,10.904792928954206,10.23667557593332,6.0,12950935.0,10.23667557593332,10.516689653672222,3524074.0,32846843.0,0.5465425094277706,0.39428248857888715
AZ,2010,1959642.0,17745257.0,11.043187483844275,10.586284368056198,6.0,12734827.0,10.586284368056198,10.872146078037359,3558161.0,32448138.0,0.546880594504375,0.3924671116721705
AZ,2011,2011126.7000000002,18027566.0,11.155841559531666,10.738408690096318,6.0,13042249.0,10.738408690096318,10.99574806723685,3666153.0,33079074.0,0.544983998040574,0.394274912290471
AZ,2012,2052920.0,17935680.0,11.446011525629359,10.861262622326715,6.0,12960170.0,10.861262622326715,11.115192179245856,3718357.0,32922970.0,0.5447770963555232,0.39365130181147084
AZ,2013,2156910.3,18022363.0,11.967966131855183,11.182103615368288,6.0,13045227.0,11.182103615368288,11.414918529831258,3877986.0,33103602.0,0.5444230207939306,0.39407273564973383
AZ,2014,2135768.5999999996,17403464.0,12.272089050777476,11.333324693837879,6.0,12732225.0,11.333324693837879,11.514179468518737,3848998.0,32346079.0,0.5380393710161903,0.39362498929159234
AZ,2015,2220369.7,17753070.0,12.50696189447797,11.615909352333034,6.0,13023082.0,11.615909352333034,11.75532000036049,4023333.0,33167205.0,0.5352597543266007,0.39264936554044877
AZ,2016,2238566.8,17795179.0,12.579625077106558,11.606905078942363,6.0,13247640.0,11.606905078942363,11.74413799661123,4094426.0,33690783.0,0.5281913157079193,0.39321258873680676
AZ,2017,2336356.6,17881304.0,13.065918458743278,11.607635558196204,6.0,13525298.0,11.607635558196204,11.790300846653233,4259275.0,34251220.0,0.5220632724907317,0.394885145697
AZ,2018,2433847.9000000004,17883775.0,13.609251402458375,11.691624995227068,6.0,13697031.0,11.691624995227068,11.893460950640309,4425192.0,34660297.0,0.5159729300646212,0.3951792738533083
AZ,2019,2329865.0999999996,17808825.0,13.082643576990618,11.5877738948205,6.0,13684587.0,11.5877738948205,11.756808469867606,4317059.0,34720050.0,0.5129262486661166,0.39414076304613616
AZ,2020,2572728.6,19955549.0,12.892296774195488,11.470700308084995,6.0,15244819.0,11.470700308084995,11.615879663101323,4751047.0,38707416.0,0.5155484675081385,0.3938474994042485
AZ,2021,2533261.8,19073931.0,13.28127799141142,11.5374447852634,6.0,14520580.0,11.5374447852634,11.734590838250956,4655903.0,37130339.0,0.5137020429573778,0.39107049359285406
AZ,2022,2704397.4,19686598.0,13.737251098437628,11.940660916863811,6.0,15031240.0,11.940660916863811,12.225545737667186,4994758.0,38367633.0,0.5131043137323588,0.3917687598815387
AZ,2023,3023767.9999999995,19950421.0,15.156411987496401,12.579606992072852,6.0,15244578.0,12.579606992072852,12.78354529672732,5466059.0,38992365.0,0.5116494216239512,0.39096315394052145
AZ,2024,3354474.1,20624802.0,16.26427298550551,13.571484503201667,6.0,15822849.0,13.571484503201667,13.523221490221237,6027534.0,40434931.0,0.5100738764708168,0.39131633487886996
CA,2000,6948677.0,62347993.0,11.144989061636675,9.953605355687358,22.0,16278172.0,9.961834786044617,9.934235574845417,8628982.0,79240641.0,0.78681838275387,0.20542706109608577
CA,2001,7511377.0,58870395.0,12.759175473512622,9.854816953739483,22.0,17290793.0,9.861448563288944,9.875662160367927,9268972.0,76667632.0,0.7678650489687747,0.22552924290135895
CA,2002,8034311.0,59294089.0,13.549935812320179,9.570482300431687,22.0,17385989.0,9.57440286775127,9.627952228170642,9758505.0,77202300.0,0.7680352657887135,0.22520040206056038
CA,2003,8163046.0,63680107.0,12.818832104035252,10.253805684107578,22.0,18698872.0,10.258539931719007,10.280231647520663,10141558.0,82925899.0,0.7679157870811868,0.22548892716857974
CA,2004,8134059.0,63621757.0,12.785027298130103,10.27514407514151,22.0,19178534.0,10.280021918101255,10.306287486396561,10168468.0,83361251.0,0.7632054010321894,0.2300653333525429
CA,2005,8699345.0,66477266.0,13.086195512312434,10.461083838178922,22.0,18568879.0,10.466900450908142,10.495995848878783,10707559.0,85610410.0,0.7765091418204866,0.21689977889371165
CA,2006,10652210.0,69467715.0,15.334044023184006,10.864719763411674,22.0,19759893.0,10.871071862673364,10.915776161803343,12875539.0,89835749.0,0.773274734983286,0.21995578842449456
CA,2007,10597727.0,69038177.0,15.350531344418322,11.177881361841054,22.0,19505360.0,11.184967454357912,11.242912873396817,12859833.0,89158461.0,0.7743311877041036,0.21877183366814731
CA,2008,10125817.5,70675067.0,14.3272839062183,11.944544928220804,22.0,19934119.0,11.953500585351073,12.010784719079346,12594725.0,91230818.0,0.7746841314083143,0.21850203075017918
CA,2009,10697435.3,69600546.0,15.369757731498257,12.518284218638017,22.0,19577949.0,12.528405349020352,12.581151083339645,13238601.0,89798789.0,0.7750722117199152,0.2180201895595719
CA,2010,10347773.3,67937461.0,15.231321788725666,13.018065944174333,22.0,18702759.0,13.029368358518534,13.07380450358796,12873565.0,87256946.0,0.7785908642734298,0.21434120557004138
CA,2011,10457893.1,68779798.0,15.20489068607035,13.21624636260656,22.0,18999182.0,13.227942223772116,13.268276083463167,13060946.0,88398416.0,0.7780659553899699,0.21492672447886396
CA,2012,11112126.400000002,69979567.0,15.87910139541161,13.419573010438205,22.0,19493966.0,13.42983072698404,13.479255523731362,13821565.0,90109995.0,0.7766016078460553,0.21633522452198561
CA,2013,11620377.6,68989281.0,16.84374359547246,14.095652800833905,22.0,19612766.0,14.107828569064235,14.149976400781142,14481054.0,89241934.0,0.7730590083357001,0.21977074140952615
CA,2014,11408351.4,67980572.0,16.781782006776876,14.49006538552908,22.0,20175871.0,14.501170334927425,14.53763951888406,14517393.0,89360680.0,0.7607436738395456,0.2257801865428956
CA,2015,11839332.4,67211879.0,17.614940358980295,14.980654091386347,22.0,20277931.0,14.991026684149505,15.023364080132062,15187827.0,89386373.0,0.7519253410136688,0.22685707361680288
CA,2016,11911864.799999999,65651047.0,18.144211470077543,15.038048275281039,22.0,20095129.0,15.049127045701566,15.08457691753302,15359796.0,88311069.0,0.7434067749763056,0.2275493800216596
CA,2017,12719979.999999998,66308879.0,19.18292118918192,15.695388269271712,22.0,20765241.0,15.70732366686833,15.732647457933249,16500848.0,90123505.0,0.7357556610786498,0.23040871524026946
CA,2018,12907178.500000002,65775146.0,19.623184872900172,16.413779625040682,22.0,20032040.0,16.425388190270912,16.4400590542328,16782222.0,89099985.0,0.738217251102792,0.22482652494273708
CA,2019,12705221.7,64186081.0,19.79435650542366,17.252524164486633,22.0,19699984.0,17.265487645016353,17.216109148783477,16763780.0,87523987.0,0.7333541718112088,0.2250809712313494
CA,2020,14866500.3,69475954.0,21.39805133154415,17.705238605981986,22.0,21547469.0,17.717443506829756,17.716318396307063,19413314.0,94934563.0,0.7318299237338881,0.22697180372547773
CA,2021,15947748.1,65050696.0,24.5158762021547,18.284335665919865,22.0,20923411.0,18.2979136842842,18.29964291368563,20604392.0,90284143.0,0.7205107545851103,0.23175067409124103
CA,2022,18096480.400000002,63251747.0,28.610245974708022,19.101275827346115,22.0,21394039.0,19.116540929179195,19.128518984048355,23136718.0,89542208.0,0.7063902980815483,0.23892686452404657
CA,2023,19209835.200000003,57005235.0,33.6983703338825,20.001978356071568,22.0,20476597.0,20.01729280687626,20.039489044649155,24439806.0,82820898.0,0.6882953019900847,0.24723949503662712
CA,2024,21666856.400000002,58965155.0,36.745186881981404,20.94646013934006,22.0,21341744.0,20.958626645841775,20.98792052422494,27443697.0,85850538.0,0.6868350085354153,0.2485918492438568
CO,2000,589006.0,7993197.0,7.3688412784021216,7.188110840669876,31.0,5616747.0,6.340656088120501,7.22047696909259,1024815.0,14028934.0,0.5697651011830265,0.40036876643656605
CO,2001,610447.0,8190561.0,7.453054802961605,7.453812808228793,31.0,5848537.0,6.909765547584587,7.480639967896504,1080208.0,14470251.0,0.5660275692522542,0.4041766103435248
CO,2002,625302.0,8671763.0,7.210782859264027,7.545777362683779,31.0,6302187.0,6.493407590952964,7.580759780384752,1137237.0,15424846.0,0.5621944621035438,0.4085737387588829
CO,2003,732728.0,8797977.0,8.328369123947471,7.888956189984222,31.0,6450283.0,6.669473947280469,7.923064814758448,1280454.0,15724839.0,0.5594955217029567,0.41019707737548217
CO,2004,722257.0,8489745.0,8.507405110518631,8.254932323126168,31.0,6584524.0,7.281584420962578,8.303661964071173,1307036.0,15532168.0,0.5465911133590623,0.4239281985618492
CO,2005,823211.0,8960144.0,9.18747511200713,8.862628298165601,31.0,7007797.0,7.361395796704387,8.91261205336321,1489539.0,16436381.0,0.5451409285292182,0.42635888033989966
CO,2006,821123.0,9129643.0,8.994031858638941,8.99123781746312,31.0,7334474.0,7.499587398515904,9.050266744959755,1529025.0,16951534.0,0.5385732642249368,0.4326731728231793
CO,2007,865910.0,9497972.0,9.116788299649652,9.351195534964827,31.0,7634072.0,7.743643416095692,9.412392256345399,1631722.0,17634182.0,0.5386114309129848,0.43291330439937614
CO,2008,982967.0,9495338.0,10.352101210088572,9.796832369879231,31.0,7711317.0,7.628826217778456,9.86582255673542,1794446.0,17720491.0,0.5358394414692008,0.43516384506501543
CO,2009,919865.6,9294082.0,9.89732606189616,9.995018018995836,31.0,7619459.0,8.093048792337076,10.108100611094496,1740497.0,17412630.0,0.5337552110163715,0.4375823181219609
CO,2010,1089784.7,9715543.0,11.216920145379419,10.73696032311508,31.0,7879298.0,9.032396592446574,10.827351841449756,1997858.0,18102386.0,0.5366995820329983,0.43526295373438617
CO,2011,1110646.4,9784584.0,11.350982320760902,11.081197621248123,31.0,7975443.0,9.7105413930993,11.169151982138937,2059155.0,18276799.0,0.5353554525603745,0.4363697932006584
CO,2012,1115708.1,9808836.0,11.374520891163845,11.476008215923718,31.0,7910979.0,10.189085445598785,11.521409551855733,2087889.0,18220365.0,0.5383446489683384,0.4341833437475045
CO,2013,1180117.7,9884825.0,11.938680755602652,11.855391641492945,31.0,8137123.0,10.2925206929358,11.893847901219731,2210316.0,18528908.0,0.5334812499473796,0.43915826016298426
CO,2014,1157681.0,9606796.0,12.050646230022997,12.303362812072628,31.0,7925599.0,10.871123679116659,12.338899772173342,2203838.0,18092932.0,0.5309695520880751,0.4380494548921092
CO,2015,1154343.0,9732700.0,11.860460098431062,12.366507545302492,31.0,8068265.0,11.096339228289843,12.41498940247941,2227990.0,18384936.0,0.5293844917382361,0.43885194922625786
CO,2016,1160614.0,9888586.0,11.736905559601746,12.401167537719122,31.0,8317333.0,11.008632790056653,12.463843725479885,2273979.0,18833722.0,0.5250468282371377,0.4416191871155367
CO,2017,1130852.5,9714695.0,11.640638228992264,12.67752348340809,31.0,8265836.0,11.39471472799646,12.744445497830394,2264556.0,18615000.0,0.5218745635240397,0.44404168681171097
CO,2018,1152767.3,10078096.0,11.438344107855295,12.840299856553642,31.0,8553023.0,11.594013696757987,12.915798535259034,2342778.0,19286952.0,0.5225344056437741,0.44346162110010956
CO,2019,1149052.0,10063626.0,11.417872643518349,12.890964593621618,31.0,8685243.0,11.646355750930073,13.015495201278501,2362565.0,19404743.0,0.5186168144561358,0.44758351089731
CO,2020,1250106.1,10632694.0,11.757190604751722,12.894152683422707,31.0,9153515.0,11.558133381393349,12.894152683422707,2531337.0,20482502.0,0.5191110929709661,0.4468943784309163
CO,2021,1360139.1,10636185.0,12.787847334359078,13.28643702435644,31.0,9284526.0,12.324678387857523,13.28643702435644,2696118.0,20625005.0,0.5156936931651653,0.45015872723424794
CO,2022,1514268.9,10482150.0,14.44616705542279,13.861860014545288,31.0,9392733.0,13.539693301794578,13.861860014545288,2922469.0,20593942.0,0.5089919161664144,0.45609203910548063
CO,2023,1460824.2,10060884.0,14.519839409737752,13.998425312031584,31.0,9187852.0,13.193279086523733,13.998425312031584,2859285.0,19999333.0,0.5030609770835858,0.45940792125417385
CO,2024,1582824.7,10438431.0,15.163435002827534,14.592708650679665,31.0,9512478.0,13.774704973924093,14.592708650679665,3086849.0,20693690.0,0.5044257935631586,0.4596801247143453
CT,2000,1218258.0,11140280.0,10.935613826582456,9.064343132350718,4.0,429805.0,9.064343132350718,9.145414525617374,1264461.0,11645484.0,0.9566180332221486,0.03690743982817717
CT,2001,1259220.0,11460721.0,10.987266856945563,8.894983519336472,4.0,437179.0,8.894983519336472,9.068566402540592,1305823.0,11974617.0,0.9570845564413459,0.03650880859070482
CT,2002,1318815.0,11945853.0,11.039939969125689,8.915238859303523,4.0,447481.0,8.915238859303523,9.062547441931077,1366571.0,12472813.0,0.9577513107909178,0.035876509974133344
CT,2003,1440075.0,12621720.0,11.409498863863245,9.046847374620949,4.0,474541.0,9.046847374620949,9.165924084108253,1491094.0,13178336.0,0.9577628010091714,0.036009174451159844
CT,2004,1484011.0,12652006.0,11.729452230737165,9.284021417912632,4.0,478478.0,9.284021417912632,9.385145088168413,1536510.0,13211390.0,0.9576589594281903,0.036217082381187746
CT,2005,1822124.0,13217656.0,13.78553050556014,10.242577349304979,4.0,499552.0,10.242577349304979,10.361930340710671,1882773.0,13802962.0,0.9575956233162128,0.036191652197550064
CT,2006,2112699.0,12411936.0,17.02151058465013,12.954991701061042,4.0,474157.0,12.954991701061042,13.133780088915964,2185136.0,12963468.0,0.9574549032712543,0.036576400697714534
CT,2007,2476595.0,12806263.0,19.338935956570623,13.844377254468581,4.0,483207.0,13.844377254468581,13.961864668882892,2555595.0,13372090.0,0.9576859713029152,0.036135488169762545
CT,2008,2411537.7,12185659.0,19.789965401132594,13.965004809406983,4.0,462635.0,13.965004809406983,14.029189298482633,2487861.0,12729694.0,0.9572625233568065,0.036342978865006495
CT,2009,2476049.5,12035727.0,20.572496368520156,14.963340592550706,4.0,463319.0,14.963340592550706,14.992589834432568,2557384.0,12578225.0,0.9568700671199633,0.03683500652914064
CT,2010,2428781.6999999997,12506610.0,19.419984312295654,15.290626834765373,4.0,475197.0,15.290626834765373,15.337295158995106,2514466.0,13065275.0,0.9572404714022476,0.036370991043051144
CT,2011,2251611.9,12367538.0,18.205821562868856,15.781635387595907,4.0,468684.0,15.781635387595907,15.848840288939117,2338980.0,12918796.0,0.9573289956742099,0.036279232213280554
CT,2012,2129413.3,12223497.0,17.42065548017887,15.540151495203236,4.0,455724.0,15.540151495203236,15.57300013479713,2212594.0,12757633.0,0.9581320453410127,0.035721673448358325
CT,2013,2224476.9000000004,12585489.0,17.674934203986833,14.60613907297481,4.0,468833.0,14.60613907297481,14.790785545183121,2305821.0,13135451.0,0.9581314718466842,0.0356921890234298
CT,2014,2439987.5999999996,12225071.0,19.958882856385863,14.98338250281607,4.0,466075.0,14.98338250281607,15.125241835257338,2523349.0,12777579.0,0.9567595708075841,0.036476002222330224
CT,2015,2609617.2,12317667.0,21.185969713258203,15.50934692419117,4.0,467373.0,15.50934692419117,15.687520373840623,2699306.0,12892862.0,0.9553865542034033,0.036250523739414876
CT,2016,2443780.3,12079561.0,20.23070457610173,15.563609086631928,4.0,450596.0,15.563609086631928,15.742693764239052,2536772.0,12676983.0,0.952873487327387,0.035544419362241
CT,2017,2414083.6,11758048.0,20.53132969009822,15.764050798955989,4.0,445206.0,15.764050798955989,15.843141152321577,2512033.0,12379520.0,0.9497983766737321,0.03596310680866463
CT,2018,2659449.2,12377645.0,21.48590624468548,15.932451843704193,4.0,475483.0,15.932451843704193,16.00056178167089,2769111.0,13061372.0,0.9476527427593364,0.03640375605258008
CT,2019,2617714.3,11786865.0,22.208740831425487,16.285895859950344,4.0,454753.0,16.285895859950344,16.273436058399334,2732697.0,12493550.0,0.9434360129826991,0.03639902189529797
CT,2020,2823162.6,12218128.0,23.106343295797853,15.842693296839716,4.0,472046.0,15.842693296839716,15.842693296839716,2948780.0,12981839.0,0.9411708156294343,0.03636202852307751
CT,2021,2728925.2,12267479.0,22.245199686096875,16.169877433579494,4.0,480311.0,16.169877433579494,16.169877433579494,2868410.0,13092128.0,0.9370118440638527,0.03668700764306612
CT,2022,3083276.1999999997,12285253.0,25.097376504985284,18.37215737315146,4.0,487885.0,18.37215737315146,18.37215737315146,3246418.0,13190687.0,0.9313580862012721,0.03698708035449556
CT,2023,3568112.0,11613285.0,30.724398824277543,20.112866433599113,4.0,470822.0,20.112866433599113,20.112866433599113,3751250.0,12553299.0,0.9251181701320107,0.03750583810677974
CT,2024,3526171.5000000005,11955082.0,29.495167829045428,18.56764217517642,4.0,481800.0,18.56764217517642,18.56764217517642,3720210.0,12941903.0,0.923749930748206,0.03722790999128953
DC,2000,130381.0,1624101.0,8.027887428183346,,,,,,130381.0,1624101.0,1.0,
DC,2001,132283.0,1698868.0,7.786537859327505,,,,,,132283.0,1698868.0,1.0,
DC,2002,142822.0,1790103.0,7.97842358791645,,,,,,142822.0,1790103.0,1.0,
DC,2003,137577.0,1754304.0,7.842255390171829,,,,,,137577.0,1754304.0,1.0,
DC,2004,146788.0,1834434.0,8.001814183557435,,,,,,146788.0,1834434.0,1.0,
DC,2005,176520.0,1941161.0,9.093527018109265,,,,,,176448.0,1938270.0,1.0014915362668773,
DC,2006,180022.0,1823300.0,9.873416333022542,,,,,,179994.0,1822110.0,1.0006530890012129,
DC,2007,220246.0,1969563.0,11.182480580717652,,,,,,220246.0,1969563.0,1.0,
DC,2008,244867.8,1915640.0,12.782558309494476,,,,,,244868.0,1915640.0,1.0,
DC,2009,260782.3,1899655.0,13.72787690396414,,,,,,260782.0,1899655.0,1.0,
DC,2010,297450.19999999995,2123312.0,14.008784389670476,,,,,,297450.0,2123312.0,1.0,
DC,2011,276153.8,2061392.0,13.396471898600556,,,,,,276154.0,2061392.0,1.0,
DC,2012,245939.50000000003,2002527.0,12.281457378602138,,,,,,245940.0,2002527.0,1.0,
DC,2013,255574.89999999997,2033618.0,12.567497927339351,,,,,,255575.0,2033618.0,1.0,
DC,2014,263912.19999999995,2071498.0,12.740161950433935,,,,,,263973.0,2072205.0,0.9996588175397705,
DC,2015,324210.49999999994,2496610.0,12.986029055399118,,,,,,324309.0,2497559.0,0.999620028996312,
DC,2016,307333.60000000003,2500212.0,12.292301612823234,,,,,,307506.0,2501892.0,0.9993285081850056,
DC,2017,309523.69999999995,2392367.0,12.93796896546391,,,,,,309764.0,2394652.0,0.9990457903695401,
DC,2018,332624.1,2590021.0,12.842525215046518,,,,,,332869.0,2592242.0,0.9991432127093073,
DC,2019,330422.5,2544507.0,12.985717862045576,,,,,,330687.0,2546920.0,0.9990525811568483,
DC,2020,309579.9,2450264.0,12.634552848182889,,,,,,309841.0,2452589.0,0.9990520221692261,
DC,2021,330576.0,2525642.0,13.088790889603516,,,,,,330851.0,2528049.0,0.9990478823788621,
DC,2022,356960.8000000001,2516442.0,14.185139176662927,,,,,,357265.0,2519079.0,0.998953188844018,
DC,2023,389710.5,2368779.0,16.45195689424805,,,,,,390035.0,2371637.0,0.9987949251930207,
DC,2024,432829.5,2443287.0,17.71504943954599,,,,,,433140.0,2445805.0,0.9989704821112068,
DE,2000,210392.0,2500914.0,8.412604351848964,8.833858021045712,5.0,973595.0,9.164733915806195,8.833038156907222,305253.0,3574848.0,0.6995861082764917,0.2723458451939775
DE,2001,219678.0,2610882.0,8.413938278328931,8.943769212210247,5.0,1023763.0,9.462984400644407,9.052889696566057,321352.0,3733993.0,0.6992198432080617,0.27417378661395453
DE,2002,239364.0,2817181.0,8.496578672083903,9.079531573974794,5.0,1098658.0,9.909092170823444,9.176421109325949,349768.0,4020308.0,0.7007376051785087,0.273277072303913
DE,2003,243735.0,2895993.0,8.416284155382971,8.890176437011,5.0,1165005.0,9.57464763828573,8.985728489790999,360046.0,4190390.0,0.6911034533778478,0.2780182751486138
DE,2004,255093.0,2968451.0,8.59347181408755,9.059460967076417,5.0,1219035.0,10.08416587540767,9.180274863369164,377749.0,4304533.0,0.6896104641316492,0.28319796828134436
DE,2005,269564.0,3123620.0,8.629858945710426,9.629339217404631,5.0,1344194.0,10.909788519925455,9.826447287078453,414051.0,4594009.0,0.6799333653895758,0.2925971629572341
DE,2006,346966.0,2851607.0,12.167384916645247,10.944373558347536,5.0,1288452.0,12.902164033046635,11.203377892882246,504601.0,4258638.0,0.6696053996606427,0.3025502519819717
DE,2007,408864.0,2969021.0,13.771003977405346,11.712549097308827,5.0,1372784.0,13.840246655498442,11.964963301297216,588410.0,4469619.0,0.66426713328362,0.3071366933065212
DE,2008,421233.6,2945478.0,14.301026862193503,12.820476353995186,5.0,1357058.0,14.681579892280073,13.203040906013019,616997.0,4428194.0,0.665164624675432,0.30645856979165775
DE,2009,413465.1,2857964.0,14.467120649525326,13.011324037945071,5.0,1351638.0,14.719976076843494,13.307394708547626,610008.0,4334912.0,0.659289969438826,0.311802869354672
DE,2010,451894.1,3140285.0,14.390225727919598,12.325315392220045,5.0,1481885.0,14.86009000579245,12.669643783247144,657103.0,4759973.0,0.65972748164748,0.31132214405417846
DE,2011,432694.6,3026346.0,14.29759188143061,12.31311797766183,5.0,1470219.0,15.012629347151282,12.571935322354442,634568.0,4632094.0,0.6533429589295899,0.3173983515878564
DE,2012,421315.60000000003,2983010.0,14.123841354873099,12.318456988599971,5.0,1403593.0,14.787799031818397,12.512616525908385,614037.0,4521682.0,0.6597124698287054,0.3104139123450079
DE,2013,397170.79999999993,2965122.0,13.394754077572523,11.933438618627866,5.0,1467758.0,13.879284113855771,12.106034057670719,591965.0,4570013.0,0.6488213490858779,0.3211715152670244
DE,2014,415754.8,3008540.0,13.819154805985628,12.126982854241003,5.0,1496580.0,13.655317227261579,12.292451431298543,617400.0,4644841.0,0.6477164665055273,0.32220263298571467
DE,2015,433538.89999999997,3126992.0,13.864407072355798,12.437178484789976,5.0,1569327.0,13.746215634460915,12.595441284210851,650835.0,4848998.0,0.644873848164095,0.32363944056070965
DE,2016,423501.6,3071592.0,13.787690552651524,12.596217713990004,5.0,1526590.0,13.827495906886691,12.744765249017465,639086.0,4763106.0,0.6448716446789133,0.32050304990063205
DE,2017,412243.5,2966911.0,13.894703953033979,12.223682512424903,5.0,1518724.0,13.590926566705114,12.388289525304042,622385.0,4662598.0,0.636321424236016,0.3257248426735481
DE,2018,407092.6,3204123.0,12.70527379878987,12.018186370153467,5.0,1681589.0,13.551905992433454,12.181094102796594,635362.0,5070175.0,0.6319551100307189,0.3316629110435044
DE,2019,395757.2,3149245.0,12.566732661320412,12.443112812900614,5.0,1659952.0,13.514872376340604,12.499056648401034,627984.0,5004131.0,0.6293290483402613,0.3317163359632272
DE,2020,394576.8,3148214.0,12.533353831728084,12.521481714662777,5.0,1651870.0,13.438617692266922,12.521481714662777,627031.0,4991134.0,0.6307612658766525,0.3309608597965913
DE,2021,408698.0,3213677.0,12.717457292689963,12.019604393109514,5.0,1761850.0,13.302731134938295,12.019604393109514,647126.0,5170380.0,0.6215552822036291,0.34075831950456253
DE,2022,449500.0,3242067.0,13.864611681374875,13.400544355601966,5.0,1769799.0,14.547640388692077,13.400544355601966,714302.0,5210069.0,0.6222694939356849,0.339688207584199
DE,2023,487995.10000000003,3026597.0,16.1235572492803,15.064547808544726,5.0,1709663.0,15.335595816887773,15.064547808544726,775833.0,4931847.0,0.61368428501533,0.34665775317036396
DE,2024,558805.5,3188812.0,17.523939950050362,14.842246734027526,5.0,1787982.0,16.489386212985295,14.842246734027526,857254.0,5174514.0,0.6162534297907011,0.34553621847385085
FL,2000,5923809.0,75988662.0,7.795648513984889,7.681787028435787,31.0,22203922.0,7.687043126226029,7.7009401291909185,7696330.0,99005605.0,0.7675187884564717,0.22426934313466393
FL,2001,6797900.0,77961932.0,8.71951197925675,8.158854894453063,31.0,22596345.0,8.047222710975028,8.178482464546583,8712905.0,101377095.0,0.7690290592761609,0.22289398803546304
FL,2002,6845598.0,83152551.0,8.23257725430456,7.880941801066236,31.0,24138346.0,7.8298429931622975,7.905926743275852,8822971.0,108163825.0,0.7687648897401697,0.22316468560537683
FL,2003,7475800.0,86523617.0,8.640184332562056,8.249089787883673,31.0,25247137.0,8.117534659511753,8.268741841538057,9636112.0,112649865.0,0.7680756386170547,0.22412043725041303
FL,2004,7803383.0,85720729.0,9.103262525917156,8.589910006383858,31.0,25613039.0,8.526373434151164,8.61898122605215,10085886.0,112203012.0,0.763978858250258,0.22827407699180124
FL,2005,8542759.0,88302135.0,9.674464835986129,9.410679274011256,31.0,26580908.0,9.225124559611416,9.450865361403576,11140738.0,115791459.0,0.7625962723209144,0.2295584512843905
FL,2006,10344592.0,89084516.0,11.612110010228937,10.381662040328019,31.0,27068922.0,10.21834859529692,10.436945664100767,13263648.0,117053005.0,0.7610613328551454,0.23125354193170863
FL,2007,10230119.0,89675007.0,11.407993533805913,10.58538206765524,31.0,27239338.0,10.626151674202413,10.633673093803612,13222562.0,117816205.0,0.7611432315274457,0.2312019641101154
FL,2008,10088592.0,86694377.0,11.636962337245931,11.67417863915922,31.0,26369683.0,11.927023137944548,11.71005074001561,13278714.0,113936978.0,0.7608976341289305,0.23144095501637757
FL,2009,10824380.0,87590038.0,12.358003543736332,12.410553063711657,31.0,27009673.0,12.721959615827199,12.474147320170626,14302606.0,115473511.0,0.7585292699725741,0.23390362660749095
FL,2010,10336453.3,92290411.0,11.199921192246073,12.142090005293456,31.0,29016960.0,12.146731895776739,12.171188859112728,13982240.0,122244650.0,0.7549648266815766,0.2373679338932215
FL,2011,9969426.9,88342896.0,11.284921993048542,12.206590633239042,31.0,27115179.0,12.37021728304679,12.213482655265556,13388983.0,116341105.0,0.7593437934081854,0.23306619788423016
FL,2012,9566783.3,85376369.0,11.205423013480464,12.09495415290688,31.0,25741981.0,11.999164239643113,12.104558436754964,12806820.0,112127056.0,0.7614252263967405,0.22957867546259308
FL,2013,9550858.200000001,86430267.0,11.05036294750773,11.942148462940446,31.0,25844672.0,11.653124998605472,11.97683056803747,12770123.0,113293913.0,0.7628853546615518,0.22812056990210938
FL,2014,10410017.6,88555830.0,11.755315940237926,12.284739637358305,31.0,26937774.0,12.052007923026096,12.309654688517226,13854538.0,116535263.0,0.7599058664328925,0.23115556018438813
FL,2015,10745046.4,93763273.0,11.459760369073294,11.951032229378985,31.0,27893122.0,11.717701870052556,11.969823242380754,14216590.0,122759472.0,0.7637966461765167,0.2272176765308994
FL,2016,10156513.399999999,93687300.0,10.840864663620362,11.413394706423732,31.0,28528464.0,11.225414348326645,11.432615526103316,13545273.0,123320547.0,0.7597055176863593,0.23133585354596262
FL,2017,10718238.100000001,92338111.0,11.607599488362938,11.582461941414634,31.0,28041439.0,11.399249070444439,11.599962571005259,14097730.0,121462622.0,0.7602183246134766,0.2308647593660542
FL,2018,10924047.5,94997413.0,11.499310512803122,11.632431818188001,31.0,29409896.0,11.3908609181821,11.663074787330578,14485280.0,125528047.0,0.7567823707159246,0.23428944130708892
FL,2019,11310730.899999999,96524492.0,11.717990600768973,11.644501774333671,31.0,29881640.0,11.497112483017947,11.650777733324894,14882751.0,127181551.0,0.7589504235563223,0.23495263082614867
FL,2020,11362890.5,101203059.0,11.22781328180999,11.388681783472203,31.0,31277684.0,11.120549825190333,11.384587349642599,15021436.0,133298869.0,0.7592191873736003,0.23464328118192812
FL,2021,11798517.799999999,98685833.0,11.955634807277757,11.70736718521644,31.0,30862547.0,11.683341937390344,11.710755473376421,15518174.0,130412464.0,0.7567208683366339,0.23665335393095555
FL,2022,14110394.6,101396395.0,13.916071276498537,13.860270334779942,31.0,31895489.0,13.806271719115593,13.863197813343117,18664364.0,134245975.0,0.7553030547098339,0.23758990912018033
FL,2023,16203252.1,102363320.0,15.829158432923043,13.29116477894561,31.0,32395941.0,13.212829228252474,13.293399540878562,20651963.0,135805022.0,0.7537520961485504,0.2385474448802048
FL,2024,14948574.9,103549232.0,14.43620064705067,13.189049923485221,31.0,33651016.0,13.060969427706512,13.202565571254352,19561174.0,138370720.0,0.748346413171804,0.24319462961528276
GA,2000,1638497.0,22364570.0,7.326306743210355,7.855741116464992,55.0,20639644.0,7.257003555519592,7.874566014069568,3386290.0,44559990.0,0.5018980031189415,0.4631878059218595
GA,2001,1614395.0,21777815.0,7.413025595083804,8.00309802490464,55.0,21055996.0,7.337923207666801,8.022710687600492,3427720.0,44380213.0,0.49071001529442865,0.47444558231390194
GA,2002,1739700.0,23937889.0,7.267558137645304,7.946935303812061,55.0,23039951.0,7.429984240249018,7.972769918290373,3705932.0,48599732.0,0.49255187250826815,0.4740756800881124
GA,2003,1725897.0,23517071.0,7.3389113805881685,8.018370236060564,55.0,23035741.0,7.511276611537519,8.049451277010462,3710663.0,48174230.0,0.4881670345327782,0.4781755930504753
GA,2004,1900961.0,24829833.0,7.655955640136606,8.00420122400264,55.0,24611875.0,7.47957293800047,8.045571730594158,4016437.0,51123502.0,0.48568333601246644,0.48141997392901603
GA,2005,2227137.0,25508473.0,8.73096950962137,8.52543519166564,55.0,25614059.0,7.657032760084635,8.559659058982968,4565468.0,52826512.0,0.48287255838507753,0.4848712896282079
GA,2006,2326191.0,26206170.0,8.87650122089569,8.910056908286663,55.0,26572580.0,8.170980373653487,8.940833091466185,4857738.0,54520612.0,0.4806653674393824,0.48738594497068377
GA,2007,2442501.0,26840275.0,9.10013403364906,9.064606613232689,55.0,27599543.0,8.363108748262906,9.090707676373883,5113632.0,56223367.0,0.4773864752710381,0.490890967095585
GA,2008,2705316.0,26412131.0,10.242702491518008,9.626471979879035,55.0,27403058.0,8.503898635477583,9.639028517136527,5517454.0,55586624.0,0.475152637440259,0.4929793541698089
GA,2009,2664886.5,26272226.0,10.143360140096238,10.102488512687797,55.0,26978243.0,9.089826862602132,10.119339458541122,5587891.0,55157559.0,0.4763123400729173,0.48911234451111224
GA,2010,3025172.9,29433085.0,10.278137341022866,9.845530938580694,55.0,30188699.0,9.276044740918925,9.878759692171698,6198370.0,61554498.0,0.4781630255517639,0.49043855414108
GA,2011,3240771.3,27223443.0,11.904340314338638,10.266945011125108,55.0,28674782.0,9.778001682936486,10.295557476827353,6383601.0,57749519.0,0.4714055367283665,0.49653715730515435
GA,2012,2986269.8,25742280.0,11.60064221195636,10.742885307043919,55.0,26290734.0,10.43895612925298,10.78090521149514,5996286.0,53660167.0,0.4797279143764126,0.48994879199686425
GA,2013,3057890.0,25478655.0,12.001771679078036,10.898797610426323,55.0,26437854.0,10.818288642086623,10.953763561404244,6135755.0,53544411.0,0.4758415402122922,0.49375562278572827
GA,2014,3357169.0,27132065.0,12.373437112140193,10.913507918192163,55.0,28309366.0,10.957767136460328,10.982506918716767,6659464.0,57167387.0,0.4746074015941992,0.49520132868763095
GA,2015,3237812.1,26648898.0,12.149891151221338,10.90831439898923,55.0,28064963.0,11.234146311376827,10.982148900509442,6511155.0,56421650.0,0.4723168854508863,0.49741478669978634
GA,2016,3337864.7,27585289.0,12.100162155270516,10.87839828861664,55.0,28577583.0,11.131114327300171,10.944697889733082,6659243.0,57889379.0,0.4765172727107679,0.493658482672616
GA,2017,3235638.2,26143932.0,12.376249295630053,11.389221790370732,55.0,26979954.0,11.227642866423636,11.445369478010479,6516806.0,54771449.0,0.47732774058980987,0.49259156901253426
GA,2018,3295680.4,28331136.0,11.632715327758124,11.256514483131417,55.0,29588111.0,11.290956585352845,11.313743125853987,6847325.0,59689106.0,0.4746450047350349,0.49570370512836964
GA,2019,3411530.9,28201080.0,12.097164009321629,11.380436918495276,55.0,29429791.0,11.422735025584428,11.46234970881747,6979149.0,59331491.0,0.47531385988597524,0.4960231152795402
GA,2020,3446630.6,27828611.0,12.385205283871336,11.593607321050861,55.0,28699705.0,11.641888055838495,11.604148181257724,6995859.0,58220280.0,0.4779882714408107,0.4929503087240391
GA,2021,3684951.4,27867774.0,13.222984368970408,11.809772386094151,55.0,29096333.0,11.832040955540766,11.820599771054889,7339634.0,58684962.0,0.47487078546630057,0.4958056034866309
GA,2022,4415254.4,29085636.0,15.180188598935915,12.559156174989559,55.0,30064148.0,12.03373642825373,12.571073797562399,8437884.0,61140241.0,0.4757200090199186,0.4917243947402824
GA,2023,4039663.4,27622686.0,14.624440939595809,12.809710142072836,55.0,29090079.0,12.584825752159903,12.827792633810803,7996719.0,58412499.0,0.4728899888361222,0.4980112047594471
GA,2024,4509930.6,29113358.0,15.490932375440853,12.781314838024377,55.0,31140581.0,13.00137468810553,12.781752379446248,8740026.0,62062953.0,0.46909398590814716,0.5017579650133631
HI,2000,453649.0,2764618.0,16.409102451043868,,,,,,453649.0,2764618.0,1.0,
HI,2001,457797.0,2802432.0,16.33570413126884,,,,,,457800.0,2802470.0,0.9999864405328157,
HI,2002,453157.0,2898380.0,15.634837391922385,,,,,,453157.0,2898380.0,1.0,
HI,2003,471697.0,2875907.0,16.401677801125,,,,,22.97838112254653,506552.0,3027624.0,0.9498890879448703,
HI,2004,527970.0,3000668.0,17.595082161705328,,,,,26.767645492488512,571200.0,3162192.0,0.948920242667112,
HI,2005,607031.0,3008028.0,20.180364012569033,,,,,30.752169843976358,655008.0,3164065.0,0.9506846414343574,
HI,2006,690425.0,3022160.0,22.8454151997247,,,,,32.79924128980733,742993.0,3182432.0,0.9496385154498195,
HI,2007,713240.0,3035497.0,23.496646512910406,,,,,35.61188536003584,772068.0,3200725.0,0.9483779456216951,
HI,2008,935061.4,2924704.0,31.971146481832008,,,,,42.07528710921678,1002587.0,3085237.0,0.9479673684712066,
HI,2009,690655.3,2893295.0,23.870891146599295,,,,,30.108801699331877,739418.0,3055273.0,0.9469841156584043,
HI,2010,781466.6000000001,2830011.0,27.61355344555198,,,,,36.75686525409908,840072.0,2989499.0,0.9466505926243829,
HI,2011,946653.1000000001,2769672.0,34.17924938404259,,,,,43.39697367842032,1015685.0,2928743.0,0.945686255161344,
HI,2012,952158.8,2582020.0,36.87650754060775,,,,,45.00629458665548,1022944.0,2739298.0,0.9425845599858066,
HI,2013,894990.9,2450919.0,36.51654338637874,,,,,44.25915485820342,964882.0,2608853.0,0.9394622847665238,
HI,2014,879604.8,2379713.0,36.962642133736296,,,,,43.01403689554639,957073.0,2583770.0,0.9210235431172279,
HI,2015,709886.3,2396458.0,29.622313430905113,,,,,34.30388194727671,781896.0,2641336.0,0.9072900986470483,
HI,2016,638776.5,2332735.0,27.383157538254455,,,,,34.02533560219323,717390.0,2611727.0,0.8931771965446619,
HI,2017,691856.8,2334484.0,29.636390739880845,,,,,34.52068546053641,775853.0,2629679.0,0.8877448540297124,
HI,2018,788027.8,2410781.0,32.68765599197936,,,,,37.29839863557799,880207.0,2710698.0,0.8893580177504097,
HI,2019,791398.1,2439272.0,32.444028382238635,,,,,34.86654823903257,884847.0,2759774.0,0.8838665774806198,
HI,2020,770134.8,2525393.0,30.495641668445266,,,,,33.70368489076266,862771.0,2849114.0,0.8863783618345914,
HI,2021,843655.4,2491575.0,33.860325296248355,,,,,36.33180129292756,946210.0,2825082.0,0.8819478514251976,
HI,2022,1069974.0,2415197.0,44.30172776796261,,,,,39.314422651142195,1182559.0,2748479.0,0.8787394773618427,
HI,2023,1028415.0,2342083.0,43.91027132684879,,,,,37.53518948182521,1141701.0,2693161.0,0.869640916380417,
HI,2024,1011288.7,2295414.0,44.05691957964881,,,,,41.286442847703995,1136578.0,2651594.0,0.8656732516365627,
IA,2000,694696.0,7940265.0,8.749027897683517,7.696199719868943,20.0,1944804.0,6.2278015322446505,7.644925958774072,1007251.0,12028663.0,0.6601120174370169,0.16168081190735828
IA,2001,718756.0,8201443.0,8.76377486254553,7.789220613907832,20.0,2047278.0,6.216018922749487,7.720655622011012,1045203.0,12429672.0,0.6598277895024101,0.16470893198147143
IA,2002,733891.0,8554789.0,8.57871538386277,8.05237475355617,20.0,2114072.0,6.511782022441519,7.902799544274084,1078910.0,12920571.0,0.6621061097067614,0.1636206325556355
IA,2003,738581.0,8447544.0,8.743144753078527,8.415591333947194,20.0,2094933.0,6.9423457794612675,8.22672278077327,1093976.0,12767551.0,0.6616416883707769,0.16408260284215823
IA,2004,762652.0,8301728.0,9.186665715860602,8.689601026069942,20.0,2106679.0,7.459254468621711,8.533794822083273,1131602.0,12625127.0,0.6575559992386611,0.16686398481377654
IA,2005,859837.0,9022387.0,9.530039001873893,9.035607823475878,20.0,2201988.0,7.829206117202416,8.759564462293685,1258241.0,13570604.0,0.6648478579140619,0.1622616060420008
IA,2006,873512.0,8844097.0,9.876779958428768,9.397934193285785,20.0,2186555.0,8.489946116441056,9.14988208330676,1285276.0,13344308.0,0.662761755798802,0.16385675450536663
IA,2007,884642.0,9336123.0,9.475474991064278,9.674362403469097,20.0,2294084.0,8.369979661809722,9.388018702797693,1328152.0,14060336.0,0.6640042599266476,0.1631599700035618
IA,2008,875010.0,9274410.0,9.43467023778332,9.797419188257503,20.0,2339264.0,8.892646789127774,9.598280802292264,1335608.0,14073160.0,0.6590140380696304,0.1662216588172095
IA,2009,890265.0,9039163.0,9.848976061168495,10.324752970406992,20.0,2255499.0,9.085092671129882,10.253607301062068,1370570.0,13723413.0,0.6586672717639556,0.16435408596972195
IA,2010,1013335.0,9773407.0,10.368288151716182,10.540661693664209,20.0,2297740.0,9.647007029694294,10.530774879164008,1516862.0,14554888.0,0.671486238849794,0.15786724020136741
IA,2011,990170.0,9649185.0,10.261695676888774,10.922345688364722,20.0,2257299.0,10.196892482381392,10.881206673698783,1499148.0,14326771.0,0.6735073101957169,0.1575581127108125
IA,2012,993802.0,9448293.0,10.518323256910005,11.451953310074515,20.0,2205615.0,10.311953542042316,11.501160105185457,1513376.0,13987613.0,0.6754757226983618,0.1576834446306171
IA,2013,1061367.0,9776097.0,10.856756024413423,11.38678930741596,20.0,2399420.0,10.57352272587641,11.477382323537059,1614968.0,14625866.0,0.6684114978217358,0.16405319179048952
IA,2014,1048375.0,9550484.0,10.977192360094001,11.430464850700757,20.0,2431727.0,10.945381756973322,11.546525294310086,1610036.0,14426582.0,0.6620060108485849,0.16855877573773193
IA,2015,1057527.7,9158579.0,11.546853502055287,11.693055603326108,20.0,2296859.0,10.84054795686116,11.830596225140132,1603951.0,13786328.0,0.6643233063945672,0.16660411677424183
IA,2016,1121534.5,9349166.0,11.996091416068557,11.571747978647418,20.0,2365990.0,10.539580227847997,11.858248865622608,1682433.0,14093678.0,0.6633588478465309,0.16787597957041447
IA,2017,1121450.0,9059546.0,12.378655619166787,12.189595308381545,20.0,2403435.0,11.289120889139548,12.323684862206813,1692832.0,13721869.0,0.6602268247860404,0.17515361792187348
IA,2018,1217999.4,9801605.0,12.426530144807915,11.773072844601295,20.0,2592409.0,11.059352645093405,11.936532129101272,1817122.0,14840349.0,0.660469979513285,0.17468652522929212
IA,2019,1209143.0,9502106.0,12.7250001210258,11.798297427553955,20.0,2571638.0,11.089633769876478,11.94234585768837,1805899.0,14494821.0,0.6555518001912545,0.17741771354058114
IA,2020,1221611.1,9616901.0,12.702752165172546,11.836163703560365,20.0,2501204.0,11.030115998770446,11.835417339399383,1815028.0,14567483.0,0.6601621570452494,0.17169774627504283
IA,2021,1267198.0,9701130.0,13.062375207836613,11.98040550739812,20.0,2490904.0,11.5027160811916,11.979855954584801,1864645.0,14651755.0,0.6621138559851704,0.17000721074028333
IA,2022,1366842.1,10092389.0,13.543295844026623,12.265423787943778,20.0,2585503.0,11.957939672781668,12.264881310244279,1997146.0,15192859.0,0.6642850433878179,0.17017883204207976
IA,2023,1309424.1,9664504.0,13.548797744819602,12.778515964863102,20.0,2472273.0,11.670301408075979,12.777921990753658,1940409.0,14581845.0,0.6627764867888802,0.16954459466548985
IA,2024,1302283.7,9586948.0,13.583923684576154,13.113407476952474,20.0,2417830.0,11.776218413598903,13.112964663476745,1939175.0,14468850.0,0.6625922585416256,0.16710588609322788
ID,2000,311672.0,5802176.0,5.371639881313493,5.465971212439082,10.0,829386.0,4.36140743796782,5.465845729730178,377498.0,7006491.0,0.8281143870733582,0.11837394781496187
ID,2001,342810.0,5677422.0,6.038127868599516,5.768474134498481,10.0,846359.0,4.452212914715388,5.855353368226661,414721.0,6905546.0,0.8221539614680722,0.12256221303862141
ID,2002,380952.0,5791352.0,6.577945875160066,6.575359347516777,10.0,892590.0,5.522375385660506,6.640412475485544,464924.0,7055912.0,0.8207800777560718,0.12650242803481676
ID,2003,356335.0,5858562.0,6.0822945972066185,7.094194926372094,10.0,868964.0,6.962803049261028,7.00416347867334,442569.0,7089744.0,0.8263432360886374,0.12256634372129657
ID,2004,356587.0,6055609.0,5.888540690127121,7.149191065330572,10.0,893150.0,6.967373081398158,7.138168351452731,446408.0,7313929.0,0.8279556719787682,0.12211630711755611
ID,2005,386519.0,6312318.0,6.123249810925242,7.156448834770512,10.0,920205.0,6.787569522201214,7.095125298032983,477936.0,7600766.0,0.830484453803735,0.12106740294333493
ID,2006,402352.0,6691858.0,6.012560338249855,7.166195929441474,10.0,979669.0,6.544045371293605,7.168041991275738,500240.0,8057475.0,0.8305155150962306,0.12158511196125336
ID,2007,427504.0,6927448.0,6.171161443579223,7.245871315143868,10.0,1020664.0,6.262503535030846,7.282513624436521,530332.0,8339433.0,0.8306857312721381,0.12239009534581068
ID,2008,488876.0,7049847.0,6.9345618422640944,7.180928864196296,10.0,1078866.0,6.060306573238587,7.2611376901475015,597059.0,8539743.0,0.8255338597426175,0.12633471522503664
ID,2009,556763.2,7035764.0,7.913329668249247,7.2343017202458295,10.0,1085310.0,5.973467926201276,7.2743479905076,667177.0,8553610.0,0.8225490757703473,0.12688326916939163
ID,2010,535799.6000000001,6662432.0,8.042102343408535,7.7232013814237055,10.0,1058618.0,6.293835798632273,7.729694825490537,649759.0,8136736.0,0.8188089179739886,0.13010352062546948
ID,2011,542339.0,6869525.0,7.894854447723823,7.811577436483663,10.0,1091727.0,6.296532437346719,7.776978980373482,660576.0,8389866.0,0.818788404963798,0.13012448589762934
ID,2012,588221.6000000001,6694867.0,8.786158111878848,8.187423554607994,10.0,1034235.0,6.870040658110703,8.24941499429579,707181.0,8159349.0,0.8205148474467755,0.12675459770136074
ID,2013,678984.6,7090949.0,9.575369954007567,8.246482846651189,10.0,1081130.0,6.871138845553822,8.311008520632534,803665.0,8619262.0,0.8226863274373143,0.12543185251823183
ID,2014,662232.5,6637881.0,9.97656481036644,8.834185414674305,10.0,1051934.0,7.234999408260681,8.84100461545782,791099.0,8134913.0,0.8159744302120994,0.12931103258264717
ID,2015,673842.7,6607661.0,10.197900588423044,8.806938186255364,10.0,1029318.0,7.200506791152271,8.894146981562841,799700.0,8054693.0,0.8203492051155767,0.12779109023770366
ID,2016,682135.5,6680731.0,10.210491935687877,8.943415520211849,10.0,1058117.0,6.968154088307295,9.050523787346165,813497.0,8172022.0,0.8175126058153049,0.12948043947997204
ID,2017,731634.1,7117301.0,10.27965657206292,9.119945515638193,10.0,1151156.0,7.432374749567984,9.193026635236839,876364.0,8727901.0,0.8154653679046084,0.13189379668719892
ID,2018,708580.7,6843894.0,10.353472745194475,9.407309261801053,10.0,1134369.0,7.899845545620722,9.489978863421726,855157.0,8427578.0,0.8120831394262978,0.13460201732929675
ID,2019,705647.8,7059306.0,9.995993940480835,9.449523409742193,10.0,1195891.0,7.76158117291039,9.429392203355244,860048.0,8696843.0,0.8117090305068172,0.1375086338801333
ID,2020,733136.3,7279378.0,10.0714140686196,9.392831141648086,10.0,1230712.0,7.810867591230604,9.392831141648086,892473.0,8970751.0,0.8114569226143943,0.13719163534914747
ID,2021,778136.3,7546379.0,10.311386427848376,9.46391052027275,10.0,1280290.0,7.905524785103131,9.46391052027275,944639.0,9300843.0,0.8113650558341862,0.1376531138091461
ID,2022,852002.2,8064138.0,10.565322666849204,9.59797720617096,10.0,1403801.0,8.159845151555443,9.59797720617096,1033583.0,9963653.0,0.8093555646709093,0.1408922008825478
ID,2023,893294.3,7885732.0,11.327981980620189,10.023843764421631,10.0,1417142.0,8.755040549251225,10.023843764421631,1082537.0,9793265.0,0.8052199138898007,0.14470577483607358
ID,2024,933864.6,7933686.0,11.770879260913528,10.634667184043641,10.0,1412252.0,9.247927248282044,10.634667184043641,1132688.0,9832269.0,0.806902862401344,0.14363439405492262
IL,2000,3127875.0,35290295.0,8.8632724662687,8.331040615423179,21.0,3351190.0,6.4309922437776255,8.616018678340218,3546278.0,40146401.0,0.8790400663810437,0.08347423222320725
IL,2001,3208092.0,36764491.0,8.726061242082746,8.345276841326129,21.0,3500507.0,6.555736737927193,8.633543493302561,3644562.0,41820005.0,0.8791125443433113,0.08370412676899489
IL,2002,3313173.0,39680905.0,8.349539910947092,8.41449610364594,21.0,3696276.0,6.812595689418739,8.688049197968132,3777911.0,45030069.0,0.8812090649916614,0.08208461772510275
IL,2003,3147138.0,37834168.0,8.318242917354493,8.49102093384015,21.0,3706009.0,6.852083060583903,8.797720513203648,3615807.0,43161332.0,0.8765755422005975,0.08586410169176428
IL,2004,3163590.0,38116190.0,8.299858931336,8.603135330264251,21.0,3698175.0,6.912878479510606,8.911780559381926,3638262.0,43442533.0,0.8773933600971195,0.08512797814989287
IL,2005,3532989.0,42843266.0,8.246311100558954,8.790705023691341,21.0,3974448.0,7.152261907855577,9.07741504017421,4054880.0,48592601.0,0.8816829130015081,0.08179121755594025
IL,2006,3375423.0,40655886.0,8.302421450119178,8.980283697006806,21.0,3975086.0,7.42449860003092,9.287882492664524,3907210.0,46381486.0,0.8765541923344154,0.0857041535926641
IL,2007,4277995.0,41964383.0,10.19434743029583,9.405055234547932,21.0,4248428.0,8.229912989092583,9.63955468143464,4863297.0,48036261.0,0.8735980304545352,0.08844210418458673
IL,2008,4558025.699999999,40744126.0,11.186951709308968,10.087774310973668,21.0,4230281.0,9.185602841306997,10.265777257952825,5177691.0,46780346.0,0.8709667517209043,0.09042859580388739
IL,2009,4341467.2,38385539.0,11.31016344462429,10.84617737217133,21.0,4142713.0,9.476817944540235,11.027771845997666,4996392.0,44324492.0,0.8660119330865653,0.09346329338641941
IL,2010,4884446.3,42264482.0,11.556858309537544,11.121394860263134,21.0,4397229.0,9.950597501952739,11.30857157691258,5599019.0,48582984.0,0.8699441351729239,0.09050965251537452
IL,2011,4828029.2,40859951.0,11.8160425596203,11.279734142060951,21.0,4320202.0,10.023660815992166,11.570636182055518,5545106.0,47057002.0,0.868307568765218,0.09180784615220494
IL,2012,4595295.4,40870025.0,11.243681402201247,12.027765935185485,21.0,4219703.0,10.362489872764963,12.267499468060599,5335088.0,46901870.0,0.8713943601822273,0.08996875817531369
IL,2013,4162342.5999999996,40324279.0,10.32217488625153,12.41351961499859,21.0,4236452.0,11.08298680281664,12.615253724764624,4927661.0,46372234.0,0.8695780971000879,0.09135751363628503
IL,2014,4680409.7,39837221.0,11.748835843745226,12.807094307512216,21.0,4301195.0,11.515545107332704,12.967047572646079,5481125.0,46009458.0,0.8658485174939465,0.09348501779786235
IL,2015,4791476.9,38726684.0,12.372546278426524,13.141697178496026,21.0,4115890.0,12.091617489048682,13.328414913155703,5581101.0,44645638.0,0.8674236887375201,0.09219019336222724
IL,2016,4957821.9,40000736.0,12.394326694388823,13.291295912062337,21.0,4159310.0,12.448960261089342,13.4598741046083,5764945.0,45990052.0,0.8697693144595705,0.09043934109924467
IL,2017,4864383.799999999,37932529.0,12.823779295074154,13.57205737688213,21.0,4023502.0,12.731414872931007,13.769960228940917,5661904.0,43717391.0,0.8676759553194746,0.09203435767701691
IL,2018,5170891.100000001,41002814.0,12.611063962585595,13.598085826028521,21.0,4297624.0,12.874858573291956,13.748561525388075,6028532.0,47225915.0,0.8682269893553147,0.09100139192644546
IL,2019,5061313.100000001,39157863.0,12.925406833360647,13.46401542910231,21.0,4209707.0,12.638795664044123,13.683593199237468,5890958.0,45220258.0,0.865936302265237,0.09309338748133635
IL,2020,5194498.9,40163934.0,12.933242296434408,13.429306723772106,21.0,4170531.0,12.57841905926428,13.429306723772106,6021966.0,46170538.0,0.869903963432265,0.09032883697391614
IL,2021,5323312.199999999,40591784.0,13.114260265082212,13.253488161653596,21.0,4265714.0,12.35880295167478,13.253488161653596,6167780.0,46813068.0,0.8671036899354685,0.09112229089535426
IL,2022,6400860.600000001,40178418.0,15.931091662195362,13.56588081253905,21.0,4283068.0,12.416047344682578,13.56588081253905,7274069.0,46479195.0,0.8644387666352655,0.09215021903886245
IL,2023,5911075.800000001,37315482.0,15.840813204556758,14.489225072584677,21.0,4019099.0,12.685323245679342,14.489225072584677,6804072.0,43319747.0,0.8613965820252828,0.09277752707096835
IL,2024,6173937.0,38664072.0,15.968149966201182,14.73720509359049,21.0,4049717.0,12.690856686087775,14.73720509359049,7117529.0,44850719.0,0.8620613640552786,0.09029324591206665
IN,2000,1435446.0,20796916.0,6.9022060770933535,6.756614178397593,39.0,5971112.0,5.762915010997386,6.76698221921987,1966764.0,28648540.0,0.7259328398585059,0.20842639799445278
IN,2001,1469307.0,21231090.0,6.9205443526451065,6.95290121345548,39.0,6251074.0,6.117456943415488,6.9347023936369965,2037161.0,29419675.0,0.7216629687445562,0.2124793696735263
IN,2002,1565714.0,22799182.0,6.867413050169959,7.082594693203983,39.0,6694171.0,5.828256310014696,7.034813983070273,2182577.0,31567900.0,0.7222267556600217,0.21205626601706162
IN,2003,1542817.0,22095622.0,6.982455619488784,7.214295372480264,39.0,6611706.0,6.0010186148910245,7.176385855094387,2162179.0,30726178.0,0.7191139099695381,0.2151815302248135
IN,2004,1623309.0,22420387.0,7.2403255126684485,7.484717742365989,39.0,6743768.0,6.615282905583634,7.45105759998869,2276904.0,31192229.0,0.7187811746316687,0.21620025936588244
IN,2005,1804463.0,24209494.0,7.45353455136237,7.632833212967559,39.0,7262585.0,6.767766607257185,7.623787898219547,2522561.0,33628670.0,0.7199063775046709,0.2159640865963477
IN,2006,1883239.0,23083841.0,8.15825667834049,8.372847734711037,39.0,7102052.0,7.420652563950438,8.391094020337238,2655440.0,32286467.0,0.7149695567495818,0.2199699335328328
IN,2007,2006386.0,24910388.0,8.054414889081615,8.840360806696301,39.0,7540880.0,7.592576069136362,8.791270533129259,2862275.0,34646057.0,0.7189963348498791,0.21765478247640127
IN,2008,2102689.0,24288899.0,8.656995938761984,9.473126253788042,39.0,7497280.0,8.127330353103812,9.417895783444317,3015426.0,33980411.0,0.7147912072046451,0.22063535370422682
IN,2009,2113458.1,23207341.0,9.106851577696903,10.557241131453567,39.0,7212174.0,9.305507793854224,10.48908163051191,3093219.0,32548113.0,0.713016481170506,0.22158501170252173
IN,2010,2297371.5,25163493.0,9.129779796469432,10.721045665682764,39.0,7677253.0,8.909195264236908,10.641704663594169,3350355.0,35058372.0,0.717759883430982,0.21898486900646727
IN,2011,2348861.7,24268559.0,9.678620391099448,11.091547096822195,39.0,7445927.0,9.085005116965622,11.007896582364628,3410413.0,33912098.0,0.7156313065620417,0.21956550727118093
IN,2012,2387872.7,23591104.0,10.1219201102246,11.635310465276065,39.0,7342673.0,9.604768914584799,11.619188616332558,3469890.0,32963522.0,0.7156730400349817,0.22275147054977923
IN,2013,2551067.8,23860269.0,10.691697566360212,11.785268854640888,39.0,7487931.0,9.596248888595465,11.80957219102465,3672739.0,33406630.0,0.7142375330884917,0.22414505743321012
IN,2014,2680693.2,23909837.0,11.211674926934885,12.106999178786221,39.0,7655741.0,10.320052753610856,12.11136950464434,3861636.0,33703965.0,0.7094072462987663,0.22714659833049317
IN,2015,2571941.4,23017532.0,11.173836534690166,12.621395204159889,39.0,7355583.0,11.097144188027952,12.596318612164236,3753084.0,32441693.0,0.7095046488480117,0.22673240265235234
IN,2016,2699053.5,23519196.0,11.475959892506529,12.585343421341857,39.0,7410911.0,10.981332191967194,12.595345808873143,3892459.0,33025955.0,0.7121427979902474,0.2243965693043547
IN,2017,2712720.9999999995,22389608.0,12.115982557622267,12.735333644029723,39.0,7153822.0,11.195165695154444,12.750350529906562,3878281.0,31551558.0,0.7096197278118563,0.22673435017060015
IN,2018,2970937.0,24416400.0,12.167792958830951,12.516655185110025,39.0,7938819.0,10.657115786270523,12.536508338286268,4239862.0,34574664.0,0.7061934137667976,0.22961377151777962
IN,2019,2949219.4,23472226.0,12.56471968189127,12.699182663111008,39.0,7681655.0,10.632812966422271,12.625546087455922,4182919.0,33249234.0,0.7059478723630145,0.23103254047897764
IN,2020,2980009.6,23221587.0,12.832928257659566,12.835441509370286,39.0,7585309.0,10.846815701476444,12.833764236926,4217038.0,32878355.0,0.7062879818652728,0.23070828817317654
IN,2021,3210647.3,23584124.0,13.613595739235427,12.822576940125183,39.0,7792358.0,10.923019206207137,12.827965662161569,4476492.0,33471970.0,0.7045932462296064,0.23280249115902052
IN,2022,3635770.0,23955240.0,15.177347419604228,13.290479845789138,39.0,7910208.0,11.159931129729706,13.303896475438348,4970158.0,34058498.0,0.7033557381185747,0.23225357735975322
IN,2023,3361768.8000000003,22081940.0,15.224064552299302,14.349920721146894,39.0,7517137.0,11.955452399963466,14.35135512788544,4741354.0,31739243.0,0.6957298887059152,0.23684046276718068
IN,2024,3425869.0,23081877.0,14.842246148352666,14.60968707874996,39.0,7774480.0,12.101254860490062,14.613209401592892,4879873.0,33048641.0,0.6984213662522462,0.23524356114976105
KS,2000,676181.0,9209385.0,7.342303530583203,7.589503260790677,16.0,1446735.0,6.829654889185235,8.514062855910112,958759.0,12528341.0,0.7350841583893669,0.1154769813497254
KS,2001,638245.0,8762106.0,7.284150636844612,7.719776625271075,16.0,1436868.0,6.830402289638854,8.675474354308784,924555.0,12062329.0,0.7264025048562347,0.1191202793424056
KS,2002,684166.0,9409132.0,7.271297713752979,8.062601967783925,16.0,1479634.0,7.407019794515153,8.7786619922432,977037.0,12745301.0,0.7382432160684161,0.11609251127140897
KS,2003,663749.0,9220900.0,7.198310360160071,8.394828294958227,16.0,1452287.0,7.824427256763979,9.087223146889627,971024.0,12602296.0,0.7316841312091067,0.11523987374998969
KS,2004,651178.0,9051481.0,7.194159718172087,8.42478036260735,16.0,1458768.0,7.896015077036663,9.225352573074703,961622.0,12416599.0,0.728982308279425,0.11748531139646211
KS,2005,711962.0,9798367.0,7.26612914172331,8.649891660889006,16.0,1566378.0,8.32168659635461,9.605383256568652,1058503.0,13406146.0,0.7308861920495271,0.11684029101279368
KS,2006,742825.0,9873081.0,7.523740562849632,9.351157400057156,16.0,1574650.0,9.275695777511721,10.23335969076397,1114254.0,13502671.0,0.7311946651147762,0.11661766771922384
KS,2007,731205.0,9837953.0,7.432491291633533,9.34532978611737,16.0,1876777.0,8.869156936792203,10.078434327157346,1131172.0,13806496.0,0.7125597255089199,0.13593434568771107
KS,2008,769651.0,9453721.0,8.141249355676987,9.815408816431784,16.0,1903287.0,9.112830417242836,10.664694519458598,1200858.0,13501924.0,0.7001758416059815,0.14096413222293355
KS,2009,833156.4,9230371.0,9.02625040748633,9.677409349251352,16.0,1902163.0,9.21726087779896,10.72840964506604,1253574.0,13149100.0,0.7019773976926178,0.14466107946551476
KS,2010,965532.0,10063981.0,9.593937031478896,9.960185332164432,16.0,2072603.0,8.832469243354653,11.043515323393688,1437102.0,14334086.0,0.7021013408179636,0.14459261650864938
KS,2011,1023567.4,10044655.0,10.190169796772512,10.556245130823534,16.0,2085825.0,9.591458998935037,11.710784111904534,1527025.0,14343748.0,0.700281056248339,0.1454170137400629
KS,2012,1042494.3,9645388.0,10.808215283822694,11.213273995379323,16.0,2019618.0,10.50913281551846,12.252077498892046,1551102.0,13796679.0,0.6991094016175922,0.146384358148798
KS,2013,1068485.7000000002,9467246.0,11.286130095277974,11.373767776655026,16.0,1996087.0,10.680589205687085,12.437611471048989,1582807.0,13593003.0,0.6964793577990088,0.14684665338483335
KS,2014,1135316.9000000001,9516278.0,11.930262020508438,11.788594192159065,16.0,2010730.0,11.010107581182057,12.677427871380692,1665583.0,13684952.0,0.69538263634392,0.14693000019291264
KS,2015,1118553.2000000002,9209481.0,12.145670315189317,11.886406561894432,16.0,1955289.0,11.295064681574196,12.746962908717935,1634552.0,13241682.0,0.6954917811800646,0.14766167923380127
KS,2016,1221812.9,9338024.0,13.084276716358833,12.053004989243373,16.0,1966230.0,11.16804494959338,12.984420332523259,1764173.0,13509235.0,0.6912326271620858,0.14554710166785906
KS,2017,1194367.4,8966398.0,13.320481647145263,12.676417827653774,16.0,2004616.0,12.06420630416986,13.293611569289682,1732461.0,13013422.0,0.6890115451569925,0.15404218813468126
KS,2018,1310440.6,9803195.0,13.367484784297364,12.683929087269469,16.0,2167058.0,12.219140731750656,13.308922716247018,1894142.0,14187192.0,0.6909890977721314,0.152747492245118
KS,2019,1173805.7,9397649.0,12.490418614272569,12.510153822965025,16.0,2096501.0,12.121623160120354,13.211275891026434,1732742.0,13630661.0,0.6894492497465824,0.15380772803314527
KS,2020,1192351.5,9416298.0,12.66263557079438,12.547637787271611,16.0,2065902.0,12.255451261118896,12.659848764192116,1747076.0,13592444.0,0.6927597421037747,0.15198900212500416
KS,2021,1198159.2000000002,9528720.0,12.574188348487523,13.054977055199885,16.0,2100258.0,12.209896514860885,13.201315157707013,1787507.0,13769410.0,0.6920209362637906,0.15253071845489385
KS,2022,1384967.1,10035289.0,13.800968761338114,13.82885723096578,16.0,2179128.0,13.713600891030808,14.02659899835608,2020777.0,14443522.0,0.694795147610119,0.1508723426322195
KS,2023,1243798.6,9570581.0,12.996061576616928,13.558080357633889,16.0,2091077.0,14.001223541735207,13.68044261297307,1848944.0,13815434.0,0.6927455916332415,0.15135803913217638
KS,2024,1337662.6,9607946.0,13.92246167911435,13.858773205022063,16.0,2093243.0,14.32400694204322,13.965515759707598,1958284.0,13839989.0,0.6942163032065993,0.15124600171286262
KY,2000,620115.0,12694548.0,4.884892317552385,6.172550767996259,39.0,10129216.0,5.729759678108929,6.166289198312647,1278670.0,23374472.0,0.543094534926821,0.43334523235433936
KY,2001,627227.0,12711418.0,4.934359014863644,6.34778993733068,39.0,10410836.0,5.726131156115305,6.336328962005472,1323393.0,23698316.0,0.5363848638021368,0.4393069954844049
KY,2002,699039.0,13739288.0,5.087883738953576,6.3229563545494045,39.0,11181257.0,6.001578160979727,6.307841689116237,1431245.0,25347157.0,0.5420445377759723,0.4411246989159376
KY,2003,690736.0,13181212.0,5.240307188747135,6.47988549644808,39.0,11095551.0,5.942551163720728,6.459581930309337,1435037.0,24703645.0,0.5335735677872638,0.44914631019025736
KY,2004,745441.0,13524191.0,5.511908253883726,6.8263628571245345,39.0,11227736.0,6.295470152991413,6.799540093756187,1538429.0,25186568.0,0.5369604544771642,0.4457826886140263
KY,2005,856892.0,14454928.0,5.928026760147128,7.345444306441455,39.0,11975586.0,6.548435818116581,7.304369028914967,1769367.0,26947109.0,0.5364185078258302,0.444410790040594
KY,2006,874819.0,13736802.0,6.368432769140882,7.794884844094607,39.0,11695362.0,6.872819033276594,7.754414564730845,1821794.0,25948878.0,0.5293794205668546,0.45070781095043877
KY,2007,1000835.0,14939704.0,6.699162178849059,8.115496334856763,39.0,12521748.0,7.207596935928246,8.074111263494748,2055657.0,28003953.0,0.5334855404163834,0.44714215882307756
KY,2008,1047801.3,14544406.0,7.2041532668986275,8.827073804489714,39.0,12485338.0,8.061449971808184,8.771892033907355,2189659.0,27561641.0,0.527704645742973,0.4529969024703573
KY,2009,1076330.0,14090759.0,7.638552330644502,9.246733344465634,39.0,11953204.0,8.424883048594504,9.201010980272567,2223389.0,26560669.0,0.5305122020834641,0.4500339957551521
KY,2010,1227987.0,15489097.0,7.928073534564345,9.329282545498057,39.0,13129627.0,8.636625503397585,9.296870082633195,2496770.0,29136518.0,0.5316042568985079,0.45062443631733895
KY,2011,1211010.0,14242139.0,8.503006465531616,10.006597767709764,39.0,12455728.0,9.379614046348317,9.972122688574764,2502968.0,27197836.0,0.5236497124256503,0.4579676118350004
KY,2012,1205247.2,13889660.0,8.677298076410796,10.325545167626531,39.0,11746112.0,9.807888403719073,10.293054035590151,2460674.0,26096707.0,0.5322380329441565,0.45009939376642427
KY,2013,1306057.7,14132262.0,9.241674828841978,10.441074211370879,39.0,12180694.0,9.795090024786905,10.415102983555448,2623038.0,26788098.0,0.5275574996029954,0.4547054441864443
KY,2014,1381602.7,14321912.0,9.646775514330768,10.765033524221352,39.0,12582246.0,10.43146605547041,10.739882375390364,2785001.0,27399768.0,0.5227019440456576,0.45920994659516823
KY,2015,1353908.3,13701285.0,9.881615483511219,10.663056818062328,39.0,11982774.0,10.814265439044418,10.638150699908058,2680343.0,26168093.0,0.5235874467428712,0.457915446876469
KY,2016,1420130.2,13864641.0,10.242819846543448,10.794422898873227,39.0,11993184.0,11.286140022011931,10.766625030437742,2763077.0,26338437.0,0.5264033321339455,0.45534911581883164
KY,2017,1376774.0,13041610.0,10.556779416038358,11.203386849567822,39.0,11394424.0,11.731329645851186,11.172655695008622,2699918.0,24882582.0,0.5241260734115133,0.457927718272967
KY,2018,1467699.5999999999,14396169.0,10.195070646920023,11.038630022039703,39.0,12825491.0,11.591670073828851,11.01753439857832,2936379.0,27712722.0,0.5194787072882988,0.46280156095817654
KY,2019,1466436.2,13868176.0,10.574110106476873,11.067705906801937,39.0,12256006.0,11.739571783201015,11.040579618887202,2869131.0,26573076.0,0.5218882450793427,0.46121894206000086
KY,2020,1471738.3,13569306.0,10.846083801190717,10.911791946532029,39.0,11931779.0,11.76532784143592,10.896948661767462,2818425.0,25935096.0,0.5232024589382666,0.4600630358183367
KY,2021,1581713.2,13653026.0,11.585074253868703,11.448574005470492,39.0,12338196.0,12.11212476291479,11.430240078245326,3040792.0,26434371.0,0.5164876440600762,0.466748234713056
KY,2022,1790373.7999999998,13886402.0,12.892999928995286,13.0134769179536,39.0,12515918.0,12.466435690573391,12.986503214865547,3466096.0,26840186.0,0.517373538320487,0.46631264030733616
KY,2023,1571177.0,12632799.0,12.437283297232863,12.94699291467117,39.0,11502783.0,12.480484738577896,12.917668442536536,3106289.0,24552708.0,0.5145175432380005,0.468493454978571
KY,2024,1699555.3,13485445.0,12.602886297040996,13.043192722113861,39.0,12166170.0,12.656482347300994,13.0252346927164,3335308.0,26085709.0,0.5169667805463903,0.4663921536501078
LA,2000,1641277.0,20829357.0,7.879633538375669,6.90864944063996,16.0,5972629.0,7.650161458210571,7.051012515713402,2127079.0,27719176.0,0.7514421424359801,0.21546921163890298
LA,2001,1580021.0,19042393.0,8.297386783268259,6.675429053013462,16.0,5856852.0,6.0975018998398385,6.858552500154633,2043518.0,25800335.0,0.738067664625285,0.2270068198726877
LA,2002,1528406.0,21012298.0,7.273864096159306,6.450763228102814,16.0,6192120.0,5.64463170085937,6.605494854015386,2000355.0,28157092.0,0.7462524183960474,0.2199133348003409
LA,2003,1739321.0,21189756.0,8.208310657281755,6.631086106120576,16.0,6414364.0,6.083075640325599,6.790373942810023,2240664.0,28572305.0,0.7416187108460448,0.22449585358969112
LA,2004,1804680.0,21392672.0,8.435972841541254,6.793480686279187,16.0,6498230.0,6.581314328575696,6.9541160463722855,2324175.0,28862996.0,0.741179883058571,0.22514052248768632
LA,2005,1965591.0,20892000.0,9.408342906375648,7.274698790541674,16.0,6752527.0,7.674474223725703,7.42566738094278,2541984.0,28654171.0,0.7291085126838951,0.23565598879130023
LA,2006,1969495.0,20245936.0,9.727853530703644,7.441614674740839,16.0,6848339.0,7.93023066033217,7.610299655580717,2568187.0,28112801.0,0.7201678694342837,0.2436021583192653
LA,2007,2082315.0,20783704.0,10.01897929262272,7.56151992978044,16.0,7068116.0,7.737050104684783,7.715451782951253,2706812.0,28877812.0,0.7197118673672368,0.24475940213198977
LA,2008,2310301.0,20722804.0,11.148592632541426,7.9450822268667896,16.0,7096464.0,8.527356006275214,8.079395363862076,2966846.0,28848402.0,0.7183345545448236,0.24599158040018992
LA,2009,1756259.0,21372242.0,8.217476669036406,7.58699809317378,16.0,7326310.0,7.2506636743552955,7.816790525969377,2410881.0,29746798.0,0.718472018400098,0.24628902915870138
LA,2010,2214297.4,23714209.0,9.337428880718727,7.77522053831128,16.0,7947372.0,7.235181232622505,8.0412041778875,2935169.0,32678931.0,0.7256727277890455,0.24319559290357448
LA,2011,2209350.9,23744019.0,9.304873366214876,7.849687938516133,16.0,7731329.0,7.675503623269621,7.9822081418282815,2869880.0,32019040.0,0.7415593659272732,0.24146036233441104
LA,2012,1885623.5,22268688.0,8.467600336400599,7.996211675688883,16.0,7252283.0,7.389043944617741,8.04467316937162,2514353.0,30026588.0,0.7416323159994069,0.24152870782387928
LA,2013,2219469.6,22651091.0,9.798510809037852,8.277221773389822,16.0,7545504.0,7.9215911122203595,8.337175726239387,2895482.0,30709206.0,0.7375993700390691,0.2457082088022725
LA,2014,2281379.5,23156279.0,9.852098862688603,8.69166158248977,16.0,7711835.0,8.219578370619725,8.737241245263055,3005472.0,31400683.0,0.7374450740450454,0.24559449869291058
LA,2015,2208308.2,23325320.0,9.46742938574905,8.896967761016834,16.0,7688642.0,8.574697127804015,8.938848765759328,2943587.0,31545313.0,0.7394226838072585,0.24373326078584162
LA,2016,2113144.8,22606261.0,9.347608611614277,9.278455727560763,16.0,7524320.0,8.42320350029637,9.308435441168214,2861963.0,30650067.0,0.737559921157758,0.24549114362458
LA,2017,2134745.8000000003,21830488.0,9.778736050243129,9.564734691612383,16.0,7207650.0,8.88386483294858,9.603282219864862,2874957.0,29531960.0,0.7392156836186965,0.24406270359298876
LA,2018,2268523.1999999997,23764703.0,9.54576709837274,9.650203132947455,16.0,7765850.0,9.10540782533557,9.696680919062032,3074086.0,32065538.0,0.7411290900530033,0.24218679879938393
LA,2019,2249184.6,22910158.0,9.817411996896748,9.698983760532231,16.0,7552649.0,9.00748334009465,9.741756861674805,3035095.0,30986024.0,0.7393706917673594,0.2437437278174186
LA,2020,2198873.4,22512185.0,9.767481033049435,9.32563669243655,16.0,7429215.0,8.645458727388347,9.32563669243655,2942989.0,30440746.0,0.7395411728740157,0.24405495844287128
LA,2021,2535633.4,22386327.0,11.326705805735795,10.124727202868002,16.0,7521615.0,9.215727796612194,10.124727202868002,3351648.0,30408224.0,0.7361931758987306,0.24735463011585287
LA,2022,3064693.7,23167257.0,13.228556578795668,12.106130835209456,16.0,7777570.0,11.510003949230956,12.106130835209456,4067058.0,31444708.0,0.7367617151986274,0.24734114242689104
LA,2023,2722902.5,23366287.0,11.653124435217284,11.243407567649868,16.0,7881575.0,10.248280854144046,11.243407567649868,3666444.0,31746570.0,0.7360255611866101,0.2482654031600894
LA,2024,2675284.3000000003,22773288.0,11.74746615420663,11.684164359992968,16.0,7690728.0,10.002489957172736,11.684164359992968,3633012.0,30974840.0,0.7352189066997602,0.24828951497408866
MA,2000,1608219.0,14973586.0,10.740373080970718,9.102866015832435,16.0,1785196.0,9.102866015832435,9.388211543106284,1849974.0,17562307.0,0.8525978961647807,0.10164928787544826
MA,2001,1971820.0,15316139.0,12.874132312327538,9.877928987138752,16.0,1840568.0,9.877928987138752,10.178185581964613,2242636.0,17983531.0,0.8516758471959706,0.1023474199810927
MA,2002,1771134.0,15938633.0,11.112207678036128,9.626350337154909,16.0,1921372.0,9.626350337154909,9.871906468463912,2043207.0,18694666.0,0.8525765049774091,0.10277648180502395
MA,2003,1984864.0,16699686.0,11.885636652090344,9.7046912441801,16.0,2012707.0,9.7046912441801,9.927726595886348,2271885.0,19590791.0,0.8524253053386155,0.10273740350759701
MA,2004,2027527.0,16833956.0,12.044269332770027,9.851147425815453,16.0,2026972.0,9.851147425815453,10.10384879269815,2323431.0,19768529.0,0.8515532946331009,0.10253529739112101
MA,2005,2477493.0,18133907.0,13.66221300241586,10.558606169354782,16.0,2147291.0,10.558606169354782,10.919961783832095,2760307.0,20539324.0,0.8828872362108899,0.10454535894170616
MA,2006,2888666.0,16641553.0,17.358151610008992,12.142487860266229,16.0,2069650.0,12.142487860266229,12.359611207569069,3257338.0,19624430.0,0.8480018527926672,0.1054629357387705
MA,2007,2895702.0,17073541.0,16.96017246803109,11.888857321972374,16.0,2129515.0,11.888857321972374,12.173106196099729,3268685.0,20137533.0,0.8478467049563618,0.10574855420472806
MA,2008,3030563.6,16618146.0,18.236472347757687,13.6396064714804,16.0,2103939.0,13.6396064714804,13.842885498179843,3448667.0,19638491.0,0.8462027963350137,0.10713343504854828
MA,2009,2871975.4,16509624.0,17.395765039833737,13.673594140932824,16.0,2059577.0,13.673594140932824,13.969544249741064,3286176.0,19474647.0,0.8477495895047545,0.1057568334871487
MA,2010,2692053.3,18280391.0,14.726453608131248,13.398990323016328,16.0,2191592.0,13.398990323016328,13.823213729785778,3124528.0,21409005.0,0.8538645770786638,0.10236776533986516
MA,2011,2575193.4,17357514.0,14.836187947191053,13.308971687022868,16.0,2168299.0,13.308971687022868,13.743562596187864,3003305.0,20472512.0,0.8478448565569286,0.10591269893992492
MA,2012,2621373.3000000007,17247773.0,15.1983290828329,12.836687936327031,16.0,2132145.0,12.836687936327031,13.207812980165798,3029292.0,20313469.0,0.8490806272429392,0.10496213128343564
MA,2013,2862477.9000000004,17594070.0,16.26956070994375,12.859325914708686,16.0,2171921.0,12.859325914708686,13.258466280940567,3282074.0,20727624.0,0.8488223252216462,0.10478388646957316
MA,2014,3060702.2,16935060.0,18.07317009800969,13.121500230044997,16.0,2138712.0,13.121500230044997,13.591816225826816,3490569.0,20071160.0,0.8437509341762011,0.10655647207236651
MA,2015,3541425.1999999997,16911292.0,20.94118651608641,13.583415321804177,16.0,2186283.0,13.583415321804177,13.864708573601542,4000022.0,20175317.0,0.838216916244736,0.10836424528050786
MA,2016,3275044.0,16382098.0,19.991603029111413,13.685838454343106,16.0,2126371.0,13.685838454343106,14.07946953389027,3741859.0,19692896.0,0.8318785616904695,0.10797655154427262
MA,2017,3414893.9000000004,16030478.0,21.302508259579035,13.5352030034299,16.0,2096270.0,13.5352030034299,13.878306930089307,3879096.0,19337799.0,0.8289711771231049,0.10840271946150645
MA,2018,3876297.2999999993,16772499.0,23.111030145239532,13.908603377453217,16.0,2226056.0,13.908603377453217,14.317505525513582,4383449.0,20284674.0,0.8268557335454344,0.10974078262238772
MA,2019,3739195.6,15934636.0,23.465836307776343,13.997252487599807,16.0,2116096.0,13.997252487599807,14.595446556089462,4233106.0,19314571.0,0.8250059501709874,0.10955956515938148
MA,2020,3946382.5000000005,16786617.0,23.509099540425566,13.815139205681358,16.0,2243407.0,13.815139205681358,13.835675713707762,4468961.0,20345178.0,0.8250906922515006,0.11026725841376271
MA,2021,4109382.1,16684438.0,24.630030091514023,13.950813739012096,16.0,2235299.0,13.950813739012096,13.96802807127754,4647885.0,20305269.0,0.8216802249701789,0.11008467802125645
MA,2022,4587314.2,16257006.0,28.217460213768756,15.34068525318722,16.0,2251022.0,15.34068525318722,15.362971999784559,5196288.0,20006891.0,0.8125703288931798,0.11251233387536325
MA,2023,5067189.0,15619397.0,32.44164291361568,16.58233034523906,16.0,2172176.0,16.58233034523906,16.562733485606966,5733884.0,19365825.0,0.8065443635889512,0.11216542543372152
MA,2024,5158196.4,16115869.0,32.00693924727236,16.501231955815534,16.0,2217612.0,16.501231955815534,16.501231955815534,5867779.0,19992635.0,0.8060902927503053,0.1109214468227925
MD,2000,1708792.0,21543152.0,7.931949790819839,8.219118541914172,5.0,2346748.0,5.907800895637911,8.15247838468201,1904954.0,23949316.0,0.8995309928684393,0.09798810120506156
MD,2001,1672446.0,21838605.0,7.658208937796164,7.878196719941852,5.0,2393860.0,6.047324151124723,7.819698789366362,1864458.0,24294096.0,0.898926430520403,0.0985366979697454
MD,2002,1770179.0,22841551.0,7.749819616014691,7.709996408068222,5.0,2583568.0,6.107632351009327,7.661561728754124,1973019.0,25489053.0,0.8961318021505154,0.10135990536800249
MD,2003,1850463.0,23882317.0,7.748255749222323,7.571565090429022,5.0,2723849.0,6.64340281807377,7.530413699458256,2060483.0,26671274.0,0.8954321792052378,0.10212669256069283
MD,2004,1954499.0,25018640.0,7.812171245119639,7.682276896206417,5.0,2865023.0,7.339583481300852,7.708999099319615,2180630.0,27951978.0,0.8950579454520178,0.10249804146239669
MD,2005,2090504.0,25375114.0,8.238402396931104,10.308285518018282,5.0,2991545.0,8.433993811919867,10.269923848053748,2405229.0,28439645.0,0.8922444003784155,0.10518925253813823
MD,2006,2274983.0,23987138.0,9.484178562694725,11.639337301346389,5.0,2849621.0,8.632174716427413,11.60298919077474,2613587.0,26905386.0,0.8915366610982649,0.10591266001535901
MD,2007,2952825.0,25029042.0,11.797594969875396,12.657695787213102,5.0,3092822.0,10.239877560916474,12.645841756797735,3353162.0,28194802.0,0.8877183106304488,0.10969475862962258
MD,2008,3332472.3000000003,24130724.0,13.810080045671238,14.095854763862183,5.0,2943620.0,11.223795857249813,14.073536990327959,3756583.0,27144255.0,0.8889808911683154,0.10844357305072473
MD,2009,3615271.0,23920474.0,15.113709703244174,13.988469392382461,5.0,2954918.0,10.401377203987318,13.951453857885276,4037176.0,26944566.0,0.8877661640569754,0.10966656505063024
MD,2010,3706632.9,25672985.0,14.437872728862654,13.412657285435973,5.0,3186007.0,9.940833653817709,13.379021547709982,4142935.0,28934074.0,0.8872924359010073,0.11011263052690057
MD,2011,3229353.4000000004,24148309.0,13.373000155000502,12.898299497320147,5.0,3075914.0,9.939632634283727,12.86894501624533,3634386.0,27295675.0,0.8846936007261224,0.11268869518705803
MD,2012,3039914.0000000005,23662690.0,12.846865677570896,12.792381715901122,5.0,2948748.0,9.251908934163763,12.792381715901122,3424556.0,26678158.0,0.886968658031038,0.11053041967889987
MD,2013,3225995.4,24337262.0,13.255375234897008,13.247821638881184,5.0,3035998.0,8.922390297083673,13.247821638881184,3638091.0,27448367.0,0.8866560987034311,0.11060760008054395
MD,2014,3319383.5,24307052.0,13.656051338516907,13.454157533131706,5.0,3077943.0,9.023883424626247,13.454157533131706,3746115.0,27487633.0,0.8842904734649215,0.11197555642568423
MD,2015,3379127.6999999997,24097636.0,14.022652263483437,12.403216495344873,5.0,3137079.0,9.066508637031204,12.403216495344873,3786876.0,27403336.0,0.8793687016792407,0.114477996401606
MD,2016,3466335.2,24019015.0,14.43162927372334,12.866917344098933,5.0,3000669.0,8.527567988814651,12.866917344098933,3886430.0,27316871.0,0.8792740208056772,0.10984673171389212
MD,2017,3218010.4000000004,22739789.0,14.151452328779305,12.68469256329092,5.0,2897572.0,8.505440878411619,12.68469256329092,3640765.0,26084176.0,0.8717848323059927,0.11108543355941165
MD,2018,3278935.9,24437939.0,13.41739947873673,12.39503442604824,5.0,3210505.0,9.16110754112096,12.39503442604824,3741620.0,28138474.0,0.8684884262025012,0.1140966279834507
MD,2019,3149796.3,23896073.0,13.181229819644425,12.617017852182785,5.0,3081752.0,8.695594125500667,12.55621455501695,3611327.0,27533693.0,0.8678847766625422,0.11192657664919849
MD,2020,3118971.0,23737939.0,13.139181965207678,11.848268376892007,5.0,3007323.0,8.707621012393247,11.848268376892007,3551281.0,27306375.0,0.8693185748749147,0.11013263386297156
MD,2021,3205763.1,24247713.0,13.220888501938308,12.215044528312436,5.0,3148334.0,9.012553576807639,12.215044528312436,3669204.0,27964545.0,0.8670876997998715,0.1125830582975693
MD,2022,3507270.3,24323697.0,14.419149769872563,14.854141980372496,5.0,3159648.0,9.909070666437913,14.854141980372496,4057913.0,28065379.0,0.8666797979104434,0.11258169718641604
MD,2023,3825517.6,22552091.0,16.963028395016675,14.314435533642062,5.0,2960327.0,8.930531316471841,14.314435533642062,4333163.0,26107722.0,0.863809220888747,0.11338894293420161
MD,2024,4337951.8,23659752.0,18.33473064299237,14.753176858769077,5.0,3130136.0,9.849027551188753,14.753176858769077,4880099.0,27327356.0,0.8657900164216399,0.11454221915943862
ME,2000,455617.0,3646631.0,12.494189842624603,9.786666666666667,1.0,15000.0,9.786666666666667,8.333056082332458,466584.0,3736802.0,0.9758694734160386,0.004014127588242567
ME,2001,501719.0,3829930.0,13.099952218447857,10.0070744099299,1.0,15549.0,10.0070744099299,7.9482262703739215,512318.0,3902940.0,0.9812935889355204,0.00398391981429384
ME,2002,504112.0,3967831.0,12.704976598045633,9.970391349124613,1.0,15536.0,9.970391349124613,8.218522897872962,515153.0,4043100.0,0.9813833444634068,0.00384259602780045
ME,2003,510044.0,4140194.0,12.319326099211777,10.556873517293045,1.0,16018.0,10.556873517293045,8.65562863455141,521901.0,4218952.0,0.9813323308726907,0.0037966774687173497
ME,2004,514681.0,4251442.0,12.106033670458165,8.830146231721034,1.0,16002.0,8.830146231721034,8.401220078577078,526569.0,4331109.0,0.9816058658417509,0.0036946657311095147
ME,2005,583084.0,4421645.0,13.187037855820627,8.911416278658573,1.0,16967.0,8.911416278658573,9.190920314390837,595970.0,4503454.0,0.9818341655094068,0.0037675526384859264
ME,2006,584482.0,4271376.0,13.683693498301249,9.28588263021447,1.0,16972.0,9.28588263021447,13.355842004192137,600505.0,4351049.0,0.9816887835554139,0.003900668551422887
ME,2007,713172.0,4332962.0,16.459225813658186,9.36840303531694,1.0,17527.0,9.36840303531694,13.071618301762086,729194.0,4413151.0,0.9818295363109035,0.003971538703298392
ME,2008,688761.3,4273033.0,16.118791968140663,9.481532069887884,1.0,17571.0,9.481532069887884,15.193673667535387,706544.0,4351309.0,0.9820109305039012,0.004038095203075672
ME,2009,663404.2,4282692.0,15.490355131772256,14.090935351551215,1.0,17309.0,14.090935351551215,16.159875824602253,681754.0,4360002.0,0.9822683567576345,0.003969952307361327
ME,2010,669317.0,4295108.0,15.583240281734476,14.503679770238737,1.0,16713.0,14.503679770238737,15.467957824494638,687037.0,4371835.0,0.9824497036141574,0.003822879866234659
ME,2011,656758.7,4302874.0,15.2632566047716,14.423018059381695,1.0,16335.0,14.423018059381695,14.471155068521014,674079.0,4381536.0,0.9820469351387277,0.003728144650643062
ME,2012,640061.5,4403113.0,14.53656765111411,13.262567833502295,1.0,16769.0,13.262567833502295,13.32516507703595,656822.0,4480736.0,0.9826762835391328,0.0037424655235211357
ME,2013,651859.2000000001,4581350.0,14.228539622600328,14.40181494457527,1.0,17411.0,14.40181494457527,13.235343903402358,669227.0,4662303.0,0.9826366926388096,0.0037344205213603664
ME,2014,693564.7000000001,4577299.0,15.152269930367233,15.779796066194907,1.0,17947.0,15.779796066194907,13.77680278377598,711813.0,4660605.0,0.9821254965825252,0.003850787612337883
ME,2015,702287.9,4491434.0,15.636162080974584,17.348441926345608,1.0,17650.0,17.348441926345608,14.798592612463116,727922.0,4662301.0,0.9633513580526011,0.0037856843648661894
ME,2016,700607.6,4420235.0,15.85000797468913,16.143237918646424,1.0,17258.0,16.143237918646424,15.029115182502487,725746.0,4585825.0,0.9638909029454896,0.0037633359319206466
ME,2017,715919.5,4473936.0,16.00200584004778,15.717843284878672,1.0,17267.0,15.717843284878672,15.130747613896053,740677.0,4638535.0,0.9645148737694121,0.0037225115257295675
ME,2018,794904.9000000001,4699648.0,16.91413697366271,15.91640779440836,1.0,17705.0,15.91640779440836,14.998562400973897,820564.0,4872001.0,0.9646237757340361,0.0036340304527852107
ME,2019,831446.2000000001,4622927.0,17.985276427683157,16.08768775735081,1.0,17243.0,16.08768775735081,15.287040179773179,857569.0,4793809.0,0.9643536069125824,0.0035969309582421826
ME,2020,797473.4,4729363.0,16.862173616193132,15.538833351642314,1.0,18206.0,15.538833351642314,15.405921330372054,824665.0,4905263.0,0.9641405567856403,0.0037115237246198624
ME,2021,834344.7,4881533.0,17.09185823387858,15.436487192890747,1.0,19130.0,15.436487192890747,14.921093973150528,861576.0,5062266.0,0.9642980040953992,0.003778940103107976
ME,2022,1114378.1,4895019.0,22.76555208468037,15.28179190751445,1.0,19376.0,15.28179190751445,14.911918797849108,1142540.0,5090874.0,0.9615282169623527,0.003806026234395116
ME,2023,1319350.8,4721190.0,27.945301925997473,14.959723820483314,1.0,19987.0,14.959723820483314,14.898278037246529,1348778.0,4918678.0,0.9598493741611059,0.004063490230505026
ME,2024,1159222.5,4694707.0,24.692116036208436,15.158057054741711,1.0,19455.0,15.158057054741711,15.2681903963095,1190411.0,4901492.0,0.9578118254604925,0.003969199582494473
MI,2000,2344811.0,27307598.0,8.586661485202763,8.074250493636988,23.0,2883698.0,6.801634076987637,8.02710499169184,2617706.0,30707267.0,0.8892878027862264,0.09390930166465156
MI,2001,2334652.0,28231110.0,8.269784645378804,8.337371276906893,23.0,2978001.0,6.944212061550779,8.162628065772342,2667172.0,32304798.0,0.8738983602373864,0.09218447984104404
MI,2002,2534261.0,30669164.0,8.263221651558549,8.549718760098308,23.0,3106956.0,7.1951521788188995,8.461774034721053,2844554.0,34336161.0,0.8932030578491288,0.09048641168708406
MI,2003,2446244.0,29510648.0,8.289360504723584,8.762119481021232,23.0,3147412.0,7.375767012161445,8.820590233878503,2813077.0,33669474.0,0.8764808146393971,0.09347969023810708
MI,2004,2432933.0,29390669.0,8.277909563746237,8.843738944332998,23.0,3146011.0,7.581624095000163,8.769897091693673,2758552.0,33103586.0,0.8878394322596954,0.09503535357166441
MI,2005,2679131.0,32177949.0,8.325984356554235,9.109737653353145,23.0,3316528.0,7.751408656216531,9.029679563850442,3032824.0,36094954.0,0.8914805376951027,0.09188342503497858
MI,2006,3006806.0,30763600.0,9.773908125186908,9.825236070394679,23.0,3271270.0,8.24418059501686,9.722815869560652,3381935.0,34622099.0,0.8885538684410786,0.09448502818965425
MI,2007,3211390.0,31444203.0,10.21297947987424,10.255279782741635,23.0,3322864.0,8.541473878879733,10.21012903554853,3611793.0,35366081.0,0.8891062314764251,0.09395624016130032
MI,2008,3272582.9,30429173.0,10.754754656000674,10.704233852347512,23.0,3280771.0,8.923289970565722,10.671634440763494,3685390.0,34297438.0,0.8872141703412366,0.09565644524235309
MI,2009,3388695.9000000004,29046875.0,11.666301108122648,11.160922123332789,23.0,3230544.0,9.44077925737728,11.135657865118812,3812658.0,32854122.0,0.8841166109993748,0.09832994471743911
MI,2010,3846343.1,30615191.0,12.563511689344026,11.729540487692661,23.0,3477600.0,10.388261208703936,11.669637173461528,4320775.0,34680715.0,0.8827727744367438,0.10027474923743643
MI,2011,4118115.9,30731555.0,13.400284821252942,12.512925629857968,23.0,3482809.0,11.233880417906995,12.330345101772595,4621167.0,34811337.0,0.8828030649900059,0.1000481251265931
MI,2012,4343017.0,30418414.0,14.277591856038255,13.342095389859326,23.0,3448962.0,11.957166491666772,13.140721800984995,4871034.0,34461140.0,0.8826873980373255,0.10008264381271194
MI,2013,4421006.5,29928860.0,14.77171699824183,13.533778426920398,23.0,3486308.0,12.255171383979658,13.328601743742935,4962369.0,34013168.0,0.8799198004725699,0.10249877341622515
MI,2014,4288318.4,29396578.0,14.587814949073325,13.836934083522342,23.0,3523201.0,12.665609598258445,13.629692640593358,4846496.0,33514991.0,0.8771172876042246,0.10512313728504358
MI,2015,4250330.2,29315935.0,14.498361386051647,14.162819950541394,23.0,3456628.0,13.311715798637458,13.959394771189276,4810815.0,33357876.0,0.8788309843228628,0.10362254479272001
MI,2016,4689887.399999999,30478384.0,15.38758550978293,14.286131698379414,23.0,3477203.0,13.505449273787583,14.082016504659078,5258083.0,34543262.0,0.8823250103015748,0.10066226519082072
MI,2017,4507795.699999999,28981548.0,15.554019750773834,14.530661151272287,23.0,3419278.0,13.987571310181796,14.383542001474328,5078011.0,32977374.0,0.8788312859598827,0.10368557544939752
MI,2018,4826849.5,30868426.0,15.63685009400868,14.271451667522367,23.0,3661720.0,13.780081727240256,14.161021841145354,5426835.0,35131422.0,0.8786557515377544,0.10422919971756338
MI,2019,4669761.4,29336849.0,15.917733359843794,14.822795122780477,23.0,3570641.0,14.272419285124693,14.50770352374055,5273119.0,33495725.0,0.875838603284449,0.10659990192778332
MI,2020,5199325.2,31498685.0,16.506483365892894,14.711331215150636,23.0,3765492.0,14.534715940307786,14.711331215150636,5831461.0,35862912.0,0.8783080693503081,0.10499682792072211
MI,2021,5632135.1,31456199.0,17.904690582609806,15.191903065930735,23.0,3784593.0,14.662665694878019,15.191903065930735,6289783.0,35868100.0,0.8769965233731366,0.10551417554874666
MI,2022,5571312.1,30634893.0,18.186164710939252,15.845474349778168,23.0,3764100.0,14.650078803996463,15.845474349778168,6255971.0,35034971.0,0.8744089726804684,0.10743836494113268
MI,2023,5435793.499999999,28378711.0,19.15447639605618,17.101969594324213,23.0,3548548.0,16.374244789898853,17.101969594324213,6130301.0,32533717.0,0.872286157772873,0.10907293501077667
MI,2024,5744889.299999999,29343284.0,19.578208424115033,17.697910905894496,23.0,3578441.0,16.484550450182635,17.697910905894496,6466084.0,33504932.0,0.8757899881724875,0.10680341031583052
MN,2000,739237.0,9448101.0,7.8241860454286,7.403299186592259,40.0,6673160.0,7.17668816816275,7.197637187824812,1400071.0,18629364.0,0.5071617581791842,0.3582065388813059
MN,2001,772310.0,9726336.0,7.940400167133851,7.450269712801491,40.0,7068630.0,7.210369406948068,7.279277602898686,1476460.0,19399686.0,0.5013656406603695,0.36436826864104915
MN,2002,776297.0,10259201.0,7.566836832614937,7.609375785495856,40.0,7479352.0,7.200523599384547,7.4097655294108185,1531480.0,20450927.0,0.5016496807210744,0.3657219059067591
MN,2003,793721.0,10279113.0,7.721687659236745,7.781993725086808,40.0,7645046.0,7.48200476373129,7.581469687424157,1579058.0,20637751.0,0.49807331234881164,0.3704398798105472
MN,2004,799428.0,10057933.0,7.948233498870991,8.09159744695052,40.0,7760915.0,7.682864143378511,7.894919928543806,1624406.0,20507412.0,0.49045354918504586,0.37844438878977027
MN,2005,899712.0,10697082.0,8.41081708077025,8.326186973044374,40.0,8244290.0,7.842572972922793,8.1452344526517,1799428.0,21743001.0,0.4919781772534527,0.37916983032838936
MN,2006,956425.0,10733016.0,8.911055382755416,8.656543696858403,40.0,8387262.0,8.501561897270273,8.488340152768469,1905115.0,21909406.0,0.489881651743548,0.38281558158171886
MN,2007,1051102.0,11048519.0,9.51351036279161,9.024764175319888,40.0,8707740.0,9.33768405437854,8.859063087915462,2078498.0,22645637.0,0.4878873135694968,0.3845217513642915
MN,2008,1058095.0,10666239.0,9.920038356537859,9.803888132918956,40.0,8743734.0,9.882121551865982,9.56664499124528,2176514.0,22357408.0,0.4770785146471362,0.3910888954569331
MN,2009,1036812.0,10425280.0,9.945171736394611,10.388675993461412,40.0,8658137.0,10.25017450443828,10.126289993891639,2212341.0,22033959.0,0.4731460197416179,0.39294513527959274
MN,2010,1149644.2,10902891.0,10.544397811552917,10.847079846522648,40.0,8668380.0,10.5959529741479,10.633788235261557,2379113.0,22464797.0,0.4853322734231696,0.38586504921455556
MN,2011,1189319.6,10943185.0,10.868130256410726,11.238500883534284,40.0,8693494.0,10.94038581736765,11.054466189924444,2469487.0,22523727.0,0.48585143124847857,0.3859704923612331
MN,2012,1199625.0,10818400.0,11.088746949641353,11.778108366016667,40.0,8470423.0,11.313843697814374,11.63993693640781,2504491.0,22059631.0,0.490416181485538,0.38397845367404376
MN,2013,1316565.7,10945683.0,12.028173116287032,11.791272121034591,40.0,8940981.0,11.380154447763214,11.632133578731496,2698103.0,22849542.0,0.4790329276621825,0.3912980400219838
MN,2014,1315708.9,10822644.0,12.157000636812963,12.092307959669382,40.0,8976604.0,11.853628508584254,11.901168952863168,2737895.0,22791466.0,0.4748551058540947,0.3938581221585307
MN,2015,1233921.7999999998,10262417.0,12.023695782387325,12.390076958275655,40.0,8665085.0,12.018254890348597,12.217369503585825,2630742.0,21713970.0,0.4726181808301292,0.39905576916611746
MN,2016,1293663.2999999998,10165035.0,12.726599564093974,12.793829866564227,40.0,8850700.0,12.328988327721325,12.649761413406788,2762790.0,21803791.0,0.4662049365635545,0.40592482288974424
MN,2017,1320738.3,9956340.0,13.265299296729522,13.008798805406288,40.0,8857907.0,12.705030282498322,12.88524524504924,2813969.0,21573800.0,0.46150145083388183,0.4105863130278393
MN,2018,1432960.5999999999,10524480.0,13.61550024324242,12.89683569770485,40.0,9384312.0,12.84323395500137,12.76636556082045,3001391.0,22837140.0,0.46084930074431385,0.41092325921722245
MN,2019,1340264.2000000002,10149752.0,13.204896040809668,13.059185846102428,40.0,9239236.0,12.935816792655846,12.90586739972117,2906625.0,22288152.0,0.455387777326716,0.41453575872957077
MN,2020,1414756.2999999998,10626859.0,13.31302410241822,13.195503999221522,40.0,9392703.0,12.897773162570672,13.195503999221522,3020236.0,22935672.0,0.46333323043684965,0.4095237758893657
MN,2021,1488366.2,10862216.0,13.702233503734412,13.50342994846398,40.0,9476673.0,13.062132769835117,13.50342994846398,3138279.0,23246055.0,0.46727137142194664,0.40766801076569764
MN,2022,1629954.7999999998,10709849.0,15.219213641574218,13.669643385240644,40.0,9670828.0,13.653261040497208,13.669643385240644,3336372.0,23418313.0,0.4573279467227208,0.412960062494681
MN,2023,1677383.6,10598709.0,15.826301108936946,14.005483111868305,40.0,9514670.0,14.393987640182255,14.005483111868305,3391941.0,23023275.0,0.4603475830436808,0.41326310005852773
MN,2024,1684953.4,10167478.0,16.57198963204051,14.62858677727848,40.0,9192026.0,14.843797631278862,14.606770023011848,3408955.0,22062758.0,0.4608434720627403,0.416630867274164
MO,2000,1342473.0,18631797.0,7.205279233130331,6.745733225970811,41.0,8914346.0,6.2645951245356075,6.771196314152253,2083889.0,29581354.0,0.6298493638932147,0.3013501680822318
MO,2001,1333771.0,18670824.0,7.143610801537201,6.722214555450777,41.0,9391176.0,6.279709250846772,6.779610011041526,2113257.0,30168329.0,0.618888238722138,0.31129254789020633
MO,2002,1431226.0,19880955.0,7.198980129475671,6.75834802709949,41.0,9646381.0,6.248735947130358,6.835945409630259,2238090.0,31684209.0,0.6274720318881876,0.3044539000484437
MO,2003,1359044.0,19429484.0,6.9947508642020555,6.817300179421124,41.0,9821586.0,6.299749371786811,6.8953340032552175,2185963.0,31421927.0,0.6183415803874791,0.3125710908818546
MO,2004,1340365.0,19345418.0,6.928591566230308,6.951699224762839,41.0,9868206.0,6.523220057693183,7.0351950921369655,2184956.0,31350643.0,0.6170660678315274,0.3147688549801036
MO,2005,1488635.0,21287735.0,6.992923389923822,7.115624953781078,41.0,10818080.0,7.063039408346223,7.224959774853472,2436857.0,34411988.0,0.6186139260539089,0.31436951564669846
MO,2006,1505308.0,20785724.0,7.242028230529762,7.57080269150223,41.0,10785501.0,7.573562812859665,7.745322592075778,2519514.0,33880156.0,0.613507328596716,0.31834271955536453
MO,2007,1657773.0,22243891.0,7.452711398378997,7.871369040514198,41.0,11251537.0,8.040741235748346,8.076173662802365,2758442.0,35872486.0,0.6200822268074758,0.3136536731800523
MO,2008,1649174.0,21748948.0,7.582775957715287,8.471026081831914,41.0,11280611.0,8.100814008330653,8.667965741203739,2831571.0,35389941.0,0.6145516885716198,0.3187519018469118
MO,2009,1685541.0,21009927.0,8.022593319814963,9.173425740300816,41.0,10905094.0,8.37933540746559,9.375326201726212,2924094.0,34220694.0,0.6139538549393534,0.31866957461470535
MO,2010,2022301.4,22953050.0,8.810599898488435,9.333860548495073,41.0,11848420.0,8.906958611576817,9.50072648502578,3385582.0,37302279.0,0.6153256748736451,0.31763260362724755
MO,2011,2133825.6,21977589.0,9.709097754080306,9.64922041948208,41.0,11531458.0,9.589916886436441,9.804637095705752,3502911.0,35941243.0,0.6114866144167579,0.3208419363793289
MO,2012,2150797.4,21112347.0,10.187391292877102,9.991432989643416,41.0,10896450.0,10.01181526289231,10.11783003273947,3491827.0,34336615.0,0.6148639579061593,0.3173419977478852
MO,2013,2323824.0,21458815.0,10.829227988591168,10.08640049587466,41.0,11441601.0,10.072899925002158,10.21956686771841,3745002.0,35318204.0,0.6075851138976376,0.32395761120808975
MO,2014,2342170.2,21538999.0,10.874090295468235,10.085693220728222,41.0,11796149.0,10.349771075242549,10.247148790632215,3807788.0,35792644.0,0.6017716657087417,0.3295690868771807
MO,2015,2361625.9,20388691.0,11.583018743086546,10.413454024508855,41.0,11174084.0,10.67358583763644,10.603181680052366,3799962.0,33911760.0,0.6012277451833818,0.3295046909980491
MO,2016,2376993.3,20850530.0,11.4001576938332,10.677190654609806,41.0,11158571.0,10.734870484714811,10.881909109273252,3850746.0,34354932.0,0.6069151876068333,0.32480259311821663
MO,2017,2375365.6999999997,20064077.0,11.838898445216293,11.088780113916249,41.0,10734904.0,11.177894240335847,11.294921484867855,3843968.0,33051080.0,0.6070626738974945,0.32479737424616684
MO,2018,2604689.7,22592210.0,11.529149649370293,10.842009834003024,41.0,12324381.0,11.026717626460949,11.027280512114505,4248638.0,37463390.0,0.6030476686706675,0.32897132373765425
MO,2019,2371250.0,21429612.0,11.06529600255945,11.054427298720357,41.0,11852453.0,11.037298958173192,11.254765392331677,3975602.0,35691426.0,0.6004134438338216,0.33208123990338745
MO,2020,2344545.6,21064598.0,11.13026510166489,11.11874091219839,41.0,11526440.0,10.979447778729973,11.11874091219839,3922562.0,34950370.0,0.6027002861486159,0.3297945057520135
MO,2021,2435243.0999999996,21353358.0,11.404497128741998,11.20663538735213,41.0,11880482.0,11.217726074549114,11.20663538735213,4071545.0,35668409.0,0.5986630354048031,0.33308135498838765
MO,2022,2661050.8,22299246.0,11.933366715627962,11.291714924979198,41.0,12434818.0,11.44505048136885,11.291714924979198,4373898.0,37244970.0,0.5987183235749687,0.333865700522782
MO,2023,2658248.5,20751510.0,12.809903953977326,12.04403547680487,41.0,11795989.0,12.212642923693846,12.04403547680487,4397847.0,34964573.0,0.5935010274542749,0.33736974279651577
MO,2024,2701656.9,20933969.0,12.905612404413134,12.760883633617143,41.0,11836580.0,12.720623513493159,12.760883633617143,4548192.0,35226895.0,0.5942609758822059,0.33600974482707036
MS,2000,511420.0,7261939.0,7.042471714510408,6.843152792059618,38.0,9444784.0,6.318020840577593,6.848050573615404,1191491.0,17192809.0,0.42238234601454594,0.5493450197696025
MS,2001,554301.0,6996558.0,7.922481311524895,6.966950853850761,38.0,9385598.0,6.3392594514306175,6.983160638447535,1242778.0,16855661.0,0.4150865397684493,0.5568217111153339
MS,2002,561480.0,7392017.0,7.5957617521712955,7.036095681062056,38.0,9968284.0,6.3037918409815665,7.057590971825226,1299120.0,17843742.0,0.4142638354667984,0.5586431366245936
MS,2003,591209.0,7347294.0,8.046622334699007,7.245180510959775,38.0,9857684.0,6.526312360715633,7.279217121187241,1342600.0,17669709.0,0.4158129599078287,0.5578860410208227
MS,2004,666840.0,7381929.0,9.033411185612866,7.5793528519640985,38.0,9732889.0,6.952762221287035,7.616313121948144,1443559.0,17580026.0,0.41990432778654596,0.5536333677777269
MS,2005,712778.0,7512795.0,9.487520955915873,8.10591550517288,38.0,9962243.0,7.0620541929956095,8.154638228315388,1564167.0,17953344.0,0.41846215390291636,0.5548962354868263
MS,2006,781744.0,7505100.0,10.416170337503832,9.089691754156005,38.0,10283253.0,7.923367168611209,9.127854148781115,1764908.0,18276131.0,0.4106503723353701,0.5626602807782457
MS,2007,730916.0,7609073.0,9.60584817624959,9.162909942845069,38.0,10468563.0,7.876888653339459,9.186813816659276,1737497.0,18565875.0,0.40984187386805093,0.5638604698135693
MS,2008,804605.0,7474954.0,10.764012728372643,10.125205982665495,38.0,10356454.0,9.125795359187784,10.13886929838556,1901502.0,18293688.0,0.40860836808849044,0.5661217136752305
MS,2009,711989.0,7449748.0,9.557222606724416,10.693492909543178,38.0,10189823.0,9.400111363437855,10.689340775388837,1849917.0,18095194.0,0.41169760324205423,0.5631231696106712
MS,2010,765564.7,8373483.0,9.14272710650992,10.389948426870262,38.0,11287467.0,9.413308495723758,10.389048093933036,1991612.0,20174826.0,0.41504610746085246,0.5594827434942934
MS,2011,736597.9,8010501.0,9.195403633305832,10.860991793952827,38.0,10837130.0,10.026396475564656,10.855507746870037,1966085.0,19336430.0,0.4142699040102025,0.5604514380369076
MS,2012,680554.1,7596306.0,8.959013762742048,11.219183709864776,38.0,9936222.0,10.098619547008406,11.21172971888169,1846707.0,17992708.0,0.42218803306317204,0.5522360502932633
MS,2013,797918.9,7716736.0,10.3401088232123,11.092069319199556,38.0,10286847.0,10.015951747089684,11.084971182245914,1989585.0,18462415.0,0.41797002179834003,0.5571777581643571
MS,2014,873811.1,7808675.0,11.1902608317032,11.39490693447105,38.0,10650560.0,10.336847836847838,11.405375162799114,2141264.0,18922097.0,0.4126749270971394,0.562863619185548
MS,2015,847388.4,7685766.0,11.025425442304645,11.437482087916468,38.0,10415455.0,10.24059111416578,11.4493364196888,2092177.0,18561101.0,0.41407920790905667,0.5611442446221266
MS,2016,718715.4,7667802.0,9.37316065281811,11.236346991389206,38.0,10335634.0,10.316195528555284,11.247887284504886,1931958.0,18458928.0,0.41539801227893625,0.5599260152052167
MS,2017,759633.1,7251090.0,10.476122900143288,11.506087167426347,38.0,9763326.0,10.597126708078116,11.507266902234573,1932657.0,17444016.0,0.41567778887613954,0.5596948546710804
MS,2018,851626.4,7942367.0,10.722576783470219,11.382741623334116,38.0,10906159.0,10.517558265669463,11.389300351582431,2146535.0,19310527.0,0.41129726806523714,0.5647779058541489
MS,2019,838597.7,7721789.0,10.86014782325702,11.547487933912999,38.0,10538835.0,10.620687668870572,11.552405260936533,2108801.0,18717858.0,0.4125359322631895,0.5630363794831652
MS,2020,786606.5,7401718.0,10.62735029894411,11.568893265173047,38.0,10132391.0,10.606242313888863,11.568893265173047,2010535.0,17994833.0,0.4113246285753249,0.5630722441269669
MS,2021,857970.5,7614977.0,11.266882355652552,11.76742115841946,38.0,10501153.0,10.90541326154655,11.76742115841946,2145795.0,18569936.0,0.41007018010185925,0.5654921481689544
MS,2022,950766.1,7741693.0,12.281113446374068,12.537207646866074,38.0,10708753.0,12.183343717852908,12.537207646866074,2348630.0,18917877.0,0.40922631011925914,0.5660652619741634
MS,2023,1051222.7,7585773.0,13.857819104262676,12.807801270940775,38.0,10510954.0,11.859404251982395,12.807801270940775,2452659.0,18544190.0,0.4090646720077825,0.5668057758252045
MS,2024,1028167.0,7581173.0,13.56210971573924,13.275529104402189,38.0,10587230.0,11.875071399977152,13.275529104402189,2490447.0,18593201.0,0.4077389901824866,0.5694140562456137
MT,2000,144409.0,2223858.0,6.493625042606138,5.943547966004691,10.0,976723.0,5.233711291746443,6.486046594513681,253610.0,3907754.0,0.5690885352558017,0.2499448532328289
MT,2001,146778.0,2170876.0,6.761233713947734,6.702301697863774,10.0,1012861.0,4.9676555877760435,7.02195706060811,267229.0,3886224.0,0.5586080472973252,0.26062856901712306
MT,2002,153829.0,2178225.0,7.06212627253842,7.370776452008336,10.0,1111891.0,5.1174616423762505,7.426695291990722,291404.0,4030664.0,0.5404134405646316,0.27585802240027946
MT,2003,173011.0,2243616.0,7.711257184830203,7.2663801062086,10.0,1114599.0,5.241342867050878,7.371196045475329,311334.0,4120150.0,0.5445471645449802,0.2705238886933728
MT,2004,176689.0,2162401.0,8.170963664926163,7.402098508574443,10.0,1135759.0,5.285118961864972,7.504254523390225,318546.0,4052761.0,0.5335624281816767,0.28024327119215764
MT,2005,194622.0,2253455.0,8.63660468036859,7.348607106452366,10.0,1190974.0,5.312280088966053,7.491794940327531,342060.0,4221448.0,0.5338109103795664,0.2821245222018606
MT,2006,206676.0,2339543.0,8.834032971396551,7.46783816761623,10.0,1248996.0,5.342727430598625,7.655116017581519,363945.0,4393973.0,0.5324436449655016,0.2842520880305819
MT,2007,232972.0,2397167.0,9.718638709777,7.416179606590975,10.0,1313493.0,5.3750430424302715,7.716413671663146,398441.0,4541544.0,0.5278308434312208,0.28921727940982184
MT,2008,250248.4,2444649.0,10.236577930001403,7.536656264852059,10.0,1357135.0,5.559075143454858,7.909379553743272,426218.0,4669467.0,0.5235391962294625,0.29064023795435323
MT,2009,235495.6,2481548.0,9.48986680894345,7.803507851890072,10.0,1418703.0,5.56554734750117,8.322373342207749,428140.0,4790401.0,0.5180251089626944,0.29615537404906184
MT,2010,238790.90000000002,2497350.0,9.561771477766433,8.194226376747418,10.0,1386547.0,5.5916322027993886,8.71225022757192,434420.0,4742794.0,0.5265567089778725,0.29234813909269514
MT,2011,268466.8,2575971.0,10.421965154110818,8.493859977018179,10.0,1444620.0,5.986025963894754,9.015240428575279,479166.0,4913110.0,0.5243055824111408,0.29403371795054456
MT,2012,269156.00000000006,2545440.0,10.574046137406503,8.918489644443287,10.0,1380708.0,6.676649465536307,9.438599182360557,481814.0,4778365.0,0.5327010389537007,0.2889498813924847
MT,2013,286709.30000000005,2606800.0,10.99851542120608,8.98283028341888,10.0,1433920.0,6.050490206829996,9.485532946043852,508873.0,4926471.0,0.5291414483105655,0.29106433388119
MT,2014,274666.10000000003,2598710.0,10.569324780371801,9.226615836963138,10.0,1473679.0,6.200286232391824,9.66747451426229,505962.0,4969243.0,0.522958929559291,0.29656005955031783
MT,2015,295098.2,2547896.0,11.582034745531216,9.556250877822688,10.0,1409738.0,6.3075010360547035,10.004071565811163,525004.0,4825213.0,0.5280380368700822,0.2921607812960796
MT,2016,295023.99999999994,2554600.0,11.548735614186171,9.74894154665651,10.0,1407242.0,6.5654420447809265,10.161420792792033,530661.0,4852547.0,0.5264451843537012,0.2900006944806511
MT,2017,316330.89999999997,2727625.0,11.597301681866092,9.839212559279192,10.0,1548815.0,6.91849555356123,10.162288052879923,572287.0,5224588.0,0.5220746592841388,0.2964472988109302
MT,2018,313601.60000000003,2707262.0,11.583718162482983,9.864248839248027,10.0,1539950.0,6.829998893720587,10.203687695156825,569768.0,5197686.0,0.5208590899873521,0.29627607362199254
MT,2019,329734.10000000003,2763969.0,11.92973220756094,9.888882546687833,10.0,1594259.0,6.845653841495418,10.2671046415008,590943.0,5308103.0,0.5207074919231974,0.3003443979892628
MT,2020,340470.8,2818852.0,12.078349626017967,9.92233585166607,10.0,1589279.0,6.889989550324111,9.92233585166607,604844.0,5379965.0,0.5239535944936444,0.29540694037972365
MT,2021,351381.10000000003,2913131.0,12.061973869352254,9.879639037788081,10.0,1657348.0,6.888293425018456,9.879639037788081,623923.0,5559446.0,0.5239966356359969,0.2981138768143444
MT,2022,377974.39999999997,3059517.0,12.354054577895791,9.808047480525566,10.0,1792735.0,6.952955259277049,9.808047480525566,667968.0,5894499.0,0.5190461479423442,0.3041369588831892
MT,2023,429873.1,2977532.0,14.437228550356467,10.010087192571792,10.0,1784441.0,7.873997942177448,10.010087192571792,721681.0,5755522.0,0.5173348307938012,0.3100398191510692
MT,2024,421535.39999999997,2979716.0,14.14683144299658,10.412179739872446,10.0,1773207.0,8.907862331265392,10.412179739872446,721809.0,5700241.0,0.5227350913759611,0.31107579486551534
NC,2000,2389674.0,31369567.0,7.617809962120294,8.648339390533032,49.0,13892008.0,8.859086471655935,8.699171553938005,3709073.0,46536517.0,0.6740849771803936,0.29851843016098517
NC,2001,2381295.0,30756016.0,7.742534013508122,8.820066078316668,49.0,14159259.0,9.042237770123908,8.861499414038473,3749927.0,46200716.0,0.665704315058667,0.30647271786870145
NC,2002,2607155.0,33532181.0,7.775083284919641,9.003011993438683,49.0,14962848.0,9.073361450604931,9.056430748826324,4085367.0,49854417.0,0.6726020083636721,0.3001308389585621
NC,2003,2600410.0,32967605.0,7.887773467317387,9.13401647124914,49.0,15048889.0,9.369527028707234,9.19254079777735,4106255.0,49348767.0,0.6680532666601376,0.30494964544909503
NC,2004,2755797.0,34520469.0,7.98308099464118,9.33248311566077,49.0,15796739.0,9.313283898264313,9.380818450476367,4369008.0,51717380.0,0.6674829428714293,0.3054435278817295
NC,2005,2935839.0,36105321.0,8.131319480582931,9.660649449841408,49.0,16524417.0,9.60086950024788,9.706338914789791,4679817.0,54072734.0,0.6677176892886533,0.30559610690297256
NC,2006,2962699.0,35180859.0,8.421337864433612,10.469330305032265,49.0,16264345.0,10.275527262559732,10.500459043542614,4818176.0,52851296.0,0.665657451427492,0.30773786512255064
NC,2007,3276918.0,37560615.0,8.724345967178653,10.735084766939265,49.0,17063964.0,10.426557018885754,10.758761762163136,5271039.0,56095471.0,0.6695837352002981,0.3041950392037888
NC,2008,3275532.0,37266986.0,8.789366545499549,10.948952101477547,49.0,17031945.0,10.869649546614827,10.983546610592471,5306233.0,55751201.0,0.668451716403383,0.30549915866386446
NC,2009,3496161.0,37687816.0,9.276634655613899,11.384422498836607,49.0,17180355.0,11.395870175581805,11.442607141265437,5627153.0,56311126.0,0.6692783234346974,0.30509698918114336
NC,2010,3977694.8,41627343.0,9.555485681610762,11.173058138749886,49.0,18960160.0,11.657846944410347,11.254197437812072,6288493.0,62160107.0,0.6696793974308957,0.30502135396903357
NC,2011,3667728.8000000003,38421066.0,9.546140130521106,11.572698395932939,49.0,18140077.0,12.0421886217825,11.647101077412913,5954615.0,58055878.0,0.6617945903772224,0.31245892104155243
NC,2012,3751545.9,36387359.0,10.310025248053863,12.026702721773836,49.0,16892660.0,12.351538886965058,12.069896868201374,5962720.0,54671521.0,0.6655633195205964,0.308984635711891
NC,2013,3878977.4,37428369.0,10.363736127534704,12.111204566508919,49.0,17398674.0,12.44850052460321,12.160317654762302,6172487.0,56251297.0,0.6653778845312669,0.3093026281687336
NC,2014,4099834.8,38882340.0,10.544207987482235,12.1231296096952,49.0,18284018.0,12.641791200808086,12.171174109376299,6511383.0,58649994.0,0.662955566542769,0.3117479943817215
NC,2015,4132127.6000000006,38337333.0,10.778338701860143,12.186521462896335,49.0,18072258.0,12.455662089477128,12.231490891481306,6531847.0,57901557.0,0.6621122986381869,0.3121204150002391
NC,2016,4116452.2,38961887.0,10.565330678157348,11.86726564717525,49.0,18031082.0,11.872166888438132,11.915678017612596,6446114.0,58456809.0,0.6665072498226853,0.3084513559404175
NC,2017,3841921.5,37285847.0,10.30396734718136,12.120446207257807,49.0,17437278.0,11.789364080345374,12.157468599566238,6138404.0,56133960.0,0.6642297639432528,0.3106368765004286
NC,2018,4331538.7,40883018.0,10.594958278275836,11.996475840186099,49.0,19183012.0,11.641935576060572,12.042948939083079,6834735.0,61622454.0,0.6634435233624418,0.3112990599173477
NC,2019,4377635.0,39745922.0,11.014048183358282,12.153593710905026,49.0,18584550.0,11.72439867607809,12.216593582893552,6834017.0,59852793.0,0.6640612744671748,0.3105043067914976
NC,2020,4237535.399999999,38918856.0,10.888129394142519,12.308717933017665,49.0,18226029.0,11.659435410294188,12.30876403296076,6672919.0,58641572.0,0.6636734772389798,0.31080389522982094
NC,2021,4363052.0,40194788.0,10.854770523979377,12.188176671950327,49.0,19157178.0,11.56145216714931,12.188182165085077,6897040.0,60914684.0,0.6598538375410434,0.3144919540254038
NC,2022,4651972.300000001,41552395.0,11.195437230513429,12.405241914736377,49.0,19337743.0,11.770858022576029,12.405376020444542,7253470.0,62443953.0,0.6654350502121479,0.3096815955902087
NC,2023,4958940.7,38488502.0,12.88421331648605,12.946795404598952,49.0,18757797.0,11.952200605209038,12.947002446095073,7593061.0,58737520.0,0.6552626328111912,0.31934948904890775
NC,2024,5922287.800000001,40604489.0,14.585303117593723,13.195232573957302,49.0,19590865.0,12.027540640327425,13.195326102723174,8726608.0,61744942.0,0.6576164408738128,0.3172869609303382
ND,2000,107028.0,1688458.0,6.338801438946068,6.565068890327705,13.0,1301997.0,,6.5311728289858,218161.0,3390036.0,0.498064917304713,0.3840658329292078
ND,2001,110948.0,1701283.0,6.5214311787045425,6.500935271547954,13.0,1409751.0,,6.428469417933727,225280.0,3479809.0,0.48890125866103573,0.4051230972734423
ND,2002,111187.0,1773865.0,6.268064367919768,6.5628776974601495,13.0,1508317.0,,6.502259235352007,234081.0,3663885.0,0.48414865641252386,0.41167149078096066
ND,2003,116397.0,1796485.0,6.479152344717601,6.567906391178169,13.0,1522677.0,,6.499329391491461,240596.0,3707436.0,0.48456264652983894,0.4107089104167948
ND,2004,116510.0,1726711.0,6.747510150801148,6.875350467664052,13.0,1560415.0,,6.833688864555517,248815.0,3662781.0,0.47142075925369276,0.42601919142858935
ND,2005,127718.0,1793547.0,7.120973133126704,6.90630223086397,13.0,1619014.0,,6.873538673892439,265358.0,3796009.0,0.47248228336655684,0.4265042574978089
ND,2006,132943.0,1816713.0,7.3177766658795305,6.985253112073439,13.0,1649704.0,,6.97383082383134,274953.0,3853040.0,0.47150120424392167,0.4281564686585138
ND,2007,141676.0,1886895.0,7.50841991737749,7.127750989784586,13.0,1766546.0,,7.128177586659995,297098.0,4067284.0,0.463920149170798,0.4343306245642055
ND,2008,151879.0,1918806.0,7.915286902375748,7.183496817781984,13.0,1893962.0,,7.186747147546475,320068.0,4259072.0,0.4505220855623009,0.444688889974154
ND,2009,149188.0,1963643.0,7.597511360262532,7.524437991219449,13.0,2037913.0,,7.568367425350331,337306.0,4449220.0,0.44134544931471137,0.45803826288652844
ND,2010,157736.8,2002390.0,7.877426475361942,8.314151857357702,13.0,1962223.0,,8.338841924085203,357052.0,4392596.0,0.45585571721141666,0.4467114662946467
ND,2011,170232.8,2071497.0,8.217863699537098,8.859015905015836,13.0,2040677.0,,8.890105376197582,390772.0,4552228.0,0.45505124084294546,0.4482809296898134
ND,2012,175087.5,2063403.0,8.485375857261038,9.498980438488784,13.0,2004293.0,,9.52376823531962,406332.0,4484758.0,0.46009238402607233,0.4469121856742326
ND,2013,197596.9,2273496.0,8.691323846622117,9.41933173410339,13.0,2286934.0,,9.443715842017744,459360.0,5038846.0,0.45119378524368475,0.4538606657159199
ND,2014,207044.6,2298831.0,9.00651679049047,9.18108902084586,13.0,2554368.0,,9.239183249962823,490071.0,5357514.0,0.42908539296397546,0.47678232852028013
ND,2015,206953.3,2161486.0,9.574584336886751,9.675019216953459,13.0,2228501.0,,9.700586584855843,467895.0,4862542.0,0.44451770288050985,0.45829958898041395
ND,2016,209370.4,2071415.0,10.107602773949207,10.245882197918041,13.0,2200810.0,,10.248433400679142,481747.0,4741298.0,0.436887746773141,0.4641787966080175
ND,2017,213156.0,2109574.0,10.104220093725084,10.447309373798799,13.0,2255553.0,,10.466097670607496,498902.0,4848305.0,0.43511577757587444,0.46522506319218776
ND,2018,224402.3,2221219.0,10.102664347819823,10.339853052698802,13.0,2405216.0,,10.389251256767906,526145.0,5133171.0,0.4327186840259169,0.46856338898509325
ND,2019,221062.6,2189529.0,10.096354056054977,10.387452970485024,13.0,2448994.0,,10.432883018706491,527970.0,5125431.0,0.4271892451581145,0.47781230495542715
ND,2020,219273.7,2155069.0,10.174787907022932,10.5354979816465,13.0,2408151.0,,10.513456027242936,526673.0,5046551.0,0.42703799089714933,0.47718748903954405
ND,2021,230930.4,2118163.0,10.902390420378412,10.767546243199275,13.0,2300122.0,,10.736040949937644,530311.0,4888401.0,0.43330385539156874,0.47052645640159224
ND,2022,253874.5,2232013.0,11.374239307745967,10.505590533442415,13.0,2530170.0,,10.46735252241875,575541.0,5271904.0,0.42337891585279247,0.47993476360722803
ND,2023,240359.6,2149139.0,11.183995078959526,10.782744788022198,13.0,2433769.0,,10.743710739012695,557857.0,5067156.0,0.42413120890692924,0.48030275760209473
ND,2024,241803.1,2055130.0,11.765829898838517,11.265197886484584,13.0,2376893.0,,11.199207186496189,565146.0,4910755.0,0.41849573028994524,0.4840178343248645
NE,2000,,,,6.527331833967845,22.0,6637919.0,6.524629491692415,6.525721495296868,544639.0,8346035.0,,0.7953380257811045
NE,2001,,,,6.483170927706791,22.0,6830531.0,6.480234558100855,6.504323581928103,561857.0,8638208.0,,0.7907347218311946
NE,2002,,,,6.715524606333359,22.0,7090898.0,6.710063431255028,6.731772099646307,602900.0,8956037.0,,0.7917450542019869
NE,2003,,,,6.8234371982629325,22.0,7037377.0,6.813720047478476,6.865611887821574,607759.0,8852219.0,,0.7949845117930318
NE,2004,,,,6.9158588399630085,22.0,6958485.0,6.90494043421398,6.963200325235376,609749.0,8756735.0,,0.794643779901984
NE,2005,,,,7.097493337233053,22.0,7439852.0,7.082599618660308,7.143281453880776,664983.0,9309209.0,,0.7991927133658724
NE,2006,,,,7.377071702280976,22.0,7424450.0,7.362838167280751,7.411862927525636,688822.0,9293507.0,,0.7988857166621814
NE,2007,,,,7.536005676134741,22.0,7813768.0,7.518371545959757,7.591602276962604,739995.0,9747547.0,,0.8016137803695638
NE,2008,,,,7.788928327361062,22.0,7787658.0,7.767567657786658,7.8691024517454675,767610.0,9755626.0,,0.7982735295510508
NE,2009,,,,8.482395966074078,22.0,7659040.0,8.462287483100575,8.520795654776663,820292.0,9626939.0,,0.7955841415428102
NE,2010,,,,8.871253216829624,22.0,8084435.0,8.855284464484066,8.93857652265983,903393.0,10106673.0,,0.7999106135124784
NE,2011,,,,9.240599023825125,22.0,7958615.0,9.224136599227299,9.322854299493926,927342.0,9946973.0,,0.8001042126081975
NE,2012,,,,9.969156803887145,22.0,7775783.0,9.956771710511477,10.042033337182483,972315.0,9680143.0,,0.803271501257781
NE,2013,,,,10.279117070591417,22.0,8049024.0,10.269709681269159,10.31658005500647,1037786.0,10062159.0,,0.7999301144018893
NE,2014,,,,10.32098909707777,22.0,8026472.0,10.309485613315701,10.391017108034575,1043023.0,10028238.0,,0.8003870670002048
NE,2015,,,,10.449665066322561,22.0,7641065.0,10.437772867732283,10.571004754698773,1010527.0,9532132.0,,0.8016113289241064
NE,2016,,,,10.706877584726456,22.0,7836661.0,10.69217012074155,10.811191608487668,1055594.0,9738351.0,,0.8047215591222785
NE,2017,,,,10.804273099060445,22.0,7831693.0,10.787122206607243,10.937100723565765,1060436.0,9667990.0,,0.8100642429295024
NE,2018,,,,10.519475981663811,22.0,8442758.0,10.502310762676977,10.666432331724781,1114442.0,10412008.0,,0.8108674138552333
NE,2019,,,,10.571241368364182,22.0,8360669.0,10.554479422971202,10.763503018680655,1109655.0,10307905.0,,0.811092942746368
NE,2020,,,,10.656800779411721,22.0,8346808.0,10.639622003633244,10.656800779411721,1135271.0,10514944.0,,0.793804322685884
NE,2021,,,,10.624716157937812,22.0,8345310.0,10.610979982603645,10.624716157937812,1127997.0,10492369.0,,0.7953694728044735
NE,2022,,,,10.730634964997584,22.0,8680258.0,10.71932953926255,10.730634964997584,1185532.0,10983649.0,,0.7902890924500592
NE,2023,,,,11.049517003452854,22.0,8559585.0,11.039568051934326,11.074498577200828,1195237.0,10670550.0,,0.8021690540787495
NE,2024,,,,11.423818884310965,22.0,8345605.0,11.411409559203829,11.418867219911187,1198161.0,10391014.0,,0.8031559768854127
NH,2000,418136.0,3224027.0,12.969370293735134,,,,,14.509369207163965,480832.0,3656134.0,0.8818131392339559,
NH,2001,412147.0,3351828.0,12.29618584247163,,,,,13.999158784077245,473388.0,3789290.0,0.8845530429183304,
NH,2002,413998.0,3590364.0,11.530808575397925,,,,,13.895951216832389,476046.0,4002520.0,0.8970258736995693,
NH,2003,443312.0,3762746.0,11.781608431714497,,,,,13.519039518450668,509432.0,4251834.0,0.8849701093692746,
NH,2004,468130.0,3783873.0,12.371715435481054,,,,,13.413676398220401,534912.0,4281738.0,0.883723618773498,
NH,2005,536983.0,3972471.0,13.51760654766265,,,,,13.426913110412025,607193.0,4495376.0,0.883679362972085,
NH,2006,574027.0,3885723.0,14.772720546472303,,,,,14.00242486418429,646112.0,4400597.0,0.8829990567188952,
NH,2007,578170.0,3969684.0,14.564635371480449,,,,,17.271685281888093,668467.0,4492870.0,0.883551938961065,
NH,2008,594405.1,3879720.0,15.320824698689595,,,,,18.428099433911996,689168.0,4393951.0,0.8829684263661566,
NH,2009,626593.1,3912507.0,16.01513045216277,,,,,19.2715145919079,724703.0,4421522.0,0.8848778768939746,
NH,2010,637180.9,3977395.0,16.020055840569018,,,,,18.64714588819739,732038.0,4485469.0,0.8867289017045932,
NH,2011,641214.4,3939338.0,16.277212059488168,,,,,18.35677513355998,735832.0,4454088.0,0.8844320094259476,
NH,2012,625693.6999999998,3927331.0,15.931779114110824,,,,,17.420177998096612,713388.0,4439208.0,0.8846918189010292,
NH,2013,653580.3,4022008.0,16.250099452810638,,,,,17.229955310465105,743587.0,4553871.0,0.8832063973705009,
NH,2014,689319.2999999999,3975168.0,17.340633150598915,,,,,19.423371520249937,790656.0,4510487.0,0.8813168068104398,
NH,2015,733785.1999999998,3989556.0,18.392653217551022,,,,,19.800638872303942,837549.0,4526948.0,0.8812904411537309,
NH,2016,717689.6,3909558.0,18.3573079105106,,,,,18.959123087462892,815783.0,4438407.0,0.8808471147418432,
NH,2017,748572.7000000001,3903360.0,19.17764951221512,,,,,19.865667030208037,852981.0,4441497.0,0.8788388239370645,
NH,2018,799778.8000000002,4067602.0,19.662169504292706,,,,,20.33256907159481,913613.0,4641013.0,0.8764470170628696,
NH,2019,791440.5999999999,3947420.0,20.04956655233038,,,,,20.02540333281477,903574.0,4506830.0,0.8758750607411417,
NH,2020,799427.2000000001,4202044.0,19.024722254217235,,,,,19.75351951800432,911967.0,4790374.0,0.8771849546611601,
NH,2021,842965.1000000001,4234313.0,19.907954371818995,,,,,20.229589129400853,959250.0,4831911.0,0.8763226392207969,
NH,2022,1078867.2,4202505.0,25.672002769776597,,,,,25.618930161992854,1224085.0,4808322.0,0.8740065661159964,
NH,2023,1159093.0,4052810.0,28.599736972619,,,,,26.608294059551323,1310466.0,4654978.0,0.8706399901352917,
NH,2024,989929.6000000001,4221664.0,23.448801230983804,,,,,23.833294604358695,1134518.0,4847443.0,0.8709053412283548,
NJ,2000,2475066.0,24053010.0,10.290046859000183,10.047233118053136,1.0,134863.0,10.047233118053136,9.483822416785683,2521947.0,24547336.0,0.9798623361818162,0.005493997393444242
NJ,2001,2550090.0,24927395.0,10.230070169787096,10.706395980140336,1.0,133537.0,10.706395980140336,9.955165886220982,2602692.0,25491423.0,0.9778738126937833,0.005238507085304732
NJ,2002,2764723.0,26648490.0,10.37478296143609,11.839563770355403,1.0,134608.0,11.839563770355403,10.658578193251275,2820455.0,27171374.0,0.9807560707088276,0.004954037289391401
NJ,2003,2860116.0,26784406.0,10.678287956059208,11.26646910694659,1.0,143754.0,11.26646910694659,10.887194074160737,2921307.0,27367126.0,0.9787073001381292,0.0052527985583871685
NJ,2004,3085948.0,27503845.0,11.220060322474911,11.991859705542435,1.0,159208.0,11.991859705542435,11.265950155817567,3147967.0,28020125.0,0.9815746717760895,0.005681916122786747
NJ,2005,3443819.0,29329224.0,11.741936984081134,12.814192944774474,1.0,198803.0,12.814192944774474,11.473893194705527,3517736.0,29973443.0,0.9785070070195139,0.006632638098999838
NJ,2006,3599398.0,27971212.0,12.868223228939812,13.959514938655401,1.0,210695.0,13.959514938655401,11.80759721009189,3676188.0,28621556.0,0.9772778251468928,0.007361409701135745
NJ,2007,4125261.0,29094000.0,14.179078160445451,15.296540283908364,1.0,209786.0,15.296540283908364,12.39316174196075,4206786.0,29751647.0,0.9778954422254338,0.007051239885980094
NJ,2008,4464896.7,28460852.0,15.687853265952825,15.507132809033317,1.0,211838.0,15.507132809033317,14.61846191232768,4559942.0,29111023.0,0.9776658140801167,0.007276899887716072
NJ,2009,4440817.699999999,27203341.0,16.32453050527874,16.27864834190121,1.0,209698.0,16.27864834190121,15.857135369431214,4540655.0,27832944.0,0.9773792165140706,0.007534165268323754
NJ,2010,4917702.2,29656481.0,16.582217559797467,15.523515636550943,1.0,209669.0,15.523515636550943,16.025873288802636,5021997.0,30307268.0,0.9785270318657557,0.006918109543888945
NJ,2011,4666904.699999999,28738386.0,16.23927210108459,15.246144001412212,1.0,226595.0,15.246144001412212,15.988033018210887,4772503.0,29398870.0,0.9775336943222648,0.0077076091700123165
NJ,2012,4421501.7,28035961.0,15.770822694467295,14.855069039495694,1.0,211618.0,14.855069039495694,15.54668663659291,4523770.0,28662958.0,0.9781251816368708,0.007382978407183236
NJ,2013,4390001.0,27914820.0,15.726417007166802,14.136790185675155,1.0,214299.0,14.136790185675155,15.088485856383063,4489692.0,28544638.0,0.9779356809499563,0.007507504561802466
NJ,2014,4298011.699999999,27227498.0,15.785555103153435,13.917805888829559,1.0,211621.0,13.917805888829559,14.571709904630312,4400228.0,27892582.0,0.9761555240744654,0.007586999296085246
NJ,2015,4492862.5,28391369.0,15.824747654824254,14.347421336808788,1.0,214840.0,14.347421336808788,14.45217889930624,4607270.0,29142283.0,0.9742328354988523,0.007372106022029914
NJ,2016,4449357.399999999,28242653.0,15.754034863509455,14.58291092386256,1.0,212077.0,14.58291092386256,13.998569486869645,4573774.0,29090726.0,0.9708473071452394,0.007290192757650669
NJ,2017,4203377.3,26811808.0,15.677336269154246,14.686832444481379,1.0,204571.0,14.686832444481379,13.864562021771173,4344094.0,27761879.0,0.9657778567509786,0.0073687735617607155
NJ,2018,4382961.0,28461008.0,15.399879723163707,15.989805056141076,1.0,217755.0,15.989805056141076,14.546915971071654,4550431.0,29530689.0,0.9637773097674761,0.007373854365538169
NJ,2019,4354780.399999999,27466498.0,15.854880370988683,16.80884359583584,1.0,209598.0,16.80884359583584,15.662220660184985,4534973.0,28612555.0,0.9599456602180406,0.007325385656751031
NJ,2020,4564971.4,28477919.0,16.029862996660675,16.701298450734118,1.0,207324.0,16.701298450734118,16.701298450734118,4756754.0,29676857.0,0.9596002366423102,0.0069860497693539445
NJ,2021,4720130.5,28828475.0,16.373153626752714,16.504922644163152,1.0,214722.0,16.504922644163152,16.504922644163152,4921080.0,30090371.0,0.958063129231607,0.00713590404053177
NJ,2022,4819167.100000001,28692846.0,16.795709634380643,16.63671472460586,1.0,207666.0,16.63671472460586,16.63671472460586,5031557.0,30062192.0,0.9544495624271178,0.006907879505260295
NJ,2023,4800362.3,27002649.0,17.777375471569474,17.776141829953307,1.0,198322.0,17.776141829953307,17.776141829953307,5030514.0,28414871.0,0.9502998975430857,0.006979514353593229
NJ,2024,5507122.600000001,28301487.0,19.458774727985144,17.835396677031074,1.0,209692.0,17.835396677031074,17.835396677031074,5743701.0,29692962.0,0.9531378849977985,0.007062010182749703
NM,2000,299351.0,3677922.0,8.139134000122896,8.0506360688451,3.0,288648.0,8.0506360688451,9.002566806866843,412707.0,4937074.0,0.7449598689426166,0.058465398736174505
NM,2001,322232.0,3719248.0,8.663901950071628,8.805489920064351,3.0,278474.0,8.805489920064351,8.954179291361154,436866.0,4999477.0,0.7439274148075888,0.055700626285509466
NM,2002,325333.0,3891068.0,8.361020676071455,8.615458240417945,3.0,300901.0,8.615458240417945,8.909956898919578,445356.0,5238134.0,0.7428347575682486,0.05744431127573292
NM,2003,341448.0,3996594.0,8.543474768765604,8.329545602119397,3.0,308012.0,8.329545602119397,9.111649843398686,470965.0,5418038.0,0.7376459891938743,0.05684936133707442
NM,2004,352846.0,4147756.0,8.506913135681076,8.657260161227036,3.0,313471.0,8.657260161227036,9.114665465194864,488387.0,5634821.0,0.73609365763349,0.05563104843969312
NM,2005,386002.0,4364579.0,8.84396868518132,8.67999875206689,3.0,320530.0,8.67999875206689,9.969571839453959,535571.0,5864834.0,0.7441948058546926,0.05465286826532516
NM,2006,387878.0,4476772.0,8.664233961434713,8.43779026183671,3.0,334827.0,8.43779026183671,10.205623574777102,544295.0,6009427.0,0.7449582131540994,0.055716959370668784
NM,2007,411328.0,4782247.0,8.601145026595239,8.453098395114896,3.0,350617.0,8.453098395114896,10.663279164870328,582486.0,6387363.0,0.7487044340520493,0.054892292797512836
NM,2008,457363.0,4782839.0,9.562584063565593,8.562287836171421,3.0,360865.0,8.562287836171421,11.349686716124516,638503.0,6378856.0,0.7497957313976048,0.05657205618060668
NM,2009,469718.0,4890528.0,9.604648005286954,8.565715772978425,3.0,368846.0,8.565715772978425,11.29230916092048,651891.0,6503772.0,0.7519525592225558,0.05671262768744046
NM,2010,517558.0,5083440.0,10.181255213005366,8.619197220677858,3.0,375919.0,8.619197220677858,11.56298886840464,710548.0,6752473.0,0.7528264089319572,0.05567130738619762
NM,2011,558509.0,5175402.0,10.791606139967485,8.607330255011018,3.0,381160.0,8.607330255011018,11.620046798473338,755858.0,6873748.0,0.7529228595520231,0.05545155277732032
NM,2012,572407.0,5090581.0,11.244433592157751,8.636311937428417,3.0,378063.0,8.636311937428417,11.647111149298352,769384.0,6763820.0,0.7526192299617672,0.05589489371390723
NM,2013,586071.0,5080122.0,11.536553649695815,8.695193553140827,3.0,386793.0,8.695193553140827,12.019693956045641,794916.0,6803987.0,0.7466389926964881,0.05684799221397689
NM,2014,602035.0,4947909.0,12.167463063690137,9.6094717918167,3.0,379358.0,9.6094717918167,12.547217903779329,812034.0,6611970.0,0.748325990589794,0.0573744284986169
NM,2015,615396.0,4989475.0,12.333882823343137,10.745554189830738,3.0,354716.0,10.745554189830738,12.807243197214863,828169.0,6641724.0,0.7512319090645742,0.05340721776454427
NM,2016,580473.0,4967830.0,11.684638967114413,10.414540259534109,3.0,377985.0,10.414540259534109,13.018223025986241,799336.0,6642511.0,0.7478843467477886,0.05690393286514693
NM,2017,612538.6,4857369.0,12.610501693406452,10.912914164472312,3.0,369509.0,10.912914164472312,13.61865775252857,836772.0,6497207.0,0.7476087802035551,0.056871975912111156
NM,2018,631041.1,5118960.0,12.327525512994827,11.344764908716689,3.0,374110.0,11.344764908716689,13.722253220217501,865755.0,6826442.0,0.7498723346657014,0.054803073108948996
NM,2019,616399.3,5120338.0,12.038254115255674,11.754344548590804,3.0,372766.0,11.754344548590804,13.906304120915966,859664.0,6871561.0,0.745149173528402,0.05424764474913342
NM,2020,687595.2,5451485.0,12.61298893787656,11.700750028554385,3.0,393985.0,11.700750028554385,13.556404750523452,942023.0,7282079.0,0.7486165695263673,0.05410336800795487
NM,2021,697315.5,5234783.0,13.320810050770012,11.777269639689179,3.0,401903.0,11.777269639689179,13.841594146358617,958086.0,7088358.0,0.7385043193360155,0.05669902677037475
NM,2022,737686.5,5383181.0,13.703542570833118,12.367401635922935,3.0,409677.0,12.367401635922935,14.00054238602688,1008182.0,7282636.0,0.7391802913121018,0.056253944313569976
NM,2023,737762.8,5432226.0,13.581224345231588,13.351273433378493,3.0,403751.0,13.351273433378493,14.408115081729544,1015785.0,7336277.0,0.7404608631871452,0.05503486305110889
NM,2024,758393.9,5440187.0,13.94058513062143,13.487555245982504,3.0,403423.0,13.487555245982504,14.652253403204671,1043283.0,7347620.0,0.7404012455733966,0.05490526183988829
NV,2000,651189.0,8841221.0,7.365374081249637,5.808674271099138,6.0,505933.0,4.346975364257697,5.957022090638333,684851.0,9406302.0,0.939925275629041,0.05378659966477793
NV,2001,834671.0,9029861.0,9.243453470656968,6.358836498665532,6.0,517060.0,5.353827452432846,6.4477442253833575,871875.0,9606869.0,0.9399379756297291,0.05382190597165424
NV,2002,872293.0,9097256.0,9.588528672821784,6.927341094987661,6.0,541723.0,5.566399286987522,6.996711456333794,914611.0,9702083.0,0.9376600880450106,0.05583574166495999
NV,2003,887360.0,9718469.0,9.130656279296668,7.159477774635484,6.0,558686.0,5.769705901475911,7.217772170963496,932216.0,10339935.0,0.9398965273959653,0.054031867705164494
NV,2004,986114.0,10015452.0,9.845926075028865,7.21720171517259,6.0,592127.0,6.192181691647005,7.292684337232059,1034037.0,10672590.0,0.9384275044764204,0.05548109690337585
NV,2005,1075460.0,10407281.0,10.333726935978763,7.986258635881955,6.0,604889.0,6.3872313187834235,8.05251771283279,1129616.0,11079816.0,0.9393008873071539,0.05459377664755444
NV,2006,1262099.0,11247337.0,11.221313987479881,8.888305524026876,6.0,659012.0,7.2849711588069415,8.884990482810903,1327029.0,11978120.0,0.9389901754198489,0.055017982788617914
NV,2007,1394646.0,11631421.0,11.990332049712585,9.13405907984669,6.0,686190.0,7.282399649095182,9.168260277637563,1464211.0,12390180.0,0.9387612609340623,0.05538176200830012
NV,2008,1368596.0,11303788.0,12.107410365445636,9.193613726072313,6.0,683779.0,7.45843519851334,9.26597042262269,1438714.0,12060515.0,0.9372558302858542,0.056695671785160086
NV,2009,1455818.3,11128848.0,13.081482467906833,9.48252804967495,6.0,678974.0,8.129586738893249,9.528525147011454,1527406.0,11880150.0,0.9367598893953359,0.05715197198688569
NV,2010,1359805.0,10872763.0,12.506526629891592,10.23714165104169,6.0,670401.0,9.278464835532137,10.229584340873373,1435699.0,11614669.0,0.9361233626201487,0.0577201984834867
NV,2011,1258639.0,10754426.0,11.703451211622081,10.23455213611857,6.0,666419.0,9.421460168142511,10.209107901030382,1334069.0,11493279.0,0.9357143422690775,0.05798336575663046
NV,2012,1357546.0,11381786.0,11.927354810571908,10.304896542553589,6.0,669309.0,9.585450018060667,10.292821577187725,1433832.0,12122718.0,0.9388807031558435,0.0552111333448489
NV,2013,1365382.0,11382188.0,11.995777964658465,10.397981939502172,6.0,682041.0,9.86114492636005,10.381948700989545,1444315.0,12142431.0,0.9373895556828776,0.056170053591410155
NV,2014,1464642.0,11191054.0,13.087614446324716,10.488323669399156,6.0,646907.0,9.786185567820555,10.483178836634595,1541121.0,11916521.0,0.9391209061772308,0.05428656568473299
NV,2015,1491709.0,11561235.0,12.902678649815527,10.531648186916854,6.0,657747.0,9.851765929052481,10.49857690971324,1574103.0,12338538.0,0.9370020175810132,0.053308341717633
NV,2016,1348166.0,11768653.0,11.455567599792433,10.658036212259729,6.0,695676.0,9.808996098328066,10.662942345031931,1447619.0,12691942.0,0.9272539222130073,0.0548124156255993
NV,2017,1446591.0,11993587.0,12.061370797577071,10.814619542331721,6.0,693428.0,10.54864344786051,10.816111389885682,1550498.0,12936791.0,0.9270913474601236,0.05360123696827134
NV,2018,1482117.4,12453237.0,11.90146304932605,10.87160875525536,6.0,719979.0,10.60602285710218,10.876505362791415,1593360.0,13449743.0,0.9259089188544346,0.05353106003586834
NV,2019,1423770.7,11802421.0,12.06337835262782,10.969364352129169,6.0,741228.0,9.875553078549048,11.05740881061068,1544743.0,12867637.0,0.9172174347162575,0.05760404960133706
NV,2020,1489579.0,13148762.0,11.32866348938402,11.333019410872181,6.0,764520.0,10.366906238718782,11.332957519524225,1624395.0,14321607.0,0.9181066063326553,0.053382277561449636
NV,2021,1512752.9000000001,13184646.0,11.473595119656608,11.185854398227333,6.0,783452.0,10.01006401216515,11.185800565669767,1651794.0,14373357.0,0.9172976083457748,0.05450723863604028
NV,2022,1820444.3,13046913.0,13.953065372628759,11.694892181032953,6.0,800694.0,10.37563822027717,11.694792487514782,1971542.0,14306529.0,0.9119551639674445,0.05596703435193819
NV,2023,2083130.5,12238968.0,17.020475092344387,13.15411349856668,6.0,788380.0,10.514803480270139,13.153957571806535,2251643.0,13508820.0,0.9059983033307129,0.05836038973056122
NV,2024,2011068.4,13261616.0,15.164580244217596,12.734172454092393,6.0,818873.0,10.592471884051076,12.73424525721431,2194081.0,14631493.0,0.9063747629855682,0.05596646904044584
NY,2000,4840252.0,33288311.0,14.540395275687013,12.820274643651942,7.0,8709322.0,12.820274643651942,12.000996170417501,6009788.0,43017570.0,0.7738305766690216,0.2024596461399377
NY,2001,4970061.0,34153917.0,14.551950219941098,12.866891471942074,7.0,8939292.0,12.866891471942074,12.060738892817694,6209193.0,44235593.0,0.7720913111755956,0.20208369310206828
NY,2002,4990477.0,36049758.0,13.843302360032487,13.12099042191005,7.0,9276693.0,13.12099042191005,12.29652539764618,6294512.0,46457030.0,0.7759806858079391,0.19968329873864085
NY,2003,5312254.0,36021680.0,14.747379911209027,13.761793453915091,7.0,9871366.0,13.761793453915091,12.890705984413126,6742612.0,47115887.0,0.764533627478986,0.20951247293720693
NY,2004,5310212.0,36162252.0,14.68440626983076,15.104560384076393,7.0,10036545.0,15.104560384076393,14.116069387433106,6889582.0,47378876.0,0.7632568573387009,0.211835861196876
NY,2005,6134885.0,38803827.0,15.809999874496917,16.49976261884299,7.0,10580031.0,16.49976261884299,15.43292224765865,7945034.0,50532850.0,0.767893103199206,0.2093693706173311
NY,2006,6196889.0,37144556.0,16.683168860599654,18.87863572802561,7.0,10136278.0,18.87863572802561,17.584898745396764,8181162.0,48426749.0,0.7670255957095117,0.209311552175431
NY,2007,6649167.0,38678894.0,17.190685442039786,17.98139607600915,7.0,10387486.0,17.98139607600915,16.787523622880602,8590669.0,50241444.0,0.7698603169128658,0.20675134257685746
NY,2008,6971235.3,37469245.0,18.605219560735744,18.55051408706072,7.0,10388221.0,18.55051408706072,17.348743543809086,8978154.0,49033950.0,0.7641490232787691,0.21185772306738496
NY,2009,6601761.700000001,36985928.0,17.84938774552311,17.49801997350181,7.0,10084461.0,17.49801997350181,16.34641839127528,8442903.0,48245841.0,0.7666138102971405,0.2090223901372141
NY,2010,7350372.399999999,38956729.0,18.868043053614688,19.605089116988204,7.0,10828519.0,19.605089116988204,18.329515780363515,9547884.0,50945648.0,0.7646723622005946,0.2125504223638494
NY,2011,7267935.100000001,39294364.0,18.49612606021566,18.70040739930253,7.0,10738850.0,18.70040739930253,17.48840269781214,9356966.0,51239599.0,0.7668749320227897,0.20958107029682257
NY,2012,6943683.499999999,38970659.0,17.817721532499615,18.026646068296497,7.0,10575594.0,18.026646068296497,17.697840134265633,8929713.0,50691506.0,0.7687808486100216,0.20862654978133813
NY,2013,7426083.999999999,39115513.0,18.985009860410113,19.47410573019643,7.0,10410952.0,19.47410573019643,19.0878868541431,9543510.0,50777369.0,0.7703335909349694,0.20503133984748206
NY,2014,7939185.0,38326122.0,20.71481429819589,19.312346235429438,7.0,10292927.0,19.312346235429438,18.924630242787902,10031316.0,49974914.0,0.7669072126867492,0.20596187519202133
NY,2015,7441771.700000001,39060338.0,19.051990026302388,18.12017042976533,7.0,10501452.0,18.12017042976533,17.759756398242224,9456188.0,51012745.0,0.7656976310527889,0.20585937886698707
NY,2016,6962978.3,39018411.0,17.845366127287964,17.934226263912773,7.0,10298001.0,17.934226263912773,17.589797786320972,8933623.0,50831287.0,0.7676061989144599,0.20259178171113393
NY,2017,6857792.5,37598632.0,18.239473446799874,18.679471713686617,7.0,9920151.0,18.679471713686617,18.308687349675665,8849146.0,49080757.0,0.7660564811581859,0.20211894857285922
NY,2018,7463492.1,39998143.0,18.659596521768524,19.49755094562719,7.0,10441377.0,19.49755094562719,19.101324533566032,9658622.0,52153246.0,0.7669348711295937,0.2002056976472759
NY,2019,6923060.1000000015,38548026.0,17.959571003713656,19.196269648525835,7.0,9953164.0,19.196269648525835,17.90510861535414,8995439.0,50141003.0,0.7687924790814415,0.19850348825291747
NY,2020,7332996.3,40175984.0,18.252188421819362,20.028543870840444,7.0,10440420.0,20.028543870840444,20.028543870840444,9596805.0,52257144.0,0.7688132363299456,0.19978933406693639
NY,2021,7813465.9,40114814.0,19.477756770852782,20.877332138969958,7.0,10382100.0,20.877332138969958,20.877332138969958,10161755.0,52156882.0,0.769118330348045,0.19905522726607774
NY,2022,8903001.399999999,40215132.0,22.138436347790673,23.70093991292841,7.0,10264887.0,23.70093991292841,23.70093991292841,11531652.0,52227413.0,0.7700004593373215,0.19654213008789082
NY,2023,8901667.0,38668084.0,23.02070875815828,21.02821057945368,7.0,9714547.0,21.02821057945368,21.02821057945368,11147682.0,50113258.0,0.7716138511688863,0.19385183457838642
NY,2024,9901196.500000002,39194430.0,25.261743824313815,23.17103556906405,7.0,9957192.0,23.17103556906405,23.17103556906405,12424305.0,50857373.0,0.7706735068679226,0.19578659715671903
OH,2000,3502458.0,39732109.0,8.815182702735463,7.4744702289456875,29.0,4879891.0,8.014784658238696,7.39692020222533,4002196.0,46488137.0,0.8546719994393408,0.10497067241046894
OH,2001,3433575.0,40380413.0,8.503070535707497,7.727007016356673,29.0,5036232.0,8.162047469805147,7.600430678677816,3963002.0,47346163.0,0.8528761454228087,0.10637043597387184
OH,2002,3614017.0,43253633.0,8.355406816347658,7.783316930077033,29.0,5322114.0,8.151290529900052,7.663773090420429,4193307.0,50863643.0,0.8503840945879555,0.1046349354095616
OH,2003,3526688.0,42302458.0,8.336839433774747,7.955415947780215,29.0,5283055.0,8.139801411766964,7.839923368296775,4100423.0,49620578.0,0.8525184450693017,0.1064690338754216
OH,2004,3635500.0,42685970.0,8.516849915792003,8.233703984710747,29.0,5397255.0,8.278123658285633,8.134799020911272,4251139.0,50300038.0,0.8486269930849754,0.10730121118397565
OH,2005,3917854.0,45989412.0,8.519034772612443,8.476537700419131,29.0,5760241.0,8.862503189974289,8.435605455681182,4585518.0,53904244.0,0.8531686670162743,0.10686062121565047
OH,2006,4120750.0,43664918.0,9.437209981706596,8.791883233151044,29.0,5621253.0,9.286003055172724,8.81955002092003,4800765.0,51375232.0,0.8499215731035531,0.10941562268760169
OH,2007,4469070.0,46320926.0,9.648058417485004,9.100625784487516,29.0,5870871.0,9.359040626270124,9.123503864077628,5203953.0,54375759.0,0.8518672079593409,0.10796853428749381
OH,2008,4602716.9,45384591.0,10.141585059122821,9.600034759841252,29.0,5857334.0,9.685222118237167,9.577888534374747,5371439.0,53410599.0,0.8497300507713834,0.1096661357420837
OH,2009,4679832.200000001,43609776.0,10.731153950435337,10.3265868807916,29.0,5694993.0,10.137261178145446,10.32164795944678,5484445.0,51405162.0,0.8483540232788295,0.1107864031242621
OH,2010,5284559.0,46345983.0,11.402409999589393,10.821909653603539,29.0,5946712.0,10.430724872002155,10.794400468284387,6161970.0,54474377.0,0.8507850030115994,0.10916530536916466
OH,2011,5234334.4,45586283.0,11.482257502766787,11.140254320076965,29.0,5926862.0,10.507632448954414,11.098753115113665,6133425.0,53687111.0,0.8491103758591145,0.11039636683001997
OH,2012,5234673.899999999,44531890.0,11.754888238518507,11.911804087385484,29.0,5676000.0,10.871878321233023,11.908913710079643,6148489.0,52287769.0,0.8516693454639459,0.10855311114918673
OH,2013,5318370.699999999,44273648.0,12.012497140511211,12.103475673836115,29.0,5741678.0,11.057490230777422,12.097509913178769,6264302.0,52158094.0,0.8488356188782512,0.11008220507444157
OH,2014,5615359.7,44732022.0,12.553333046290643,12.300290571098332,29.0,5863281.0,11.503178699743613,12.261378399474937,6598181.0,52804334.0,0.8471278512858433,0.11103787427751668
OH,2015,5621595.4,43623216.0,12.886705556050707,12.505810423000902,29.0,5696229.0,12.038839433056909,12.435816643034753,6590569.0,51492954.0,0.8471686436944363,0.11062152309226618
OH,2016,5561496.5,44644477.0,12.457300149355541,12.685907388482715,29.0,5709765.0,12.272924897341813,12.6514473608419,6551231.0,52524141.0,0.8499801453202253,0.10870744178376948
OH,2017,5298880.499999999,42247142.0,12.54257743636244,13.196564380741066,29.0,5482214.0,12.772667652489202,13.21540954769299,6287043.0,49795540.0,0.8484121670334331,0.11009447834083133
OH,2018,5747237.199999999,46132358.0,12.458147489447644,13.242029440736614,29.0,6039319.0,13.170167264950736,13.198804326972043,6839823.0,54451714.0,0.8472159021477267,0.11091145817742303
OH,2019,5435581.500000001,44375662.0,12.249015011877459,13.221518465870899,29.0,5765095.0,13.360363639098841,13.115379106248993,6464453.0,52226097.0,0.8496836744281312,0.11038724567145042
OH,2020,5397141.5,44688619.0,12.077217020288767,13.550500991275365,29.0,5809183.0,13.322191459579852,13.448247410007077,6457167.0,52552770.0,0.8503570601511585,0.11053999627422113
OH,2021,5684702.7,45147918.0,12.591284275833054,13.954527846479333,29.0,5939943.0,13.454105048584463,13.831909425302452,6789217.0,53171193.0,0.8491048526972115,0.11171355511996882
OH,2022,6248570.9,45286328.0,13.79791909823203,14.410304580323874,29.0,5921328.0,13.469080283338577,14.281661479530767,7384055.0,53312216.0,0.8494549917039652,0.11106887772213409
OH,2023,6522956.2,42024567.0,15.521768969088962,14.84634958056182,29.0,5641475.0,13.565568358053358,14.705095362490301,7646822.0,49713538.0,0.8453344640246687,0.11347965216235464
OH,2024,7136169.3,44252968.0,16.125854654539783,15.331590524899536,29.0,5843442.0,13.367773940442154,15.251428154604069,8340151.0,52174356.0,0.8481746856635853,0.1119983541339734
OK,2000,905428.0,13125562.0,6.898203673107483,7.280683276202149,28.0,5221900.0,6.9174198891638214,7.281385218922165,1379786.0,19640229.0,0.668299845180013,0.26587775529501206
OK,2001,926191.0,13214590.0,7.008851579958213,7.769474200642741,28.0,5295442.0,7.23661353177495,7.786028304901355,1438610.0,19795853.0,0.6675433485993253,0.2675025925884578
OK,2002,838092.0,13241772.0,6.329152926058537,7.451661706114952,28.0,5399601.0,7.107190370764932,7.519437588811607,1340804.0,19927272.0,0.6645050060038323,0.2709653885388828
OK,2003,968329.0,13355814.0,7.250243227406432,7.832618180715288,28.0,5539144.0,7.344971655002638,7.914250531834945,1506985.0,20161967.0,0.6624261412589357,0.2747323215041469
OK,2004,967985.0,12978136.0,7.458582650081645,8.109385547834647,28.0,5469132.0,7.4651620814804724,8.217732582144816,1520291.0,19699041.0,0.6588207009671182,0.27763442900596025
OK,2005,1075011.0,13991104.0,7.683532335975775,8.41810725331486,28.0,5921141.0,8.01960782009872,8.467658074857102,1694692.0,21309314.0,0.656572238787227,0.27786633581916337
OK,2006,1161395.0,14131124.0,8.218702206561911,9.082963771844717,28.0,6109944.0,8.606430179441785,9.165844166719252,1854266.0,21690395.0,0.6514922388458118,0.28168892267752615
OK,2007,1141263.0,13961738.0,8.174218711166189,9.286425688748157,28.0,6031341.0,8.179678239349359,9.358885519432222,1833710.0,21360557.0,0.6536223751094131,0.2823587886776548
OK,2008,1259464.0,14285097.0,8.816628966537644,9.605512231048282,28.0,6205110.0,8.669160591246948,9.606430293498626,1987249.0,21861112.0,0.6534478666958936,0.2838423772770571
OK,2009,1116180.0,14087292.0,7.923311307808484,9.522553991084147,28.0,6182919.0,8.706290561234816,9.541319224858192,1836899.0,21640955.0,0.6509551912103694,0.28570453568245946
OK,2010,1363749.7,15409325.0,8.850158589036184,9.647010588150744,28.0,6790232.0,8.878680805902766,9.66936432186538,2164328.0,23688861.0,0.6504882189143666,0.28664240125348367
OK,2011,1460290.3,15923539.0,9.170639139955007,10.015556697454766,28.0,6947490.0,9.339152057887155,10.030478193934991,2313030.0,24425027.0,0.6519353694061423,0.2844414460626799
OK,2012,1339445.5,14867099.0,9.009461092577645,10.402325364944263,28.0,6467974.0,9.855716476752207,10.424068953367811,2168292.0,22809680.0,0.651789021152423,0.2835626804058628
OK,2013,1378262.3,15011860.0,9.181156099244198,10.515401546775308,28.0,6728967.0,10.106651258427704,10.57102104374662,2244427.0,23199968.0,0.6470638235363083,0.29004208109252566
OK,2014,1432337.5,15026993.0,9.531763939731656,10.839457754707542,28.0,6848266.0,10.268033754508636,10.928645584733989,2343199.0,23351144.0,0.6435227755864981,0.29327325462084425
OK,2015,1399793.0,14595477.0,9.590594401265543,11.084251704725476,28.0,6608982.0,11.444568857251493,11.130298671585216,2293592.0,22615824.0,0.6453656961603521,0.29222822038233054
OK,2016,1435462.5,14847160.0,9.668263156051394,11.095511941550868,28.0,6547642.0,11.52383747098181,11.156839462636553,2323581.0,22789715.0,0.6514851107177075,0.2873068838289553
OK,2017,1430087.4,14135396.0,10.117066405497235,11.43121010286693,28.0,6353840.0,11.701132201667594,11.482479870597642,2316983.0,21837596.0,0.6472963415936442,0.29095876670673826
OK,2018,1512258.2999999998,15475211.0,9.772133640051822,11.150204379179776,28.0,7141383.0,11.646651420837868,11.209212825761814,2484031.0,24116808.0,0.6416774143576546,0.2961164263529402
OK,2019,1471182.2999999998,15307813.0,9.610662868693261,11.178527313062505,28.0,7062628.0,11.596540345329657,11.256416847511916,2429743.0,23805972.0,0.6430240697586304,0.2966746327350129
OK,2020,1394471.3,14907515.0,9.354149903588894,11.380823327367192,28.0,6900050.0,11.517454937151266,11.44483780239305,2350122.0,23232473.0,0.6416671613047823,0.2970002375554251
OK,2021,1606817.4,15115733.0,10.630099115934371,11.553284504067182,28.0,7165648.0,11.65913816229023,11.635001888098726,2612424.0,23745867.0,0.6365626910990447,0.3017640080271653
OK,2022,2038385.2000000002,16290135.0,12.51300372894393,12.18450018809658,28.0,7647667.0,12.648249208114592,12.275925896235186,3170141.0,25479144.0,0.6393517380332715,0.3001540004640658
OK,2023,1807421.1,15013335.0,12.038771532107956,12.065501910770026,28.0,7335786.0,12.651253185857254,12.11610955372514,2877138.0,23817506.0,0.6303487443227683,0.30799975446631567
OK,2024,1876333.0999999999,15409007.0,12.176859287558244,12.291482070176256,28.0,7429493.0,12.003155551853524,12.318247677709211,2977075.0,24328279.0,0.633378423521039,0.30538506237946383
OR,2000,788832.0,12804098.0,6.160777588550165,5.16900288457353,20.0,4709535.0,4.742642685977906,5.215728125069924,1070881.0,18211761.0,0.703067539706896,0.2585985506838136
OR,2001,799669.0,12226753.0,6.540321866320518,5.660296676655956,20.0,4583576.0,5.224197437141069,5.694639158962163,1100132.0,17502996.0,0.6985520078962482,0.26187379577759146
OR,2002,898474.0,12260389.0,7.328266664295888,6.62703944311477,20.0,4562520.0,6.131394526653093,6.621284779058466,1248978.0,17553984.0,0.6984391121696363,0.259913646953307
OR,2003,897565.0,12513049.0,7.173031928509191,6.747817299506743,20.0,4508406.0,6.197454468946077,6.789435196977086,1252144.0,17735560.0,0.7055344742427079,0.25420150251810486
OR,2004,920282.0,12679324.0,7.258131427195962,6.960214128277087,20.0,4592761.0,6.510826989613247,7.004963370431453,1293043.0,18000708.0,0.7043791833076788,0.2551433532503277
OR,2005,942536.0,12888703.0,7.312884779795143,7.069107846404036,20.0,4720723.0,6.636317830819888,7.117523456398694,1330449.0,18338815.0,0.7028100234393553,0.2574170141309567
OR,2006,1017506.0,13325759.0,7.63563261199606,7.052512328129327,20.0,4888414.0,6.855649247644675,7.099447611565831,1418754.0,18977579.0,0.7021843513337502,0.2575889158464312
OR,2007,1169182.0,13532101.0,8.640062618509868,7.0561707916939564,20.0,5062916.0,6.8299092157992165,7.131898992136223,1585853.0,19374458.0,0.6984505579459307,0.261319103739573
OR,2008,1256222.0,13888005.0,9.045374047604389,7.135725540671238,20.0,5225634.0,6.854633609564602,7.217162398396902,1690828.0,19909844.0,0.6975446417360176,0.26246483900124984
OR,2009,1281145.0,13758328.0,9.31177829166451,7.147114678067354,20.0,5239450.0,6.852453675808944,7.237038385957496,1718695.0,19804315.0,0.6947136520500709,0.2645610312702055
OR,2010,1233888.0,13094445.0,9.422988144972926,7.562836892598805,20.0,4977291.0,7.1911170942161915,7.62224503548871,1671727.0,18838666.0,0.695083452299648,0.26420612797105697
OR,2011,1393329.1,13497153.0,10.3231333304142,7.694763941619781,20.0,5141673.0,7.3958234105274,7.7422807939687335,1852603.0,19429175.0,0.6946848232104554,0.26463671257271604
OR,2012,1382437.9,13096103.0,10.556101307388923,8.051954386214222,20.0,4982178.0,7.75426046119798,8.044399565866538,1848670.0,18854659.0,0.6945818007103708,0.2642412148636578
OR,2013,1423581.9,13434582.0,10.596398905451617,8.27632128123861,20.0,5100939.0,8.074643621273145,8.253058778171713,1913137.0,19328558.0,0.6950638531855299,0.26390685740757275
OR,2014,1455425.4,12952161.0,11.236931041854714,8.678932929713367,20.0,4883802.0,8.443098405859072,8.648633934291091,1948732.0,18617613.0,0.6956939646344567,0.2623215983703174
OR,2015,1454514.6999999997,12799089.0,11.364204905521008,8.994095495441263,20.0,4717754.0,8.77339872081335,8.96333348119143,1948315.0,18269007.0,0.7005902948091267,0.2582381187986846
OR,2016,1462326.9,13009134.0,11.240770523233905,9.267607235512397,20.0,4801208.0,9.028213818863513,9.246984018682218,1980615.0,18573242.0,0.7004234371145328,0.25850134295348115
OR,2017,1566947.7000000002,13877058.0,11.291641931596743,9.176884487759484,20.0,5342871.0,9.042396692859962,9.170302753669366,2138505.0,20065930.0,0.6915731291796593,0.2662658047745607
OR,2018,1527091.7999999998,13148828.0,11.613900493640953,9.484954831610093,20.0,4987116.0,9.350085686294033,9.483175197695907,2079228.0,18930583.0,0.6945812498220472,0.2634422827865365
OR,2019,1552485.3,13373301.0,11.608841377308416,9.57909511209123,20.0,5104146.0,9.434057688805831,9.663123123153715,2123882.0,19286182.0,0.6934136056581858,0.2646530038967796
OR,2020,1606779.7,13698217.0,11.729845570412557,9.766640395514518,20.0,5099383.0,9.585944337767188,9.766640395514518,2191867.0,19628011.0,0.6978912432849156,0.25980131150323893
OR,2021,1701510.1,14185372.0,11.994821848873615,9.817513716180219,20.0,5242531.0,9.651250817747226,9.817513716180219,2307363.0,20285346.0,0.6992915969981484,0.2584393187081946
OR,2022,1730856.9,14415102.0,12.007246983059847,9.938268783050132,20.0,5446839.0,9.794859134021907,9.938261111568014,2367526.0,20725899.0,0.6955115433111008,0.2628035097536662
OR,2023,1951188.1,14150141.0,13.78917778981849,10.188277169275636,20.0,5442508.0,10.11579446263171,10.188264655218028,2603098.0,20444544.0,0.6921230916179887,0.2662083341159382
OR,2024,2240062.6,13714487.0,16.333550062791264,10.82427125516499,20.0,5242267.0,10.72380972371494,10.82427125516499,2905555.0,19767745.0,0.6937810559575713,0.2651929696584006
PA,2000,4070459.0,42773759.0,9.51625270998511,10.050293306799633,10.0,1529627.0,6.5280700043195345,9.868193708606308,4290918.0,45007795.0,0.9503633537257269,0.03398582401115185
PA,2001,4245350.0,43997748.0,9.649016581485034,10.142822391108222,10.0,1566211.0,6.34492160872529,9.933681493130768,4454110.0,46029989.0,0.9558496309873113,0.034025882561040804
PA,2002,4518130.0,46522438.0,9.711722330631082,10.323531584826071,10.0,1610631.0,5.968326556065113,10.127256308100929,4747365.0,48729956.0,0.9546989535553859,0.03305217431347568
PA,2003,4521365.0,47392214.0,9.54031183265673,10.38509979848383,10.0,1667360.0,7.862806796727502,10.220108554585883,4760155.0,49651001.0,0.9545067178001104,0.03358159888861052
PA,2004,4589592.0,48077379.0,9.546260830899287,10.416448028601986,10.0,1696106.0,7.333045569464143,10.361832227108119,4852579.0,50663389.0,0.9489570269371439,0.033477942030289365
PA,2005,5021677.0,51094467.0,9.828220734742178,10.330581114508371,10.0,1746833.0,7.146719434889152,10.463005459344041,5289436.0,53661476.0,0.952162907334118,0.032552831755876414
PA,2006,5090703.0,49304928.0,10.324937499148158,10.521194400925575,10.0,1718284.0,7.837658482064895,10.771423866154727,5358994.0,51790117.0,0.952014223099747,0.03317783584076475
PA,2007,5695340.0,52003223.0,10.951898116007156,10.57242649817027,10.0,1799445.0,8.558931058495823,10.882165130088653,5976913.0,54586820.0,0.952669948533364,0.03296482557511136
PA,2008,5839770.4,51465947.0,11.346862810082946,10.818483054009052,10.0,1817362.0,9.26089276574428,11.444689707658968,6136991.0,54059762.0,0.9520194890980097,0.03361764707732157
PA,2009,5850087.5,50327398.0,11.624061112795857,11.239196255325519,10.0,1817194.0,11.258937662948002,12.094259079091552,6162229.0,52905995.0,0.9512607786697896,0.034347600872075085
PA,2010,6685092.8,52565288.0,12.717694612459843,11.485097324403247,10.0,1895465.0,12.560612008870308,12.34824395564714,7017223.0,55252837.0,0.9513590768198925,0.03430529730084267
PA,2011,6928624.700000001,52081827.0,13.30334417799898,11.553344068649801,10.0,1897165.0,11.548293156447178,12.43982664053462,7265435.0,54795633.0,0.9504740459882999,0.03462255833416506
PA,2012,6405779.300000001,50223684.0,12.754499052678018,11.879104759695716,10.0,1862472.0,11.568915120224883,12.247100601065938,6741627.0,52876058.0,0.9498379020614585,0.03522335193746856
PA,2013,6581146.1,51511381.0,12.776101071722382,12.224513081249874,10.0,1948323.0,11.148309340475393,12.568172887661186,6938374.0,54251847.0,0.9494862174922819,0.035912565336254816
PA,2014,6852489.3,51407527.0,13.329739242270882,12.287536544044622,10.0,1968515.0,10.422351903942232,12.59726564222924,7217831.0,54195335.0,0.9485600005978374,0.036322591234097916
PA,2015,7057587.799999999,51633551.0,13.668608227235811,12.383627863804428,10.0,1947846.0,10.102065334350156,12.696690183934619,7423145.0,54418663.0,0.9488206463286318,0.03579371290323689
PA,2016,7104714.100000001,51135211.0,13.893976305289913,12.59156482951507,10.0,1918586.0,10.11699128923553,12.906652527892891,7470000.0,53877130.0,0.9491079239001781,0.0356103972130661
PA,2017,6996696.000000001,49037292.0,14.268112521384746,12.72196277997471,10.0,1861686.0,10.155321912713305,13.050963414484645,7359033.0,51724498.0,0.9480477123238586,0.03599234544528591
PA,2018,7373860.900000001,52988186.0,13.916047059999375,12.712246046516531,10.0,1991851.0,10.08930113480509,13.033330855355446,7764870.0,55896453.0,0.9479704552988363,0.03563465824924526
PA,2019,7118242.6,51553030.0,13.807612472050623,13.059387486675686,10.0,1925052.0,10.120949458521823,13.735081414518705,7508619.0,54396182.0,0.9477325081381631,0.03538946906236912
PA,2020,7113105.0,52417272.0,13.570154890929844,13.111668920287089,10.0,1930967.0,9.948340886761956,13.111668920287089,7511991.0,55307093.0,0.9477495409133146,0.03491355078090978
PA,2021,7294150.4,53022322.0,13.756753995043825,13.081796461979048,10.0,1929949.0,9.90906015153224,13.081796461979048,7697613.0,55945176.0,0.9477550307465294,0.034497147707605744
PA,2022,8579970.9,53412531.0,16.06359170659784,13.115363444511924,10.0,1969324.0,9.936342414051975,13.115363444511924,8994501.0,56413218.0,0.9468087957683959,0.034908910886806706
PA,2023,9018152.600000001,49401166.0,18.254938759947493,15.174051492029628,10.0,1878582.0,10.494130202774814,15.174051492029628,9472222.0,52327643.0,0.9440739763493647,0.035900374874519
PA,2024,9166401.5,51318554.0,17.86176886433706,15.450664671107415,10.0,1908237.0,11.951979979692515,15.450664671107415,9641603.0,54272558.0,0.9455709458175898,0.0351602553909473
RI,2000,298115.0,2639612.0,11.293894708767805,9.714769839028522,1.0,24787.0,9.714769839028522,9.714769839028522,300523.0,2664399.0,0.9906969639307026,0.00930303606929743
RI,2001,324273.0,2672942.0,12.131688603793124,12.115161921495028,1.0,25043.0,12.115161921495028,12.115161921495028,327363.0,2699059.0,0.9903236646549779,0.009278418885989525
RI,2002,285991.0,2803386.0,10.201627603191284,10.548605937022078,1.0,25501.0,10.548605937022078,10.548605937022078,288681.0,2828887.0,0.9909855006580326,0.009014499341967352
RI,2003,345094.0,2966813.0,11.631808273726723,10.084123476153133,1.0,28054.0,10.084123476153133,10.084123476153133,348084.0,2998209.0,0.9895284151304996,0.009356919414223624
RI,2004,362728.0,2972857.0,12.201326871760061,10.942614008291512,1.0,27498.0,10.942614008291512,10.942614008291512,365737.0,3000355.0,0.990835084514999,0.009164915485000941
RI,2005,410104.0,3139634.0,13.062159474639401,10.862243179521725,1.0,29690.0,10.862243179521725,10.862243179521725,413450.0,3171377.0,0.9899907831834562,0.009361863947427253
RI,2006,450824.0,2979319.0,15.13178011485175,13.428787254498008,1.0,29124.0,13.428787254498008,13.428787254498008,454735.0,3008443.0,0.990319244871849,0.009680755128151006
RI,2007,435892.0,3102552.0,14.049466374777925,13.84868083358998,1.0,29223.0,13.84868083358998,13.84868083358998,439939.0,3131775.0,0.9906688698900783,0.00933113010992169
RI,2008,526913.8,3014039.0,17.481983477984194,14.382963868039797,1.0,28645.0,14.382963868039797,14.382963868039797,531034.0,3042684.0,0.9905856145429496,0.00941438545705042
RI,2009,453827.5,2908049.0,15.605909666584022,15.18324607329843,1.0,28650.0,15.18324607329843,15.18324607329843,458178.0,2936699.0,0.9902441482766875,0.009755851723312468
RI,2010,492029.2,3087766.0,15.934795577125987,14.81925304573597,1.0,30042.0,14.81925304573597,14.81925304573597,496481.0,3117808.0,0.9903643842083926,0.009635615791607438
RI,2011,444129.2,3099462.0,14.329235202754543,14.677828175026681,1.0,29984.0,14.677828175026681,14.677828175026681,448530.0,3129446.0,0.9904187514339599,0.009581248566040123
RI,2012,445576.60000000003,3090781.0,14.416310958298242,13.166154449748252,1.0,30586.0,13.166154449748252,13.166154449748252,449604.0,3121367.0,0.9902010881770711,0.009798911822928864
RI,2013,477032.5,3132353.0,15.229206286775469,12.310213673892205,1.0,32339.0,12.310213673892205,12.310213673892205,481014.0,3164692.0,0.9897813120518522,0.010218687948147877
RI,2014,522242.5,3038844.0,17.185564642344257,15.468368091927754,1.0,31503.0,15.468368091927754,15.468368091927754,527116.0,3070347.0,0.9897395962085067,0.010260403791493275
RI,2015,599742.1000000001,3103753.0,19.32312590595966,16.00793625799137,1.0,31753.0,16.00793625799137,16.00793625799137,604825.0,3135506.0,0.9898730858751347,0.010126914124865332
RI,2016,569095.0,3049702.0,18.66067569880598,14.333019460138106,1.0,31860.0,14.333019460138106,14.333019460138106,573662.0,3081562.0,0.9896610874614887,0.010338912538511314
RI,2017,549698.5,2996168.0,18.34671820805776,15.703188879803761,1.0,31798.0,15.703188879803761,15.703188879803761,554752.0,3028267.0,0.9894002081058242,0.010500395110470774
RI,2018,636641.1999999998,3089125.0,20.609110994213566,15.175039409892626,1.0,33621.0,15.175039409892626,15.175039409892626,642041.0,3124168.0,0.9887832536534527,0.010761585164434179
RI,2019,640980.5,2940596.0,21.797638982029493,14.298072170044488,1.0,32368.0,14.298072170044488,16.98227960080723,648292.0,2983012.0,0.9857808148274294,0.010850777670354661
RI,2020,683155.7999999999,3096430.0,22.062691551238036,14.682130584192441,1.0,34920.0,14.682130584192441,18.416002361972247,692840.0,3148021.0,0.983611608690031,0.011092683308021135
RI,2021,686480.1,3071352.0,22.351072101146336,14.96802557953637,1.0,35028.0,14.96802557953637,19.4170125471113,698380.0,3131533.0,0.980782255847216,0.011185575882483116
RI,2022,721127.3999999999,3094948.0,23.30014591521408,16.14984155726573,1.0,35344.0,16.14984155726573,19.54913784980684,735413.0,3168339.0,0.976836127699719,0.011155371947256907
RI,2023,792212.7999999999,2909036.0,27.232829019647742,15.038371992756746,1.0,34791.0,15.038371992756746,19.166053587108717,809152.0,2995162.0,0.9712449610405046,0.01161573230429606
RI,2024,872276.4,3027335.0,28.81334242824134,16.524929131232284,1.0,35982.0,16.524929131232284,20.54961201157078,891368.0,3111332.0,0.9730028810811575,0.011564821754798267
SC,2000,1081816.0,14406612.0,7.509163153696371,7.609819451286475,24.0,9518373.0,6.903997082928185,7.680818270053566,1916222.0,25270116.0,0.570104703911925,0.37666518824052886
SC,2001,1062600.0,13872451.0,7.659785570696916,7.665041645906581,24.0,9649928.0,7.185962274320285,7.720688750023632,1912045.0,24874643.0,0.5576944762584131,0.38794237167544476
SC,2002,1161336.0,15298467.0,7.591191980216057,7.8399563272267745,24.0,10093245.0,7.226526651269005,7.90107975478066,2069025.0,26786631.0,0.5711232218788544,0.37680158434257743
SC,2003,1172312.0,14820086.0,7.910291478740407,8.07156414429961,24.0,10224338.0,7.289947843448105,8.144340675769874,2117182.0,26421639.0,0.56090714130187,0.3869683481785517
SC,2004,1254031.0,15621043.0,8.027831432254555,8.160969833128195,24.0,10853661.0,7.525951656902386,8.23956490091096,2266566.0,27909738.0,0.5596986614492763,0.3888843743355814
SC,2005,1376807.0,16044181.0,8.581347966592997,8.725082039652044,24.0,11186359.0,7.983139419316846,8.78984912578646,2487104.0,28675763.0,0.559503194387539,0.39009804202943094
SC,2006,1393081.0,15870487.0,8.777808771715701,9.285625198219675,24.0,11224920.0,8.247841741968426,9.339376080917985,2576252.0,28539117.0,0.5560959366752657,0.39331700416659704
SC,2007,1486777.0,16514767.0,9.002712542054029,9.334444448373558,24.0,11594359.0,8.332151309060777,9.419276487126176,2716414.0,29569241.0,0.5585116980175446,0.3921087795253182
SC,2008,1637090.0,16629762.0,9.844338121014601,9.889761242483896,24.0,11650984.0,8.593675165039743,9.940072555803567,2938992.0,29727267.0,0.5594110619048834,0.3919292008915586
SC,2009,1659226.3,16666811.0,9.955271587348054,11.003844901084857,24.0,11473117.0,9.116012185259033,11.076248658599331,3086901.0,29556323.0,0.5639000155736558,0.3881780896764459
SC,2010,1871922.6,18603097.0,10.062424552213,11.031174557482668,24.0,12695096.0,9.54342043933928,11.072023425661987,3449574.0,32852086.0,0.5662683642067661,0.38643196051538403
SC,2011,1854355.4,17107369.0,10.839512493125039,11.244638457316587,24.0,12214768.0,9.889431475039173,11.322704190235369,3404928.0,30801731.0,0.5554028440804187,0.39656108937513934
SC,2012,1855864.1,15895248.0,11.675590717426996,11.803187030495826,24.0,11133687.0,10.126633642225109,11.888387395718041,3338098.0,28366263.0,0.560357492278768,0.39249748900657094
SC,2013,1906582.5,16073684.0,11.861515381290314,12.071706367878866,24.0,11388863.0,10.467469329480704,12.162102754268753,3455720.0,28812518.0,0.5578715473600745,0.3952748246439273
SC,2014,2118784.4000000004,17151687.0,12.35321283556539,12.512381855985536,24.0,12139739.0,11.110205101031747,12.580361948263958,3824288.0,30715986.0,0.5583961068350533,0.3952254373341621
SC,2015,2092320.9,16642667.0,12.572028870132412,12.482139001840741,24.0,12019625.0,11.108309337498035,12.569262397550201,3778451.0,30059188.0,0.5536632260325861,0.39986525916801213
SC,2016,2155364.4,17133075.0,12.580137540984323,12.658773740734047,24.0,12097246.0,11.615797678616724,12.739192816595239,3873817.0,30615596.0,0.5596191888604749,0.3951334476715724
SC,2017,2079439.9,16178121.0,12.853408007023805,13.141934462962576,24.0,11678404.0,11.85460661506666,13.208625587219242,3804261.0,29224971.0,0.5535718410122631,0.3996036129514038
SC,2018,2107889.5,17528157.0,12.025733795059,12.85965540415502,24.0,12833875.0,11.749412732773468,12.934983712967993,3962861.0,31852419.0,0.5502928050770649,0.4029168082964123
SC,2019,2221403.5999999996,17150292.0,12.952570136998249,12.972986324522498,24.0,12550421.0,11.688368431742122,13.031593037207475,4048095.0,31159957.0,0.5503952396339956,0.40277401538134344
SC,2020,2136535.5,17065236.0,12.519812207695225,13.093062302193555,24.0,12352037.0,11.781126971427666,13.055236365210327,3940889.0,30826017.0,0.5535984749505588,0.40070168650072435
SC,2021,2208412.6,17101633.0,12.913460369544827,12.780777490998062,24.0,12806965.0,11.62803295804516,12.736641845519214,4037454.0,31385796.0,0.5448844757673185,0.40804971140448376
SC,2022,2468219.7,17805959.0,13.861762233643244,13.255254821529025,24.0,13044306.0,11.71324373501597,13.174290614208942,4386983.0,32287075.0,0.5514887613696812,0.40401014957223597
SC,2023,2304741.2,16772140.0,13.741485582638829,13.62167208793696,24.0,12724570.0,11.973837828785943,13.536767521588299,4228055.0,30898329.0,0.5428170565469738,0.4118206521783104
SC,2024,2540309.0,17667874.0,14.37812495153633,14.048185569070116,24.0,13443361.0,11.88286394651006,13.93645755835737,4632121.0,32544816.0,0.5428782882041797,0.41307226932854685
SD,2000,117875.0,1514952.0,7.780774572395694,6.811430636921734,14.0,1040222.0,4.827920336372917,7.130221078721631,253946.0,3423322.0,0.4425385634188078,0.30386332340340755
SD,2001,123891.0,1566243.0,7.910075256521498,6.766613630264902,14.0,1106787.0,4.88932904184204,7.036528603522534,265619.0,3580418.0,0.4374469684824509,0.30912228683913445
SD,2002,128658.0,1652511.0,7.785606268279001,6.867474515675395,14.0,1143448.0,5.106328498926539,7.0964982059644175,276301.0,3733016.0,0.4426745023326983,0.30630675035949484
SD,2003,130334.0,1647267.0,7.912135676851414,6.877502311479993,14.0,1162675.0,5.267201025131411,7.128790373182081,279509.0,3739838.0,0.44046480088174944,0.31088913477000873
SD,2004,129938.0,1608803.0,8.076688071814884,7.051530985510161,14.0,1153636.0,5.648123718872404,7.318289806710553,282665.0,3695725.0,0.4353145864478553,0.31215417813825436
SD,2005,145329.0,1743575.0,8.335116068996172,7.046194246479606,14.0,1239137.0,5.734850536205691,7.32926827080242,308728.0,3972979.0,0.4388583478543431,0.31189115270933976
SD,2006,149058.0,1774052.0,8.402121245600467,7.128812708731309,14.0,1287241.0,5.946508462000383,7.389632914177696,317311.0,4050931.0,0.4379368594528023,0.3177642374061666
SD,2007,162645.0,1862727.0,8.731553254985835,7.322960290028117,14.0,1361799.0,6.265445075270638,7.561998756417565,343975.0,4260638.0,0.4371943826253251,0.31962325830075217
SD,2008,165728.0,1883498.0,8.798947490254834,7.626969251384708,14.0,1426113.0,6.774331429322955,7.881384526509902,364507.0,4405631.0,0.4275205980709687,0.3237023255011598
SD,2009,163658.2,1905841.0,8.587190641821643,8.266198300159646,14.0,1466373.0,7.661924736158589,8.411605289953778,382820.0,4511308.0,0.4224586306233137,0.3250438675435151
SD,2010,182855.40000000002,2005897.0,9.115891793048199,8.547486931292783,14.0,1493453.0,7.856005208272783,8.865841464465687,415338.0,4628123.0,0.4334147990448828,0.32269086193258045
SD,2011,189915.69999999998,2035171.0,9.331682693984927,9.097590571451555,14.0,1491640.0,8.302383154218626,9.372628736146764,434655.0,4646384.0,0.4380117958395173,0.3210324415717685
SD,2012,195595.09999999998,1993613.0,9.811086705393674,9.99938831003577,14.0,1405941.0,8.605507641095477,10.306664033026866,448375.0,4453732.0,0.44762751777610327,0.31567705465887935
SD,2013,213398.1,2089694.0,10.21193055059736,10.197460811538967,14.0,1545927.0,8.795843313598771,10.325770023131554,494855.0,4824150.0,0.43317351243224195,0.3204558315972762
SD,2014,217187.0,2068015.0,10.502196550798713,10.310980854958045,14.0,1556591.0,8.96568343936765,10.463546931873724,505345.0,4827368.0,0.4283938991185259,0.32245128194080086
SD,2015,225421.0,1996728.0,11.289519654154196,10.714974940854402,14.0,1463338.0,9.377096782866651,10.949530128288828,506522.0,4571325.0,0.436794146117373,0.3201124400474698
SD,2016,238295.4,2019508.0,11.799675960679531,10.955741893953553,14.0,1482011.0,9.811997196580787,11.234455475346664,529582.0,4618724.0,0.43724370627038983,0.3208702230312961
SD,2017,242553.59999999998,2023666.0,11.98585142014542,11.334095275247618,14.0,1497052.0,9.958357889974343,11.631747701690944,547554.0,4652890.0,0.4349266799773904,0.3217466993631915
SD,2018,255999.7,2153539.0,11.8873955846632,11.175074782374887,14.0,1636415.0,9.93913222290767,11.395795877744959,581764.0,5018360.0,0.4291320271961358,0.3260856136267625
SD,2019,250034.80000000002,2141625.0,11.67500379384813,11.267644656758797,14.0,1656663.0,10.0789429000103,11.464313558964493,584266.0,5057032.0,0.4234944528727522,0.3275959100120387
SD,2020,258211.50000000003,2169499.0,11.901895322376275,11.4981011208559,14.0,1624116.0,10.121253954237043,11.4981011208559,595509.0,5070024.0,0.42790704738281315,0.3203369451505555
SD,2021,278062.7,2168581.0,12.822334051621775,11.729820920392891,14.0,1593928.0,10.240529660956591,11.729820920392891,616517.0,5043964.0,0.4299358599704518,0.3160070135314209
SD,2022,286045.9,2250654.0,12.70945689564011,11.607747130443327,14.0,1709846.0,10.138634737342343,11.607747130443327,643720.0,5322906.0,0.42282429935828286,0.3212241583826579
SD,2023,288423.6,2235500.0,12.901972713039585,11.726535518663821,14.0,1703724.0,10.080974403738866,11.726535518663821,646524.0,5245819.0,0.426148900676901,0.32477750376061393
SD,2024,291154.5,2172547.0,13.401528252323194,12.528260032910188,14.0,1649945.0,10.434265129682997,12.528260032910188,664939.0,5170067.0,0.42021641112194486,0.31913416209112955
TN,2000,33486.0,678944.0,4.93207098081727,6.353884812355968,84.0,35285295.0,6.302329420971625,6.35157675578199,2316446.0,36622145.0,0.01853916530558218,0.9634961305516102
TN,2001,32285.0,666381.0,4.8448260079444045,6.351229942735924,84.0,35686946.0,6.2863517267978,6.3489074484257655,2334726.0,36931534.0,0.018043685918922296,0.9663001271487938
TN,2002,34233.0,715926.0,4.781639443182676,6.443018920336206,84.0,37410646.0,6.3989224906963775,6.438709298829496,2483253.0,38751810.0,0.018474646732630037,0.9653909327074013
TN,2003,33989.0,705458.0,4.818004757193199,6.581842551139756,84.0,36351219.0,6.525089685653765,6.578438609774039,2467451.0,37696941.0,0.018713932252487013,0.9643015596411391
TN,2004,34566.0,712147.0,4.853773167618483,6.937156614356543,84.0,37143734.0,6.894838577158055,6.93408009291071,2656585.0,38525656.0,0.018485006459072365,0.9641298255894721
TN,2005,37106.0,727305.0,5.101848605468132,7.020513136974467,84.0,39669408.0,6.987432374996233,7.0172338405505,2872418.0,41132286.0,0.017682095276688486,0.9644347994662879
TN,2006,36809.0,692868.0,5.31255592695867,7.79790041957462,84.0,39359864.0,7.734687890738429,7.794748292556171,3164295.0,40815857.0,0.016975461277218804,0.9643277611444003
TN,2007,38288.0,728483.0,5.255853602623534,7.886237644943471,84.0,41331458.0,7.81865888083531,7.886539903726771,3362582.0,42879972.0,0.016988887026325485,0.9638872432099536
TN,2008,43280.6,754292.0,5.737910517412355,8.982934294479643,84.0,40346823.0,8.876438142016815,8.971623795344078,3738895.0,41946552.0,0.017982216988895773,0.9618626818242415
TN,2009,54316.0,707249.0,7.679897744641561,9.36567722860897,84.0,38763956.0,9.26353491966161,9.352819229783531,3755443.0,40274908.0,0.017560536699425856,0.9624840359660164
TN,2010,61205.0,782532.0,7.821405386616777,9.259085288845812,84.0,43513146.0,9.189762879101544,9.257592044044726,4172362.0,45191027.0,0.017316092418081137,0.9628713682475063
TN,2011,56528.6,697672.0,8.102460755197285,10.009426917554286,84.0,41515161.0,9.90291676163622,10.010551758454513,4298018.0,43067861.0,0.016199364997486178,0.9639475942397047
TN,2012,55435.899999999994,662578.0,8.36669795857997,10.128811577421242,84.0,38288872.0,10.003308853551678,10.130598682005317,4015594.0,39753631.0,0.01666710645877857,0.963154082705049
TN,2013,59280.5,692560.0,8.559619383158138,10.005589219714034,84.0,39359698.0,9.893895560001132,10.0061454694514,4083088.0,40905924.0,0.016930555095149544,0.9622004382543712
TN,2014,60881.9,707368.0,8.606821343346038,10.355906448430511,84.0,40937977.0,10.269913441236051,10.35393135406188,4392023.0,42538248.0,0.016628987634845705,0.9623804205570479
TN,2015,56105.5,674488.0,8.31823546156492,10.335580220108717,84.0,40122627.0,10.254805605655811,10.332940395589747,4291880.0,41667411.0,0.016187422827878602,0.9629258462926819
TN,2016,58050.8,683715.0,8.490496771315534,10.450420226016004,84.0,40197773.0,10.36030645438566,10.444159483095873,4349574.0,41773888.0,0.01636704249314787,0.9622703302120215
TN,2017,58511.1,637545.0,9.177563936663294,10.75947347802871,84.0,37800056.0,10.670358872469887,10.748924659984976,4213506.0,39292528.0,0.016225604013058156,0.9620163915134196
TN,2018,63181.2,696545.0,9.070655880093891,10.74418242788013,84.0,42698912.0,10.691667582091712,10.732360724902858,4751657.0,44381957.0,0.015694328215405194,0.9620781706403798
TN,2019,59943.8,663004.0,9.041242586771723,10.915103796290813,84.0,40956425.0,10.872047311286922,10.901688823614903,4628861.0,42573183.0,0.015573277666365702,0.9620240281305722
TN,2020,63383.7,649997.0,9.751383467923699,10.7756870219676,84.0,40288195.0,10.760982172490186,10.77502180417646,4420255.0,41084911.0,0.015820820446708524,0.9806080631402609
TN,2021,66239.7,653141.0,10.141715188603992,11.083285131747525,84.0,42033541.0,11.091407352642701,11.0824017872108,4741606.0,42840442.0,0.015245897789756697,0.9811649702400362
TN,2022,71376.7,655568.0,10.887764503453495,12.267276297289584,84.0,42796844.0,12.314208967783467,12.26615140361744,5339495.0,43603987.0,0.015034588465499725,0.9814892385872879
TN,2023,82954.0,601872.0,13.782664752638436,12.168632618045686,84.0,40601801.0,12.202754683769962,12.168264529698437,5041363.0,41350567.0,0.01455535059531348,0.981892243460652
TN,2024,81664.7,636178.0,12.836768954600755,12.418110446877279,84.0,43041235.0,12.430191849921286,12.417852659069847,5445100.0,43827503.0,0.014515497266636432,0.9820599407636799
TX,2000,6719510.0,83246924.0,8.071781727334454,7.644464305996017,75.0,31511469.0,7.548934081787946,7.6832161522775095,9304786.0,116895281.0,0.7121495691515554,0.269570069299889
TX,2001,7648383.0,82787593.0,9.238561870013543,7.897017297168402,75.0,32400043.0,7.56787970665455,7.966159158876886,10399342.0,117342779.0,0.7055192803981573,0.27611450211180016
TX,2002,7089983.0,86165353.0,8.228345562513972,7.593846782224159,75.0,33453651.0,7.379370785781833,7.622249849920997,9778332.0,121435110.0,0.7095588170505219,0.2754858211928988
TX,2003,8067459.0,84973694.0,9.494066481327739,8.347503479469609,75.0,34526814.0,8.314078697234985,8.366647304982154,11111340.0,121354826.0,0.7002086097507156,0.28451125627257706
TX,2004,8535298.0,83763897.0,10.189709774367351,8.641825946621827,75.0,34723819.0,8.124536308809281,8.674113861508934,11707073.0,120329880.0,0.6961188442970274,0.28857187425101727
TX,2005,10079647.0,87221846.0,11.556333031520566,9.507135096971723,75.0,37386878.0,8.812908775797585,9.537661876808208,13831781.0,126561913.0,0.6891634610485068,0.2954038629299164
TX,2006,12200749.0,86115280.0,14.167925831513292,10.024794222138281,75.0,38640454.0,8.994871595916527,10.081391981622712,16307430.0,126843225.0,0.6789111519357853,0.30463159542025203
TX,2007,11377805.0,84244027.0,13.505770563413355,9.871636658128644,75.0,38499543.0,8.756008931019753,9.933685925725396,15418549.0,124921214.0,0.6743772678994298,0.30819059283237515
TX,2008,11969655.299999997,85499702.0,13.999645636191804,11.035104127890248,75.0,39951256.0,9.891155553039171,11.069810866685616,16712267.0,128240048.0,0.6667160792079554,0.3115349426569148
TX,2009,11574874.899999999,86308545.0,13.41104162977142,10.275217805464797,75.0,41208562.0,9.393034402842376,10.323271858592372,16074305.0,129814900.0,0.6648585408916851,0.3174409255023884
TX,2010,11180449.9,91540886.0,12.213613379271859,10.305701485351664,75.0,43232927.0,9.533933909929498,10.342101434532431,15905877.0,137161402.0,0.6673953799334889,0.31519747078700755
TX,2011,11133893.3,96764754.0,11.506145409102162,10.187145454760804,75.0,46351807.0,9.599743033227865,10.221456321378051,16141983.0,145654228.0,0.6643456584040939,0.3182317989423554
TX,2012,10483581.9,91964404.0,11.399608374561966,10.068146131446289,75.0,43059671.0,9.555298000822443,10.074817851627545,15087710.0,137411633.0,0.6692621431840491,0.3133626321142694
TX,2013,10972410.2,93380853.0,11.75017131188553,10.515082721977123,75.0,44450763.0,10.191056306456476,10.512978460064197,15926136.0,140272607.0,0.6657098274362292,0.3168884071570724
TX,2014,11374977.0,92704928.0,12.270088813401593,11.02563502536761,75.0,45681679.0,10.521156196401892,11.03146473028405,16715817.0,140899744.0,0.6579495843512675,0.32421406670547254
TX,2015,11555222.600000001,96874850.0,11.927990185275126,10.772395426237592,75.0,46276737.0,10.70856438570668,10.776644877065507,16838434.0,145651913.0,0.6651121018918578,0.317721450043708
TX,2016,10945546.299999999,97591760.0,11.215645972569813,10.57247430505474,75.0,45540961.0,10.619475865432978,10.571960926120672,16048319.0,145973181.0,0.668559521217805,0.3119816988848109
TX,2017,10633076.900000002,95943198.0,11.082679253614208,10.858908895293967,75.0,45815383.0,10.919022281039501,10.874463889668665,15886368.0,144242131.0,0.66515377535569,0.3176283009850985
TX,2018,11874132.999999998,103994285.0,11.418063021443917,10.745737814537208,75.0,50581973.0,10.917848547312346,10.760153783771177,17609632.0,157267913.0,0.6612555798333765,0.3216293268926383
TX,2019,12585738.7,102043540.0,12.333694715020666,10.641725649746125,75.0,50773177.0,10.71715569927853,10.673344517101569,18286991.0,155481342.0,0.6563073014895897,0.3265547900917912
TX,2020,12596462.8,102451507.0,12.295048817583524,10.585155272972495,75.0,51263590.0,10.721838616628556,10.587141271226654,18322011.0,156414819.0,0.6549987248970317,0.32774126088398314
TX,2021,12717787.500000002,100357031.0,12.672542594449613,11.041110862532232,75.0,51988863.0,10.766135884005761,11.04666850191455,18772300.0,155075136.0,0.6471510107203775,0.33524950769670775
TX,2022,15788813.8,110065327.0,14.344947887176133,12.706597927331892,75.0,57551134.0,12.072027500516944,12.716098562677743,23474681.0,170596460.0,0.6451794310386042,0.3373524515104241
TX,2023,16789389.1,108073664.0,15.535134535644135,12.564419243698019,75.0,57465670.0,12.457528938985073,12.56735790986348,24388838.0,168610875.0,0.6409649674138753,0.340818289449005
TX,2024,17115347.700000003,105471850.0,16.22740826106682,12.647480471435637,75.0,56492632.0,12.551259968556252,12.659917764490947,24652422.0,165051743.0,0.6390229396123372,0.34227225337450695
UT,2000,303806.0,4911697.0,6.18535711791668,6.424139285246761,17.0,1145850.0,6.505119080208048,6.606031056137154,409622.0,6513506.0,0.7540788325058732,0.17591908259545627
UT,2001,335486.0,5080081.0,6.603949818910368,6.842613195815643,17.0,1149137.0,6.9793632133719266,7.085427384924812,449767.0,6692983.0,0.7590159723997506,0.17169280125169897
UT,2002,346764.0,5250614.0,6.604256187942973,7.271528559346302,17.0,1201288.0,7.494035226197096,7.378070566820546,471282.0,6938291.0,0.7567589771025747,0.17313888967758775
UT,2003,360133.0,5407852.0,6.659446301415054,7.534063648877938,17.0,1261829.0,7.804854609957476,7.637008794152017,494434.0,7166407.0,0.7546113414993036,0.17607554245802673
UT,2004,390163.0,5530304.0,7.055000954739558,7.584388488594388,17.0,1288357.0,7.895968554865906,7.6988917518879445,528323.0,7324848.0,0.7550059741854029,0.17588856451355714
UT,2005,422809.0,5706611.0,7.409108488383034,7.706514725307616,17.0,1349819.0,8.028985786001423,7.841431141933971,568712.0,7567279.0,0.754116638226237,0.1783757411349575
UT,2006,458966.0,6139297.0,7.475872237489082,7.839894966788085,17.0,1529421.0,8.236651349784339,7.944176880883696,625218.0,8232050.0,0.7457798482759459,0.1857885945785072
UT,2007,539201.0,6560977.0,8.218303463036069,7.7879892101651595,17.0,1584825.0,8.215441270558753,7.961945977530963,713613.0,8751547.0,0.7496933970645419,0.18109084028229525
UT,2008,544803.0,6560579.0,8.304190834376051,7.9229283067456375,17.0,1609203.0,8.401864617058543,8.110027456542864,725308.0,8786278.0,0.7466846598753192,0.1831495657205474
UT,2009,556293.9,6495687.0,8.564050269047755,8.005978874395149,17.0,1608664.0,8.4786928051928,8.235377224571188,739909.0,8725274.0,0.7444679674242894,0.1843683075167611
UT,2010,576501.0,6549149.0,8.802685661908136,8.172743153198233,17.0,1644673.0,8.679782103327435,8.430519530817508,769145.0,8834230.0,0.7413378415549516,0.18617049816452594
UT,2011,602736.3,6650646.0,9.062823370842473,8.448361965037357,17.0,1653994.0,9.06875627199062,8.676870948283936,801966.0,8946741.0,0.743359621117902,0.18487111675636972
UT,2012,706176.5,6851903.0,10.306282794721408,8.726974162765098,17.0,1697821.0,9.369510863260139,8.805190186044433,912330.0,9188204.0,0.7457282184853536,0.18478268440709414
UT,2013,758356.8,6976758.0,10.86975927787663,8.852204234008443,17.0,1753988.0,9.506546470381382,8.912953618024025,974822.0,9401748.0,0.7420703043731868,0.18655977590550182
UT,2014,741005.9,6605139.0,11.218626890365215,8.981892517569726,17.0,1713601.0,9.668523688133511,9.048462702543091,954231.0,8963971.0,0.7368541241376171,0.1911653886430467
UT,2015,771468.8,6715838.0,11.487305083892734,9.041592980664715,17.0,1731446.0,9.708055836517044,9.19682330875124,992264.0,9117153.0,0.7366156957111502,0.18991081974822624
UT,2016,799402.7,6896347.0,11.59168324911725,9.216649736203443,17.0,1788689.0,9.72862614388717,9.42332624100687,1032342.0,9370656.0,0.7359513570874867,0.1908819403892321
UT,2017,799021.3,6971470.0,11.461302996355146,9.389142344527142,17.0,1822585.0,9.827964835656749,9.567178336029226,1041820.0,9510783.0,0.7330069459055054,0.1916335384794291
UT,2018,760721.8,7093140.0,10.72475377618375,9.452745683843164,17.0,1891150.0,9.858586597604885,9.57294717897628,1011446.0,9714507.0,0.7301595438656846,0.19467277135113495
UT,2019,762902.6,7154065.0,10.66390366875336,9.517134248309386,17.0,1867517.0,9.965953050160616,9.64968129309395,1013001.0,9739525.0,0.7345394154232368,0.1917462093890616
UT,2020,823432.9,7687775.0,10.710939120876978,9.511770170019524,17.0,2051882.0,10.025262328865288,9.511770170019524,1100682.0,10546793.0,0.7289206301858774,0.19455032444459658
UT,2021,854591.4,8021042.0,10.654368846341908,9.578712948776936,17.0,2108230.0,10.125185701704384,9.578712948776936,1142206.0,10950415.0,0.7324874902001431,0.19252512347705544
UT,2022,922879.8,8291943.0,11.129837723197085,9.730827651180004,17.0,2198257.0,10.316772553581432,9.730827651180004,1230161.0,11344265.0,0.7309369976812072,0.19377694368035303
UT,2023,933104.8,8282116.0,11.266502425225632,10.599568705823573,17.0,2177632.0,11.36806344340591,10.602935166434776,1268526.0,11328264.0,0.731101958782034,0.19222998334078373
UT,2024,1078494.4,8613735.0,12.520635937836488,10.951486638563358,17.0,2318351.0,11.678607924641378,10.951486638563358,1444461.0,11825248.0,0.728418972693004,0.19605094117265026
VA,2000,2323737.0,31209039.0,7.445717889615248,7.953200647919316,16.0,5577855.0,5.855078965872766,7.878481319705552,2822623.0,37541300.0,0.8313254735451356,0.14857916481315245
VA,2001,2335996.0,30822945.0,7.578756669747164,8.942873258859258,16.0,5731659.0,5.896145961044181,8.790816029931626,2907600.0,37325231.0,0.8257938175921805,0.15355990697016716
VA,2002,2544224.0,33395786.0,7.6183983212732285,8.74177661800105,16.0,6177051.0,5.8971272104515045,8.615863615061471,3144111.0,40358373.0,0.8274809789780178,0.1530550054631786
VA,2003,2548244.0,33710746.0,7.559144493568905,8.869265486481915,16.0,6353525.0,6.0792537746213124,8.731426549296915,3173954.0,40876706.0,0.8246933106596211,0.15543143324709188
VA,2004,2718282.0,34947328.0,7.778225562766917,9.121996487497688,16.0,6717718.0,6.048781946932748,8.988366566892537,3397449.0,42503395.0,0.8222243893693668,0.15805132742925596
VA,2005,2868614.0,36742507.0,7.807344229396214,9.942547583648127,16.0,7058885.0,6.966476939033077,9.803061672373376,3644951.0,44661839.0,0.8226823575267467,0.15805182137708212
VA,2006,2823687.0,35228629.0,8.01531901794986,10.781191105649604,16.0,6842231.0,8.11990181130247,10.65761450985317,3641809.0,42906018.0,0.8210649844038195,0.15947019366840334
VA,2007,3064478.0,37360821.0,8.20238398936683,11.36793172035481,16.0,7247255.0,8.584722058070362,11.22478939487651,3975897.0,45480519.0,0.821468660021228,0.1593485553671892
VA,2008,3333884.6,36484664.0,9.137769776364118,11.902692048471518,16.0,7251021.0,9.475240243225047,11.763448474122786,4288127.0,44596588.0,0.8181043805413992,0.1625913847938322
VA,2009,3761563.6999999997,36546978.0,10.292406939911693,12.158935152503542,16.0,7356321.0,9.70071735400117,12.001938646606071,4747648.0,44763019.0,0.8164547167830659,0.16433925066582306
VA,2010,3960844.9,38785485.0,10.212183501121617,11.499301477787247,16.0,8727711.0,9.85953339366927,11.402720036612731,5061603.0,48438958.0,0.8007084917062006,0.18017957776878685
VA,2011,3726619.9,35880772.0,10.386119618607983,11.62475329138384,16.0,8997963.0,10.37267927472953,11.574174358659107,4871349.0,45771144.0,0.783916871293407,0.1965859319574796
VA,2012,3737029.0,34079358.0,10.965667252299765,11.483534361773295,16.0,8626723.0,10.47057990117822,11.497246418383295,4822893.0,43534675.0,0.7828095190787573,0.1981575146707768
VA,2013,3812551.6,35501861.0,10.73901900522905,11.218526023947453,16.0,9034448.0,10.496205145240108,11.22537338926361,4924510.0,45416253.0,0.7816994722131745,0.19892543755205874
VA,2014,3958973.7,36273618.0,10.914195821326674,11.800650944506657,16.0,9260390.0,11.15921275754794,11.77594014803877,5155281.0,46443716.0,0.781023163607322,0.1993895148269359
VA,2015,3963575.0,35804935.0,11.069912569314816,12.491424755357619,16.0,9227142.0,11.412550047364455,12.438109987259015,5221259.0,45928411.0,0.7795814011505863,0.20090270486388045
VA,2016,3940555.1999999997,35173784.0,11.20310285637735,11.884956772712291,16.0,9148735.0,11.420103631065452,11.898983074921585,5131025.0,45186057.0,0.7784211842161842,0.20246809762577866
VA,2017,3936945.7,34236421.0,11.499291061995061,11.680733685560446,16.0,8912810.0,11.85610037459009,11.72208612419821,5078889.0,43982440.0,0.7784111340798737,0.2026447373087987
VA,2018,4312041.7,37287360.0,11.564352370347486,12.287325516092968,16.0,9741801.0,12.222695930288353,12.30202826557683,5624478.0,47962606.0,0.7774256469717262,0.2031124205386171
VA,2019,4312380.7,36366475.0,11.85812125040989,12.816014077003244,16.0,9422460.0,11.954414363215326,12.8130283696964,5632066.0,46666163.0,0.7792900179086932,0.2019120363506209
VA,2020,4309913.8,36081095.0,11.94507483766776,12.296526130045827,16.0,9158633.0,11.893078921589504,12.299458462320487,5542948.0,46088846.0,0.7828595881962417,0.1987169086420606
VA,2021,4325344.2,36154740.0,11.963422223476092,11.961028414634171,16.0,9587806.0,11.699997734781778,11.95949572590196,5579585.0,46634411.0,0.7752802967748429,0.20559509157304465
VA,2022,4830566.2,36196065.0,13.345556208941497,13.33791474138365,16.0,9633865.0,13.002044464425246,13.333360430444818,6233144.0,46717547.0,0.7747852214929007,0.2062151294030913
VA,2023,4730127.7,33182709.0,14.254796677390022,14.282065321576166,16.0,9071459.0,13.544071512494094,14.280917350358468,6145511.0,43095838.0,0.7699747943177251,0.21049501346278496
VA,2024,5093103.5,34918411.0,14.585725278277984,13.749968627230974,16.0,9482746.0,13.365902051067394,13.749968627230974,6524033.0,45272825.0,0.7712885378811682,0.2094577928370938
VT,2000,199677.0,1591032.0,12.550156125081081,11.330325558053834,2.0,203251.0,9.450813116502266,11.39846872182677,250503.0,2036934.0,0.7810915817596447,0.09978281083235883
VT,2001,203538.0,1567344.0,12.986172786573974,11.464194373401535,2.0,203320.0,9.470296037244113,11.54687496465404,254582.0,2009403.0,0.7800048073980183,0.10118428209771758
VT,2002,208297.0,1594204.0,13.065893699927988,11.60082397834886,2.0,207287.0,9.485346286088522,11.760793965719134,261528.0,2046818.0,0.7788694451582896,0.10127280490986497
VT,2003,201487.0,1539955.0,13.083953751895347,11.938630218309825,2.0,215611.0,9.530276825787558,11.95904410797694,257866.0,2011389.0,0.765617690063931,0.1071950776304335
VT,2004,202852.0,1549246.0,13.093595206958739,12.511612683529991,2.0,302471.0,10.211362485045107,12.524453456326484,273020.0,2109494.0,0.7344159310242172,0.14338557018886994
VT,2005,206877.0,1587642.0,13.03045648830152,12.674082046199006,2.0,341003.0,10.225066890509417,12.78775102038779,283731.0,2188639.0,0.7254014938050541,0.15580595977682934
VT,2006,202601.0,1550697.0,13.06515715191298,14.61968140128267,2.0,333523.0,12.2014634735006,14.246711972140513,286876.0,2142237.0,0.7238680874245007,0.1556891230988915
VT,2007,220408.0,1590361.0,13.85899176350527,15.749698748745441,2.0,317841.0,13.7341234371724,14.935480808237742,306927.0,2169646.0,0.7330048312028783,0.14649440507806344
VT,2008,223444.0,1567422.0,14.255510003049594,15.884939823508235,2.0,308343.0,14.048057050714268,15.08618115974032,308843.0,2133497.0,0.7346726993288484,0.14452469349617084
VT,2009,225601.0,1558646.0,14.474165397402617,17.167456199714266,2.0,305877.0,14.93655207870814,16.06910377107223,316099.0,2121828.0,0.7345769779642837,0.14415730209988745
VT,2010,237741.2,1560233.0,15.237544648780021,17.640204027824343,2.0,307213.0,15.58188397338625,16.49617228757341,331390.0,2127935.0,0.7332145953706293,0.14437142111953608
VT,2011,248071.9,1558194.0,15.920475884260881,17.957810897163654,2.0,306098.0,15.690487091888846,17.207485269423437,345525.0,2124533.0,0.733428946502596,0.1440777808581933
VT,2012,259909.0,1538034.0,16.8987811712875,17.913951705634343,2.0,302644.0,15.579232441292806,17.351758715664236,356325.0,2095283.0,0.7340459498788469,0.14444063164737173
VT,2013,265867.0,1556518.0,17.080881814408826,17.912567632042737,2.0,308101.0,15.798505720289516,17.328280607856257,364245.0,2125435.0,0.7323291467393733,0.14495903191581958
VT,2014,270645.0,1551471.0,17.44441243181471,18.31712195791579,2.0,305958.0,15.722796439850702,17.619355668470444,370673.0,2121347.0,0.7313612530151833,0.14422817200580573
VT,2015,257370.0,1521795.0,16.912264792564045,18.275126913573747,2.0,303947.0,15.637054109891684,17.65309551955126,356986.0,2088940.0,0.7285010579528374,0.14550298237383552
VT,2016,257951.0,1493928.0,17.266628646092716,18.29808721241306,2.0,299040.0,15.735840804723376,17.67803586085846,357128.0,2056402.0,0.7264766324872277,0.14541903771733347
VT,2017,258219.0,1466486.0,17.608009895764432,18.32902594257339,2.0,295229.0,15.847432137754716,17.864039269402593,357641.0,2023424.0,0.7247546732667004,0.14590565299215588
VT,2018,276812.0,1531308.0,18.07683366115765,18.196004069333192,2.0,310616.0,15.711801859342845,18.007588229393473,381309.0,2116045.0,0.7236651394464674,0.14679082911752822
VT,2019,265161.0,1501956.0,17.654378690187993,18.19561335556635,2.0,304652.0,15.754920217621498,17.85279168053009,368721.0,2081545.0,0.7215582656152041,0.14635859421727612
VT,2020,310922.0,1554517.0,20.00119651312916,18.485587314224226,2.0,321557.0,15.652960138375658,19.30335892986,421376.0,2157001.0,0.7206844132200216,0.14907596241262752
VT,2021,306889.0,1567112.0,19.583092976124234,18.662081007105286,2.0,321873.0,16.236542204322244,19.550845056878575,418734.0,2174489.0,0.72068058288637,0.14802236295515867
VT,2022,319345.0,1567812.0,20.368832487568664,19.15940745115409,2.0,325104.0,17.21024958252471,20.024442957855197,435861.0,2186667.0,0.7169870858251394,0.1486755870921361
VT,2023,327241.0,1556800.0,21.02010534429599,20.484661803448518,2.0,325299.0,17.9737580931645,21.683274276468055,453095.0,2176314.0,0.7153379521521251,0.14947245663998854
VT,2024,352142.0,1594099.0,22.090346960885114,22.071487504646658,2.0,330883.0,18.88431865175534,22.071487504646658,488488.0,2230155.0,0.7147929179810372,0.14836771435169305
WA,2000,786378.0,13580993.0,5.790283523450753,4.646738468893104,34.0,18772027.0,4.596534616563468,4.670742956038835,1695061.0,33035778.0,0.4110995357820845,0.5682332348885503
WA,2001,747993.0,13120724.0,5.700851568861596,5.696451058714387,34.0,17841828.0,5.721212047670339,5.698904252638248,1801592.0,31608471.0,0.4151015087063212,0.5644634946119349
WA,2002,818389.0,13456713.0,6.081641185332555,6.444356760951505,34.0,17983874.0,6.492520104707718,6.445406497101125,2017833.0,32065997.0,0.4196567784871931,0.5608393838495026
WA,2003,822123.0,13701571.0,6.0002097569687445,6.550514601300063,34.0,17510838.0,6.590941812571996,6.540828019028259,2010273.0,31872045.0,0.4298930614587172,0.5494105571198836
WA,2004,840979.0,13833338.0,6.079364214190386,6.596186172572108,34.0,17972916.0,6.636256410687189,6.593578852310553,2068792.0,32454682.0,0.4262355120287421,0.5537849978009336
WA,2005,918059.0,14257620.0,6.43907608703276,6.623836370357905,34.0,18291258.0,6.659334987819708,6.622785620591796,2173380.0,33212197.0,0.42928867367611967,0.5507391757311327
WA,2006,1041250.0,14682004.0,7.092015504150523,6.615586667741578,34.0,19065127.0,6.623814602369355,6.623809680237365,2349887.0,34438565.0,0.4263244998739059,0.5535981827349659
WA,2007,1225883.0,15015886.0,8.163907211336047,6.582560734159746,34.0,19651091.0,6.568454872175461,6.59594098884238,2569667.0,35388779.0,0.42431206795803833,0.5552915798536028
WA,2008,1352718.0,15263934.0,8.862184545609278,6.570741885261914,34.0,20336177.0,6.555577349205649,6.588034982870326,2740943.0,36335847.0,0.4200792126849279,0.5596725734781963
WA,2009,1397162.5,15389453.0,9.078701497707552,6.6464589723162035,34.0,20618054.0,6.626057250302051,6.666424191903701,2821815.0,36768184.0,0.41855352442753224,0.5607580183998209
WA,2010,1388251.4,14668901.0,9.463908714088397,6.981049471767864,34.0,19529482.0,6.958347186513539,7.003350870453021,2805591.0,34906926.0,0.42022895399039145,0.5594729825250152
WA,2011,1488056.9,15180329.0,9.802533924001251,7.162410236539743,34.0,20447769.0,7.14854346887615,7.182721550585414,3010493.0,36376143.0,0.41731551913021675,0.5621203160543986
WA,2012,1469887.7,14909055.0,9.859026611679948,7.545572221189303,34.0,19873565.0,7.537693959405033,7.55699121173178,3028281.0,35510961.0,0.4198437490891897,0.5596459357999352
WA,2013,1476518.0999999999,14935063.0,9.886252907001463,7.820099006311425,34.0,20162957.0,7.823260519138999,7.847755004516829,3129362.0,35983486.0,0.4150532552627058,0.5603391789222423
WA,2014,1366662.5,14449845.0,9.45797342462843,8.07839364993331,34.0,19696927.0,8.083825227899434,8.110046522489471,3040586.0,35082958.0,0.41187647290174334,0.5614386050343874
WA,2015,1424521.3,14131985.0,10.080121794638192,8.367672474996082,34.0,19050515.0,8.345390308278446,8.390766092537266,3098110.0,34071987.0,0.41476844306145105,0.5591254481283995
WA,2016,1507219.3,14201572.0,10.613045513553008,8.65317511318474,34.0,19106374.0,8.648470504077409,8.680181704432629,3244682.0,34211748.0,0.4151080500183738,0.558474065692288
WA,2017,1646613.4000000001,15244497.0,10.801362616293606,8.83776232856568,34.0,21039836.0,8.848468535483867,8.863784707178628,3600615.0,37282901.0,0.40888709277209945,0.5643293691121299
WA,2018,1528246.1,14461483.0,10.56769973038035,9.147920347218015,34.0,19938136.0,9.164542357964203,9.176757663580453,3446381.0,35338978.0,0.40922187959142453,0.5641967348348331
WA,2019,1533323.0,14945514.0,10.259419649267333,9.292069746360752,34.0,20588257.0,9.290365093013595,9.329710091033498,3544716.0,36512424.0,0.4093268088692222,0.5638699035703573
WA,2020,1569181.8,15103319.0,10.389648791765573,9.476786397529759,34.0,20767522.0,9.488355082549553,9.495336045376288,3639303.0,36858798.0,0.4097615717148454,0.5634345970804583
WA,2021,1727712.3,15763988.0,10.959868150115314,9.462957894756178,34.0,21232581.0,9.53645027045959,9.483532870982176,3843746.0,38021233.0,0.41461012061339514,0.5584400958275078
WA,2022,1823896.9,16254732.0,11.220713451319899,9.53605469878727,34.0,22449931.0,9.553846680994926,9.56135201023884,4079234.0,39775849.0,0.4086583293294381,0.5644111078559253
WA,2023,1975035.3,15670589.0,12.603452875957629,9.841390227946642,34.0,22196993.0,9.871227956359881,9.863819421470861,4276679.0,38940142.0,0.4024276285381805,0.5700285581906712
WA,2024,2173081.2,15745699.0,13.801109750669058,10.533826857431656,34.0,21846147.0,10.583970931878252,10.558842513810534,4595906.0,38626766.0,0.40763699969083617,0.5655701800145526
WI,2000,1216020.0,15890686.0,7.652407202558782,6.80900139214953,53.0,2553605.0,5.956857064211111,7.071258058677397,1501604.0,19929345.0,0.7973511422477758,0.12813291154325443
WI,2001,1308295.0,16261150.0,8.04552568545275,7.074198468167535,53.0,2626658.0,6.23630263252303,7.307056548278474,1612031.0,20417899.0,0.7964164187510184,0.12864487183524612
WI,2002,1432413.0,17226069.0,8.315379440312238,7.3799495012240754,53.0,2760859.0,6.433681882041033,7.638260116220947,1764624.0,21575371.0,0.7984135707330363,0.12796345425531733
WI,2003,1501964.0,16968570.0,8.851447116639765,7.798050811441579,53.0,2776540.0,6.72826922593262,7.99274633819072,1853291.0,21364143.0,0.7942546536970849,0.12996262007795023
WI,2004,1554806.0,16804638.0,9.252243339011528,8.18476072445964,53.0,2772494.0,7.080357513634139,8.371722960183806,1922131.0,21192325.0,0.7929586772569787,0.13082538135858146
WI,2005,1754827.0,17804467.0,9.85610521224814,8.8590517380499,53.0,2943385.0,7.986907503012791,8.931904277926638,2170508.0,22458357.0,0.7927769159605041,0.13105967636011842
WI,2006,1848433.0,17179704.0,10.759399579876346,9.369133769970949,53.0,2910728.0,8.322448363105753,9.573034616558589,2288770.0,21779468.0,0.788802738432362,0.13364550502335504
WI,2007,1948718.0,17630451.0,11.053137551614533,9.94409377577814,53.0,3005211.0,8.958806251881505,10.166989312119053,2430999.0,22374048.0,0.7879866441691732,0.13431682098831646
WI,2008,2022260.2,17251561.0,11.72218676327319,10.546029393007183,53.0,2987037.0,9.539591448592901,10.739446867370297,2529650.0,21976106.0,0.785014460705641,0.13592203277505124
WI,2009,2028061.9,16790273.0,12.078790499713731,11.176749479775525,53.0,2917010.0,10.07557617284402,11.41475546625919,2556653.0,21421045.0,0.7838213775285006,0.13617496251933553
WI,2010,2253161.2,17590965.0,12.808627610821807,11.911365463336175,53.0,2994273.0,10.745766925272154,12.05174738262149,2820621.0,22299493.0,0.788850446061711,0.1342753846466375
WI,2011,2302483.1,17449381.0,13.195213629641076,12.24297504474024,53.0,2981656.0,11.175350594570792,12.3821204282043,2884512.0,22149941.0,0.7877845363109545,0.1346123675905051
WI,2012,2319992.1,17431088.0,13.309508276247586,12.532783271162623,53.0,2932517.0,11.465507524004277,12.816465581376004,2905404.0,22026353.0,0.7913742234131996,0.1331367476041086
WI,2013,2391375.9,17350163.0,13.783016908832499,12.472339570173704,53.0,2999863.0,11.546431549070771,12.76900376861968,2993098.0,22095922.0,0.7852201415265677,0.13576545934584672
WI,2014,2382117.2,17123833.0,13.911121417733987,12.633330914272896,53.0,3031480.0,11.715644960326525,12.85465042752341,2996152.0,21925712.0,0.7809932466503254,0.1382614165505777
WI,2015,2396891.6,16631756.0,14.411536580983993,12.812914179365439,53.0,2902577.0,11.842768892385164,13.111013257718412,2994383.0,21214787.0,0.7839699733963862,0.13681857847547563
WI,2016,2464816.6,17198755.0,14.331366427395473,12.778069349626866,53.0,2938098.0,11.718880607076136,13.173553304132948,3069410.0,21814249.0,0.7884183865325824,0.13468710291149605
WI,2017,2437162.0,16662226.0,14.626869183025127,13.004197872113101,53.0,2901470.0,11.851716365177136,13.418248554625453,3045972.0,21233154.0,0.7847268474575185,0.13664809288342183
WI,2018,2518200.0,17624689.0,14.287911690243158,12.674361256326193,53.0,3069776.0,11.347765869015621,13.129197854828071,3146091.0,22441335.0,0.7853672252564297,0.13679114901141132
WI,2019,2494977.8000000003,17266718.0,14.449635420002807,12.676182282843701,53.0,3008248.0,11.195332544563303,13.175188563651044,3117985.0,21995360.0,0.7850163852739851,0.13676739094063475
WI,2020,2639269.0999999996,18031843.0,14.636712952746981,12.617986755826788,53.0,3080600.0,11.150021002060432,12.640795259643834,3271758.0,22846734.0,0.7892525469942443,0.13483765338187945
WI,2021,2676375.5,18004596.0,14.864957258691058,12.85478883219176,53.0,3095003.0,11.644489240041493,12.896526222937291,3320221.0,22864047.0,0.7874632168137163,0.13536549325672748
WI,2022,2886618.7,17948628.0,16.082670497154435,13.631741641194543,53.0,3127929.0,12.585247971145177,13.650379262594075,3575870.0,22887928.0,0.7841962802399588,0.1366628294181981
WI,2023,3062271.2,17388246.0,17.611156409910468,13.730130061907197,53.0,3081225.0,12.3662354407216,13.751515835144879,3749633.0,22218861.0,0.7825894405658328,0.1386761004535741
WI,2024,3091502.8,17307803.0,17.861901940991583,14.063236726721213,53.0,3023085.0,12.369233703266316,14.102297042656945,3783445.0,22016559.0,0.78612661497194,0.13730960410298448
WV,2000,602570.0,9643036.0,6.248758171181773,,,,,7.927813835681495,610082.0,9737791.0,0.9902693536963363,
WV,2001,607676.0,9729312.0,6.245827043063271,,,,,7.92268479184367,615509.0,9828180.0,0.98994035518275,
WV,2002,642830.0,10341921.0,6.215769778167905,,,,,8.142822205918318,651154.0,10444146.0,0.9902122203194019,
WV,2003,644913.0,10369160.0,6.2195298365537806,,,,,8.251793868232223,653515.0,10473404.0,0.9900467889904753,
WV,2004,660292.0,10647151.0,6.2015838791053115,,,,,8.86973638219982,669935.0,10755869.0,0.9898922160543234,
WV,2005,696275.0,11271742.0,6.177172969360015,,,,,9.05670757136139,706482.0,11384443.0,0.9901004379397393,
WV,2006,689074.0,10903494.0,6.319754016464814,,,,,9.514622624499658,699628.0,11014418.0,0.9899292000721236,
WV,2007,779855.0,11632577.0,6.7040605018131405,,,,,9.462619824728225,790901.0,11749310.0,0.9900646931607048,
WV,2008,818030.0,11641855.0,7.026629347299035,,,,,10.484058067082062,830683.0,11762543.0,0.9897396336829545,
WV,2009,901471.0,11473661.0,7.856873233399522,,,,,12.557001543426408,915790.0,11587693.0,0.9901592146081192,
WV,2010,1078332.0,12322364.0,8.751015633039245,,,,,13.177950240810521,1094174.0,12442583.0,0.9903380994123165,
WV,2011,1090415.6,11660322.0,9.351505044200325,,,,,14.709014435680249,1103040.0,11746151.0,0.9926930106721767,
WV,2012,1090084.3,11112265.0,9.80973995850531,,,,,17.58078231292517,1102691.0,11194679.0,0.9926381095875996,
WV,2013,1089911.4000000001,11494224.0,9.482252999419535,,,,,17.168176447420244,1103102.0,11581825.0,0.9924363388326106,
WV,2014,1105136.6,11900680.0,9.28633153735753,,,,,17.14674970805761,1119698.0,11990728.0,0.9924901974258777,
WV,2015,1139107.3,11339371.0,10.045595121634172,,,,,17.031688728439633,1153344.0,11437451.0,0.9914246627154949,
WV,2016,1288009.1,11288290.0,11.410134750258898,,,,,16.678997122893545,1301903.0,11375581.0,0.9923264578749867,
WV,2017,1216149.7,10489632.0,11.593826170450974,,,,,17.019271948608136,1229699.0,10573463.0,0.992071566335457,
WV,2018,1291022.9000000001,11584880.0,11.144033429780889,,,,,16.985743380855396,1306097.0,11679455.0,0.9919024475029015,
WV,2019,1240744.4000000001,11066016.0,11.212205006752205,,,,,15.843262273086934,1254560.0,11153219.0,0.9921813603767665,
WV,2020,1270901.0,10792562.0,11.775711828201683,,,,,,1283976.0,10877499.0,0.9921914954899099,
WV,2021,1329316.7999999998,10962739.0,12.125772582928407,,,,,,1343207.0,11050705.0,0.9920397838870914,
WV,2022,1459045.6999999997,11048187.0,13.206200257110057,,,,,,1473398.0,11136970.0,0.9920280830423356,
WV,2023,1424565.9,10149066.0,14.036423647259758,,,,,,1437864.0,10233824.0,0.991717856394638,
WV,2024,1594431.1,10585187.0,15.062852455984011,,,,,,1609064.0,10674503.0,0.9916327720363187,
WY,2000,77588.0,1200674.0,6.462037155797494,6.313679352148283,7.0,640023.0,7.157095918283177,6.541051917264137,136579.0,2102532.0,0.5710609874189786,0.30440583068414656
WY,2001,83218.0,1210563.0,6.874322112934229,6.235580639480918,7.0,670106.0,6.467767315233409,6.639471469107532,145295.0,2145532.0,0.5642250966193932,0.312326266865281
WY,2002,90209.0,1244174.0,7.250513191884736,6.180233340057831,7.0,713808.0,6.465102074376865,6.617373958998534,155596.0,2232285.0,0.5573544596680083,0.319765621325234
WY,2003,94394.0,1298934.0,7.267035892508781,6.226969277263702,7.0,706122.0,6.580606355045054,6.7410335805815444,160946.0,2286201.0,0.5681626418674474,0.3088626065687138
WY,2004,93111.0,1255726.0,7.414913763034292,6.405572994959767,7.0,723776.0,6.613600969025783,6.95893400974865,163124.0,2261814.0,0.5551853512269356,0.3199980192889424
WY,2005,102737.0,1334380.0,7.699231103583687,6.501614782753454,7.0,750875.0,6.660588777814293,7.193096592435652,177700.0,2376532.0,0.5614820250684611,0.3159540877210995
WY,2006,110763.0,1368391.0,8.094396996180185,6.5529252612443205,7.0,799826.0,6.83719370240303,7.31330442437956,191176.0,2467935.0,0.5544680066533357,0.3240871416791771
WY,2007,113428.0,1433947.0,7.910194728257042,6.782297175386373,7.0,843549.0,6.904198698994677,7.555181786470404,200930.0,2592119.0,0.5531948957590296,0.32542834646094565
WY,2008,126422.0,1493613.0,8.464173785311187,7.071075310017343,7.0,903014.0,7.519392386093679,7.909912071909702,223326.0,2718705.0,0.5493839898039692,0.33214857809140746
WY,2009,128524.70000000001,1467885.0,8.755774464620867,7.479406476656375,7.0,930511.0,8.256809034426166,8.36992135911393,233286.0,2719524.0,0.5397580606017818,0.34215951026723795
WY,2010,131272.09999999998,1479652.0,8.87182256368389,7.690858190028255,7.0,926578.0,8.94472836657716,8.651042965045862,239198.0,2727201.0,0.5425533358193987,0.3397542022021846
WY,2011,142201.4,1506829.0,9.437129229660432,7.700800942627117,7.0,964114.0,8.943823855582728,8.724605427746186,255263.0,2802726.0,0.5376297932798283,0.34399152824785584
WY,2012,153101.2,1476412.0,10.36981547156214,8.127172413190806,7.0,916032.0,9.08522777401994,8.913660266601443,267506.0,2716528.0,0.5434922813238074,0.33720690528498143
WY,2013,166605.19999999998,1527366.0,10.908007641914248,8.21149579984113,7.0,971868.0,9.253404840872204,8.96207040707179,287380.0,2829496.0,0.5398014346017806,0.34347742495483297
WY,2014,165304.9,1462574.0,11.30232726685966,8.503273432103347,7.0,969930.0,9.677668593584277,9.255261638367491,288879.0,2752313.0,0.5313981367671482,0.3524054131924676
WY,2015,168318.1,1411423.0,11.925418531510399,8.73518932495075,7.0,941635.0,10.31651723020417,9.567187059608022,293517.0,2676702.0,0.527299266037086,0.35178925408954753
WY,2016,174150.5,1446423.0,12.040080944509317,9.022038750779203,7.0,976961.0,11.115462240563906,9.813713710800599,306298.0,2751073.0,0.5257668553324466,0.35511998409347917
WY,2017,175928.5,1455887.0,12.08393920682031,9.527885295179772,7.0,983045.0,11.383524326956733,10.273316441134323,315284.0,2772371.0,0.5251414763752759,0.35458638111565877
WY,2018,166839.7,1408841.0,11.84233706997454,9.65398481138266,7.0,999696.0,11.317895112220564,10.382416165615185,310226.0,2748356.0,0.5126122671153227,0.36374327052245053
WY,2019,172401.0,1469337.0,11.733251119382416,9.554990719410632,7.0,1045731.0,11.277420656654463,10.58101896972626,318423.0,2849378.0,0.5156693846867633,0.3670032547454216
WY,2020,169671.1,1461265.0,11.611247788730997,9.535334174765682,7.0,1086243.0,11.285840460136576,9.535334174765682,319940.0,2879528.0,0.5074668487335424,0.37722953206219906
WY,2021,174914.3,1502765.0,11.639497858946674,9.607938441192179,7.0,1061619.0,10.628244471850174,9.607938441192179,323702.0,2897498.0,0.5186422906935569,0.36639162477420173
WY,2022,175615.3,1518209.0,11.567267747721163,9.54452523956761,7.0,1147484.0,11.572807695252413,9.54452523956761,333636.0,3008680.0,0.5046096627092279,0.3813911748673837
WY,2023,179177.0,1484089.0,12.07319776644123,9.733418997464542,7.0,1131551.0,12.164688668509186,9.733418997464542,337897.0,2947863.0,0.5034457164393324,0.38385467709998733
WY,2024,208796.7,1499191.0,13.927291452523393,9.713756472882215,7.0,1138017.0,12.620418055134808,9.713756472882215,370054.0,2968051.0,0.5051095820118994,0.3834223198994896
